#include "lvgl.h"
static const uint8_t map_pixels[] LV_ATTRIBUTE_MEM_ALIGN = {
0xc4, 0x00, 0xc4, 0x00, 0xc4, 0x00, 0xc4, 0x00, 0xc4, 0x00, 0xc4, 0x00, 0xc4, 0x00, 0xc4, 0x00, 0xc4, 0x00, 0xc4, 0x00, 0xc4, 0x00, 0xc4, 0x00,
0xc4, 0x00, 0xc4, 0x00, 0xc4, 0x00, 0xc4, 0x00, 0xc4, 0x00, 0xc4, 0x00, 0xc4, 0x00, 0xc4, 0x00, 0xc4, 0x00, 0xc4, 0x00, 0xc4, 0x00, 0xc4, 0x00,
0xc4, 0x00, 0xc4, 0x00, 0xc4, 0x00, 0xc4, 0x00, 0xc4, 0x00, 0xc4, 0x00, 0xc4, 0x00, 0xc4, 0x00, 0xc4, 0x00, 0xc4, 0x00, 0xc4, 0x00, 0xc4, 0x00,
0xc4, 0x00, 0xc4, 0x00, 0xc4, 0x00, 0xc4, 0x00, 0xc4, 0x00, 0xc4, 0x00, 0xc4, 0x00, 0xc4, 0x00, 0xc4, 0x00, 0xc4, 0x00, 0xc4, 0x00, 0xc4, 0x00,
0xc4, 0x00, 0xc4, 0x00, 0xc4, 0x00, 0xc4, 0x00, 0xc4, 0x00, 0xc4, 0x00, 0xc4, 0x00, 0xc4, 0x00, 0xc4, 0x00, 0xc4, 0x00, 0xc4, 0x00, 0xc4, 0x00,
0xc4, 0x00, 0xc4, 0x00, 0xc4, 0x00, 0xc4, 0x00, 0xc4, 0x00, 0xc4, 0x00, 0xc4, 0x00, 0xc4, 0x00, 0xc4, 0x00, 0xc4, 0x00, 0xc4, 0x00, 0xc4, 0x00,
0xc4, 0x00, 0xc4, 0x00, 0xc4, 0x00, 0xc4, 0x00, 0xc4, 0x00, 0xc4, 0x00, 0xc4, 0x00, 0xc4, 0x00, 0xc4, 0x00, 0xc4, 0x00, 0xc4, 0x00, 0xc4, 0x00,
0xc4, 0x00, 0xc4, 0x00, 0xc4, 0x00, 0xc4, 0x00, 0xc4, 0x00, 0xc4, 0x00, 0xc4, 0x00, 0xc4, 0x00, 0xc4, 0x00, 0xc4, 0x00, 0xc4, 0x00, 0xc4, 0x00,
0xc4, 0x00, 0xc4, 0x00, 0xc4, 0x00, 0xc4, 0x00, 0xc4, 0x00, 0xc4, 0x00, 0xc4, 0x00, 0xc4, 0x00, 0xc4, 0x00, 0xc4, 0x00, 0xc4, 0x00, 0xc4, 0x00,
0xc4, 0x00, 0xc4, 0x00, 0xc4, 0x00, 0xc4, 0x00, 0xc4, 0x00, 0xc4, 0x00, 0xc4, 0x00, 0xc4, 0x00, 0xc4, 0x00, 0xc4, 0x00, 0xc4, 0x00, 0xc4, 0x00,
0xc4, 0x00, 0xc4, 0x00, 0xc4, 0x00, 0xc4, 0x00, 0xc4, 0x00, 0xc4, 0x00, 0xc4, 0x00, 0xc4, 0x00, 0xc4, 0x00, 0xc4, 0x00, 0xc4, 0x00, 0xc4, 0x00,
0xc4, 0x00, 0xc4, 0x00, 0xc4, 0x00, 0xc4, 0x00, 0xc4, 0x00, 0xc4, 0x00, 0xc4, 0x00, 0xc4, 0x00, 0xc4, 0x00, 0xc4, 0x00, 0xc4, 0x00, 0xc4, 0x00,
0xc4, 0x00, 0xc4, 0x00, 0xc4, 0x00, 0xc4, 0x00, 0xc4, 0x00, 0xc4, 0x00, 0xc4, 0x00, 0xc4, 0x00, 0xc4, 0x00, 0xc4, 0x00, 0xc4, 0x00, 0xc4, 0x00,
0xc4, 0x00, 0xc4, 0x00, 0xc4, 0x00, 0xc4, 0x00, 0xc4, 0x00, 0xc4, 0x00, 0xc4, 0x00, 0xc4, 0x00, 0xc4, 0x00, 0xc4, 0x00, 0xc4, 0x00, 0xc4, 0x00,
0xc4, 0x00, 0xc4, 0x00, 0xc4, 0x00, 0xc4, 0x00, 0xc4, 0x00, 0xc4, 0x00, 0xc4, 0x00, 0xc4, 0x00, 0xc4, 0x00, 0xc4, 0x00, 0xc4, 0x00, 0xc4, 0x00,
0xc4, 0x00, 0xc4, 0x00, 0xc4, 0x00, 0xc4, 0x00, 0xc4, 0x00, 0xc4, 0x00, 0xc4, 0x00, 0xc4, 0x00, 0xc4, 0x00, 0xc4, 0x00, 0xc4, 0x00, 0xc4, 0x00,
0xc4, 0x00, 0xc4, 0x00, 0xc4, 0x00, 0xc4, 0x00, 0xc4, 0x00, 0xc4, 0x00, 0xc4, 0x00, 0xc4, 0x00, 0xc4, 0x00, 0xc4, 0x00, 0xc4, 0x00, 0xc4, 0x00,
0xc4, 0x00, 0xc4, 0x00, 0xc4, 0x00, 0xc4, 0x00, 0xc4, 0x00, 0xc4, 0x00, 0xc4, 0x00, 0xc4, 0x00, 0xc4, 0x00, 0xc4, 0x00, 0xc4, 0x00, 0xc4, 0x00,
0xc4, 0x00, 0xc4, 0x00, 0xc4, 0x00, 0xc4, 0x00, 0xc4, 0x00, 0xc4, 0x00, 0xc4, 0x00, 0xc4, 0x00, 0xc4, 0x00, 0xc4, 0x00, 0xc4, 0x00, 0xc4, 0x00,
0xc4, 0x00, 0xc4, 0x00, 0xc4, 0x00, 0xc4, 0x00, 0xc4, 0x00, 0xc4, 0x00, 0xc4, 0x00, 0xc4, 0x00, 0xc4, 0x00, 0xc4, 0x00, 0xc4, 0x00, 0xc4, 0x00,
0xc4, 0x00, 0xc4, 0x00, 0xc4, 0x00, 0xc4, 0x00, 0xc4, 0x00, 0xc4, 0x00, 0xc4, 0x00, 0xc4, 0x00, 0xc4, 0x00, 0xc4, 0x00, 0xc4, 0x00, 0xc4, 0x00,
0xc4, 0x00, 0xc4, 0x00, 0xc4, 0x00, 0xc4, 0x00, 0xc4, 0x00, 0xc4, 0x00, 0xc4, 0x00, 0xc4, 0x00, 0xc4, 0x00, 0xc4, 0x00, 0xc4, 0x00, 0xc4, 0x00,
0xc4, 0x00, 0xc4, 0x00, 0xc4, 0x00, 0xc4, 0x00, 0xc4, 0x00, 0xc4, 0x00, 0xc4, 0x00, 0xc4, 0x00, 0xc4, 0x00, 0xc4, 0x00, 0xc4, 0x00, 0xc4, 0x00,
0xc4, 0x00, 0xc4, 0x00, 0xc4, 0x00, 0xc4, 0x00, 0xc4, 0x00, 0xc4, 0x00, 0xc4, 0x00, 0xc4, 0x00, 0xc4, 0x00, 0xc4, 0x00, 0xc4, 0x00, 0xc4, 0x00,
0xc4, 0x00, 0xc4, 0x00, 0xc4, 0x00, 0xc4, 0x00, 0xc4, 0x00, 0xc4, 0x00, 0xc4, 0x00, 0xc4, 0x00, 0xc4, 0x00, 0xc4, 0x00, 0xc4, 0x00, 0xc4, 0x00,
0xc4, 0x00, 0xc4, 0x00, 0xc4, 0x00, 0xc4, 0x00, 0xc4, 0x00, 0xc4, 0x00, 0xc4, 0x00, 0xc4, 0x00, 0xc4, 0x00, 0xc4, 0x00, 0xc4, 0x00, 0xc4, 0x00,
0xc4, 0x00, 0xc4, 0x00, 0xc4, 0x00, 0xc4, 0x00, 0xc4, 0x00, 0xc4, 0x00, 0xc4, 0x00, 0xc4, 0x00, 0xc4, 0x00, 0xc4, 0x00, 0xc4, 0x00, 0xc4, 0x00,
0xc4, 0x00, 0xc4, 0x00, 0xc4, 0x00, 0xc4, 0x00, 0xc4, 0x00, 0xc4, 0x00, 0xc4, 0x00, 0xc4, 0x00, 0xc4, 0x00, 0xc4, 0x00, 0xc4, 0x00, 0xc4, 0x00,
0xc4, 0x00, 0xc4, 0x00, 0xc4, 0x00, 0xc4, 0x00, 0xc4, 0x00, 0xc4, 0x00, 0xc4, 0x00, 0xc4, 0x00, 0xc4, 0x00, 0xc4, 0x00, 0xc4, 0x00, 0xc4, 0x00,
0xc4, 0x00, 0xc4, 0x00, 0xc4, 0x00, 0xc4, 0x00, 0xc4, 0x00, 0xc4, 0x00, 0xc4, 0x00, 0xc4, 0x00, 0xc4, 0x00, 0xc4, 0x00, 0xc4, 0x00, 0xc4, 0x00,
0xc4, 0x00, 0xc4, 0x00, 0xc4, 0x00, 0xc4, 0x00, 0xc4, 0x00, 0xc4, 0x00, 0xc4, 0x00, 0xc4, 0x00, 0xc4, 0x00, 0xc4, 0x00, 0xc4, 0x00, 0xc4, 0x00,
0xc4, 0x00, 0xc4, 0x00, 0xc4, 0x00, 0xc4, 0x00, 0xc4, 0x00, 0xc4, 0x00, 0xc4, 0x00, 0xc4, 0x00, 0xc4, 0x00, 0xc4, 0x00, 0xc4, 0x00, 0xc4, 0x00,
0xc4, 0x00, 0xc4, 0x00, 0xc4, 0x00, 0xc4, 0x00, 0xc4, 0x00, 0xc4, 0x00, 0xc4, 0x00, 0xc4, 0x00, 0xc4, 0x00, 0xc4, 0x00, 0xc4, 0x00, 0xc4, 0x00,
0xc4, 0x00, 0xc4, 0x00, 0xc4, 0x00, 0xc4, 0x00, 0xc4, 0x00, 0xc4, 0x00, 0xc4, 0x00, 0xc4, 0x00, 0xc4, 0x00, 0xc4, 0x00, 0xc4, 0x00, 0xc4, 0x00,
0xc4, 0x00, 0xc4, 0x00, 0xc4, 0x00, 0xc4, 0x00, 0xc4, 0x00, 0xc4, 0x00, 0xc4, 0x00, 0xc4, 0x00, 0xc4, 0x00, 0xc4, 0x00, 0xc4, 0x00, 0xc4, 0x00,
0xc4, 0x00, 0xc4, 0x00, 0xc4, 0x00, 0xc4, 0x00, 0xc4, 0x00, 0xc4, 0x00, 0xc4, 0x00, 0xc4, 0x00, 0xc4, 0x00, 0xc4, 0x00, 0xc4, 0x00, 0xc4, 0x00,
0xc4, 0x00, 0xc4, 0x00, 0xc4, 0x00, 0xc4, 0x00, 0xc4, 0x00, 0xc4, 0x00, 0xc4, 0x00, 0xc4, 0x00, 0xc4, 0x00, 0xc4, 0x00, 0xc4, 0x00, 0xc4, 0x00,
0xc4, 0x00, 0xc4, 0x00, 0xc4, 0x00, 0xc4, 0x00, 0xc4, 0x00, 0xc4, 0x00, 0xc4, 0x00, 0xc4, 0x00, 0xc4, 0x00, 0xc4, 0x00, 0xc4, 0x00, 0xc4, 0x00,
0xc4, 0x00, 0xc4, 0x00, 0xc4, 0x00, 0xc4, 0x00, 0xc4, 0x00, 0xc4, 0x00, 0xc4, 0x00, 0xc4, 0x00, 0xc4, 0x00, 0xc4, 0x00, 0xc4, 0x00, 0xc4, 0x00,
0xc4, 0x00, 0xc4, 0x00, 0xc4, 0x00, 0xc4, 0x00, 0xc4, 0x00, 0xc4, 0x00, 0xc4, 0x00, 0xc4, 0x00, 0xc4, 0x00, 0xc4, 0x00, 0xc4, 0x00, 0xc4, 0x00,
0xc4, 0x00, 0xc4, 0x00, 0xc4, 0x00, 0xc4, 0x00, 0xc4, 0x00, 0xc4, 0x00, 0xc4, 0x00, 0xc4, 0x00, 0xc4, 0x00, 0xc4, 0x00, 0xc4, 0x00, 0xc4, 0x00,
0xc4, 0x00, 0xc4, 0x00, 0xc4, 0x00, 0xc4, 0x00, 0xc4, 0x00, 0xc4, 0x00, 0xc4, 0x00, 0xc4, 0x00, 0xc4, 0x00, 0xc4, 0x00, 0xc4, 0x00, 0xc4, 0x00,
0xc4, 0x00, 0xc4, 0x00, 0xc4, 0x00, 0xc4, 0x00, 0xc4, 0x00, 0xc4, 0x00, 0xc4, 0x00, 0xc4, 0x00, 0xc4, 0x00, 0xc4, 0x00, 0xc4, 0x00, 0xc4, 0x00,
0xc4, 0x00, 0xc4, 0x00, 0xc4, 0x00, 0xc4, 0x00, 0xc4, 0x00, 0xc4, 0x00, 0xc4, 0x00, 0xc4, 0x00, 0xc4, 0x00, 0xc4, 0x00, 0xc4, 0x00, 0xc4, 0x00,
0xc4, 0x00, 0xc4, 0x00, 0xc4, 0x00, 0xc4, 0x00, 0xc4, 0x00, 0xc4, 0x00, 0xc4, 0x00, 0xc4, 0x00, 0xc4, 0x00, 0xc4, 0x00, 0xc4, 0x00, 0xc4, 0x00,
0xc4, 0x00, 0xc4, 0x00, 0xc4, 0x00, 0xc4, 0x00, 0xc4, 0x00, 0xc4, 0x00, 0xc4, 0x00, 0xc4, 0x00, 0xc4, 0x00, 0xc4, 0x00, 0xc4, 0x00, 0xc4, 0x00,
0xc4, 0x00, 0xc4, 0x00, 0xc4, 0x00, 0xc4, 0x00, 0xc4, 0x00, 0xc4, 0x00, 0xc4, 0x00, 0xc4, 0x00, 0xc4, 0x00, 0xc4, 0x00, 0xc4, 0x00, 0xc4, 0x00,
0xc4, 0x00, 0xc4, 0x00, 0xc4, 0x00, 0xc4, 0x00, 0xc4, 0x00, 0xc4, 0x00, 0xc4, 0x00, 0xc4, 0x00, 0xc4, 0x00, 0xc4, 0x00, 0xc4, 0x00, 0xc4, 0x00,
0xc4, 0x00, 0xc4, 0x00, 0xc4, 0x00, 0xc4, 0x00, 0xc4, 0x00, 0xc4, 0x00, 0xc4, 0x00, 0xc4, 0x00, 0xc4, 0x00, 0xc4, 0x00, 0xc4, 0x00, 0xc4, 0x00,
0xc4, 0x00, 0xc4, 0x00, 0xc4, 0x00, 0xc4, 0x00, 0xc4, 0x00, 0xc4, 0x00, 0xc4, 0x00, 0xc4, 0x00, 0xc4, 0x00, 0xc4, 0x00, 0xc4, 0x00, 0xc4, 0x00,
0xc4, 0x00, 0xc4, 0x00, 0xc4, 0x00, 0xc4, 0x00, 0xc4, 0x00, 0xc4, 0x00, 0xc4, 0x00, 0xc4, 0x00, 0xc4, 0x00, 0xc4, 0x00, 0xc4, 0x00, 0xc4, 0x00,
0xc4, 0x00, 0xc4, 0x00, 0xc4, 0x00, 0xc4, 0x00, 0xc4, 0x00, 0xc4, 0x00, 0xc4, 0x00, 0xc4, 0x00, 0xc4, 0x00, 0xc4, 0x00, 0xc4, 0x00, 0xc4, 0x00,
0xc4, 0x00, 0xc4, 0x00, 0xc4, 0x00, 0xc4, 0x00, 0xc4, 0x00, 0xc4, 0x00, 0xc4, 0x00, 0xc4, 0x00, 0xc4, 0x00, 0xc4, 0x00, 0xc4, 0x00, 0xc4, 0x00,
0xc4, 0x00, 0xc4, 0x00, 0xc4, 0x00, 0xc4, 0x00, 0xc4, 0x00, 0xc4, 0x00, 0xc4, 0x00, 0xc4, 0x00, 0xc4, 0x00, 0xc4, 0x00, 0xc4, 0x00, 0xc4, 0x00,
0xc4, 0x00, 0xc4, 0x00, 0xc4, 0x00, 0xc4, 0x00, 0xc4, 0x00, 0xc4, 0x00, 0xc4, 0x00, 0xc4, 0x00, 0xc4, 0x00, 0xc4, 0x00, 0xc4, 0x00, 0xc4, 0x00,
0xc4, 0x00, 0xc4, 0x00, 0xc4, 0x00, 0xc4, 0x00, 0xc4, 0x00, 0xc4, 0x00, 0xc4, 0x00, 0xc4, 0x00, 0xc4, 0x00, 0xc4, 0x00, 0xc4, 0x00, 0xc4, 0x00,
0xc4, 0x00, 0xc4, 0x00, 0xc4, 0x00, 0xc4, 0x00, 0xc4, 0x00, 0xc4, 0x00, 0xc4, 0x00, 0xc4, 0x00, 0xc4, 0x00, 0xc4, 0x00, 0xc4, 0x00, 0xc4, 0x00,
0xc4, 0x00, 0xc4, 0x00, 0xc4, 0x00, 0xc4, 0x00, 0xc4, 0x00, 0xc4, 0x00, 0xc4, 0x00, 0xc4, 0x00, 0xc4, 0x00, 0xc4, 0x00, 0xc4, 0x00, 0xc4, 0x00,
0xc4, 0x00, 0xc4, 0x00, 0xc4, 0x00, 0xc4, 0x00, 0xc4, 0x00, 0xc4, 0x00, 0xc4, 0x00, 0xc4, 0x00, 0xc4, 0x00, 0xc4, 0x00, 0xc4, 0x00, 0xc4, 0x00,
0xc4, 0x00, 0xc4, 0x00, 0xc4, 0x00, 0xc4, 0x00, 0xc4, 0x00, 0xc4, 0x00, 0xc4, 0x00, 0xc4, 0x00, 0xc4, 0x00, 0xc4, 0x00, 0xc4, 0x00, 0xc4, 0x00,
0xc4, 0x00, 0xc4, 0x00, 0xc4, 0x00, 0xc4, 0x00, 0xc4, 0x00, 0xc4, 0x00, 0xc4, 0x00, 0xc4, 0x00, 0xc4, 0x00, 0xc4, 0x00, 0xc4, 0x00, 0xc4, 0x00,
0xc4, 0x00, 0xc4, 0x00, 0xc4, 0x00, 0xc4, 0x00, 0xc4, 0x00, 0xc4, 0x00, 0xc4, 0x00, 0xc4, 0x00, 0xc4, 0x00, 0xc4, 0x00, 0xc4, 0x00, 0xc4, 0x00,
0xc4, 0x00, 0xc4, 0x00, 0xc4, 0x00, 0xc4, 0x00, 0xc4, 0x00, 0xc4, 0x00, 0xc4, 0x00, 0xc4, 0x00, 0xc4, 0x00, 0xc4, 0x00, 0xc4, 0x00, 0xc4, 0x00,
0xc4, 0x00, 0xc4, 0x00, 0xc4, 0x00, 0xc4, 0x00, 0xc4, 0x00, 0xc4, 0x00, 0xc4, 0x00, 0xc4, 0x00, 0xc4, 0x00, 0xc4, 0x00, 0xc4, 0x00, 0xc4, 0x00,
0xc4, 0x00, 0xc4, 0x00, 0xc4, 0x00, 0xc4, 0x00, 0xc4, 0x00, 0xc4, 0x00, 0xc4, 0x00, 0xc4, 0x00, 0xc4, 0x00, 0xc4, 0x00, 0xc4, 0x00, 0xc4, 0x00,
0xc4, 0x00, 0xc4, 0x00, 0xc4, 0x00, 0xc4, 0x00, 0xc4, 0x00, 0xc4, 0x00, 0xc4, 0x00, 0xc4, 0x00, 0xc4, 0x00, 0xc4, 0x00, 0xc4, 0x00, 0xc4, 0x00,
0xc4, 0x00, 0xc4, 0x00, 0xc4, 0x00, 0xc4, 0x00, 0xc4, 0x00, 0xc4, 0x00, 0xc4, 0x00, 0xc4, 0x00, 0xc4, 0x00, 0xc4, 0x00, 0xc4, 0x00, 0xc4, 0x00,
0xc4, 0x00, 0xc4, 0x00, 0xc4, 0x00, 0xc4, 0x00, 0xc4, 0x00, 0xc4, 0x00, 0xc4, 0x00, 0xc4, 0x00, 0xc4, 0x00, 0xc4, 0x00, 0xc4, 0x00, 0xc4, 0x00,
0xc4, 0x00, 0xc4, 0x00, 0xc4, 0x00, 0xc4, 0x00, 0xc4, 0x00, 0xc4, 0x00, 0xc4, 0x00, 0xc4, 0x00, 0xc4, 0x00, 0xc4, 0x00, 0xc4, 0x00, 0xc4, 0x00,
0xc4, 0x00, 0xc4, 0x00, 0xc4, 0x00, 0xc4, 0x00, 0xc4, 0x00, 0xc4, 0x00, 0xc4, 0x00, 0xc4, 0x00, 0xc4, 0x00, 0xc4, 0x00, 0xc4, 0x00, 0xc4, 0x00,
0xc4, 0x00, 0xc4, 0x00, 0xc4, 0x00, 0xc4, 0x00, 0xc4, 0x00, 0xc4, 0x00, 0xc4, 0x00, 0xc4, 0x00, 0xc4, 0x00, 0xc4, 0x00, 0xc4, 0x00, 0xc4, 0x00,
0xc4, 0x00, 0xc4, 0x00, 0xc4, 0x00, 0xc4, 0x00, 0xc4, 0x00, 0xc4, 0x00, 0xc4, 0x00, 0xc4, 0x00, 0xc4, 0x00, 0xc4, 0x00, 0xc4, 0x00, 0xc4, 0x00,
0xc4, 0x00, 0xc4, 0x00, 0xc4, 0x00, 0xc4, 0x00, 0xc4, 0x00, 0xc4, 0x00, 0xc4, 0x00, 0xc4, 0x00, 0xc4, 0x00, 0xc4, 0x00, 0xc4, 0x00, 0xc4, 0x00,
0xc4, 0x00, 0xc4, 0x00, 0xc4, 0x00, 0xc4, 0x00, 0xc4, 0x00, 0xc4, 0x00, 0xc4, 0x00, 0xc4, 0x00, 0xc4, 0x00, 0xc4, 0x00, 0xc4, 0x00, 0xc4, 0x00,
0xc4, 0x00, 0xc4, 0x00, 0xc4, 0x00, 0xc4, 0x00, 0xc4, 0x00, 0xc4, 0x00, 0xc4, 0x00, 0xc4, 0x00, 0xc4, 0x00, 0xc4, 0x00, 0xc4, 0x00, 0xc4, 0x00,
0xc4, 0x00, 0xc4, 0x00, 0xc4, 0x00, 0xc4, 0x00, 0xc4, 0x00, 0xc4, 0x00, 0xc4, 0x00, 0xc4, 0x00, 0xc4, 0x00, 0xc4, 0x00, 0xc4, 0x00, 0xc4, 0x00,
0xc4, 0x00, 0xc4, 0x00, 0xc4, 0x00, 0xc4, 0x00, 0xc4, 0x00, 0xc4, 0x00, 0xc4, 0x00, 0xc4, 0x00, 0xc4, 0x00, 0xc4, 0x00, 0xc4, 0x00, 0x2a, 0x22,
0x2a, 0x22, 0x2a, 0x22, 0x2a, 0x22, 0x2a, 0x22, 0x2a, 0x22, 0x2a, 0x22, 0x2a, 0x22, 0x2a, 0x22, 0x2a, 0x22, 0xc4, 0x00, 0xc4, 0x00, 0xc4, 0x00,
0xc4, 0x00, 0xc4, 0x00, 0xc4, 0x00, 0xc4, 0x00, 0xc4, 0x00, 0xc4, 0x00, 0xc4, 0x00, 0xc4, 0x00, 0xc4, 0x00, 0x2a, 0x22, 0x2a, 0x22, 0x2a, 0x22,
0x2a, 0x22, 0x2a, 0x22, 0x2a, 0x22, 0x2a, 0x22, 0x2a, 0x22, 0x2a, 0x22, 0x2a, 0x22, 0x2a, 0x22, 0xc4, 0x00, 0xc4, 0x00, 0xc4, 0x00, 0xc4, 0x00,
0xc4, 0x00, 0xc4, 0x00, 0xc4, 0x00, 0xc4, 0x00, 0xc4, 0x00, 0xc4, 0x00, 0xc4, 0x00, 0xc4, 0x00, 0xc4, 0x00, 0xc4, 0x00, 0xc4, 0x00, 0xc4, 0x00,
0xc4, 0x00, 0xc4, 0x00, 0xc4, 0x00, 0xc4, 0x00, 0xc4, 0x00, 0xc4, 0x00, 0xc4, 0x00, 0xc4, 0x00, 0xc4, 0x00, 0xc4, 0x00, 0xc4, 0x00, 0xc4, 0x00,
0xc4, 0x00, 0xc4, 0x00, 0xc4, 0x00, 0xc4, 0x00, 0xc4, 0x00, 0xc4, 0x00, 0xc4, 0x00, 0xc4, 0x00, 0xc4, 0x00, 0xc4, 0x00, 0xc4, 0x00, 0xc4, 0x00,
0xc4, 0x00, 0xc4, 0x00, 0xc4, 0x00, 0xc4, 0x00, 0xc4, 0x00, 0xc4, 0x00, 0xc4, 0x00, 0xc4, 0x00, 0xc4, 0x00, 0xc4, 0x00, 0xc4, 0x00, 0xc4, 0x00,
0xc4, 0x00, 0xc4, 0x00, 0xc4, 0x00, 0xc4, 0x00, 0xc4, 0x00, 0xc4, 0x00, 0xc4, 0x00, 0xc4, 0x00, 0xc4, 0x00, 0xc4, 0x00, 0xc4, 0x00, 0xc4, 0x00,
0xc4, 0x00, 0xc4, 0x00, 0xc4, 0x00, 0xc4, 0x00, 0xc4, 0x00, 0xc4, 0x00, 0xc4, 0x00, 0xc4, 0x00, 0xc4, 0x00, 0xc4, 0x00, 0xc4, 0x00, 0xc4, 0x00,
0xc4, 0x00, 0xc4, 0x00, 0xc4, 0x00, 0xc4, 0x00, 0xc4, 0x00, 0xc4, 0x00, 0xc4, 0x00, 0xc4, 0x00, 0xc4, 0x00, 0xc4, 0x00, 0xc4, 0x00, 0xc4, 0x00,
0xc4, 0x00, 0xc4, 0x00, 0xc4, 0x00, 0xc4, 0x00, 0xc4, 0x00, 0xc4, 0x00, 0xc4, 0x00, 0xc4, 0x00, 0xc4, 0x00, 0xc4, 0x00, 0xc4, 0x00, 0xc4, 0x00,
0xc4, 0x00, 0xc4, 0x00, 0xc4, 0x00, 0xc4, 0x00, 0xc4, 0x00, 0xc4, 0x00, 0xc4, 0x00, 0xc4, 0x00, 0xc4, 0x00, 0xc4, 0x00, 0xc4, 0x00, 0xc4, 0x00,
0xc4, 0x00, 0xc4, 0x00, 0xc4, 0x00, 0xc4, 0x00, 0xc4, 0x00, 0xc4, 0x00, 0xc4, 0x00, 0xc4, 0x00, 0xc4, 0x00, 0xc4, 0x00, 0xc4, 0x00, 0xc4, 0x00,
0xc4, 0x00, 0xc4, 0x00, 0xc4, 0x00, 0xc4, 0x00, 0xc4, 0x00, 0xc4, 0x00, 0xc4, 0x00, 0xc4, 0x00, 0xc4, 0x00, 0xc4, 0x00, 0xc4, 0x00, 0xc4, 0x00,
0xc4, 0x00, 0xc4, 0x00, 0xc4, 0x00, 0xc4, 0x00, 0xc4, 0x00, 0xc4, 0x00, 0xc4, 0x00, 0xc4, 0x00, 0xc4, 0x00, 0xc4, 0x00, 0xc4, 0x00, 0xc4, 0x00,
0xc4, 0x00, 0xc4, 0x00, 0xc4, 0x00, 0xc4, 0x00, 0xc4, 0x00, 0xc4, 0x00, 0xc4, 0x00, 0xc4, 0x00, 0xc4, 0x00, 0xc4, 0x00, 0xc4, 0x00, 0xc4, 0x00,
0xc4, 0x00, 0xc4, 0x00, 0xc4, 0x00, 0xc4, 0x00, 0xc4, 0x00, 0xc4, 0x00, 0xc4, 0x00, 0xc4, 0x00, 0xc4, 0x00, 0xc4, 0x00, 0xc4, 0x00, 0xc4, 0x00,
0xc4, 0x00, 0xc4, 0x00, 0xc4, 0x00, 0xc4, 0x00, 0x2a, 0x22, 0x2a, 0x22, 0x2a, 0x22, 0x2a, 0x22, 0x2a, 0x22, 0x2a, 0x22, 0x2a, 0x22, 0x2a, 0x22,
0x2a, 0x22, 0x2a, 0x22, 0x2a, 0x22, 0x2a, 0x22, 0x2a, 0x22, 0x2a, 0x22, 0x2a, 0x22, 0x2a, 0x22, 0x2a, 0x22, 0x2a, 0x22, 0x2a, 0x22, 0x2a, 0x22,
0x2a, 0x22, 0x2a, 0x22, 0x2a, 0x22, 0x2a, 0x22, 0x2a, 0x22, 0x2a, 0x22, 0x2a, 0x22, 0x2a, 0x22, 0x2a, 0x22, 0x2a, 0x22, 0x2a, 0x22, 0x2a, 0x22,
0x2a, 0x22, 0x2a, 0x22, 0x2a, 0x22, 0x2a, 0x22, 0x2a, 0x22, 0x2a, 0x22, 0x2a, 0x22, 0x2a, 0x22, 0x2a, 0x22, 0x2a, 0x22, 0x2a, 0x22, 0x2a, 0x22,
0x2a, 0x22, 0x2a, 0x22, 0x2a, 0x22, 0x2a, 0x22, 0xc4, 0x00, 0xc4, 0x00, 0xc4, 0x00, 0xc4, 0x00, 0xc4, 0x00, 0xc4, 0x00, 0xc4, 0x00, 0xc4, 0x00,
0xc4, 0x00, 0xc4, 0x00, 0xc4, 0x00, 0xc4, 0x00, 0xc4, 0x00, 0xc4, 0x00, 0xc4, 0x00, 0xc4, 0x00, 0xc4, 0x00, 0xc4, 0x00, 0xc4, 0x00, 0xc4, 0x00,
0xc4, 0x00, 0xc4, 0x00, 0xc4, 0x00, 0xc4, 0x00, 0xc4, 0x00, 0xc4, 0x00, 0xc4, 0x00, 0xc4, 0x00, 0xc4, 0x00, 0xc4, 0x00, 0xc4, 0x00, 0xc4, 0x00,
0xc4, 0x00, 0xc4, 0x00, 0xc4, 0x00, 0xc4, 0x00, 0xc4, 0x00, 0xc4, 0x00, 0xc4, 0x00, 0xc4, 0x00, 0xc4, 0x00, 0xc4, 0x00, 0xc4, 0x00, 0xc4, 0x00,
0xc4, 0x00, 0xc4, 0x00, 0xc4, 0x00, 0xc4, 0x00, 0xc4, 0x00, 0xc4, 0x00, 0xc4, 0x00, 0xc4, 0x00, 0xc4, 0x00, 0xc4, 0x00, 0xc4, 0x00, 0xc4, 0x00,
0xc4, 0x00, 0xc4, 0x00, 0xc4, 0x00, 0xc4, 0x00, 0xc4, 0x00, 0xc4, 0x00, 0xc4, 0x00, 0xc4, 0x00, 0xc4, 0x00, 0xc4, 0x00, 0xc4, 0x00, 0xc4, 0x00,
0xc4, 0x00, 0xc4, 0x00, 0xc4, 0x00, 0xc4, 0x00, 0xc4, 0x00, 0xc4, 0x00, 0xc4, 0x00, 0xc4, 0x00, 0xc4, 0x00, 0xc4, 0x00, 0xc4, 0x00, 0xc4, 0x00,
0xc4, 0x00, 0xc4, 0x00, 0xc4, 0x00, 0xc4, 0x00, 0xc4, 0x00, 0xc4, 0x00, 0xc4, 0x00, 0xc4, 0x00, 0xc4, 0x00, 0xc4, 0x00, 0xc4, 0x00, 0xc4, 0x00,
0xc4, 0x00, 0xc4, 0x00, 0xc4, 0x00, 0xc4, 0x00, 0xc4, 0x00, 0xc4, 0x00, 0xc4, 0x00, 0xc4, 0x00, 0xc4, 0x00, 0xc4, 0x00, 0xc4, 0x00, 0xc4, 0x00,
0xc4, 0x00, 0xc4, 0x00, 0xc4, 0x00, 0xc4, 0x00, 0xc4, 0x00, 0xc4, 0x00, 0xc4, 0x00, 0xc4, 0x00, 0xc4, 0x00, 0xc4, 0x00, 0xc4, 0x00, 0xc4, 0x00,
0xc4, 0x00, 0xc4, 0x00, 0xc4, 0x00, 0xc4, 0x00, 0xc4, 0x00, 0xc4, 0x00, 0xc4, 0x00, 0xc4, 0x00, 0xc4, 0x00, 0xc4, 0x00, 0xc4, 0x00, 0xc4, 0x00,
0xc4, 0x00, 0xc4, 0x00, 0xc4, 0x00, 0xc4, 0x00, 0xc4, 0x00, 0xc4, 0x00, 0xc4, 0x00, 0xc4, 0x00, 0xc4, 0x00, 0xc4, 0x00, 0xc4, 0x00, 0xc4, 0x00,
0xc4, 0x00, 0xc4, 0x00, 0xc4, 0x00, 0xc4, 0x00, 0xc4, 0x00, 0xc4, 0x00, 0xc4, 0x00, 0xc4, 0x00, 0xc4, 0x00, 0xc4, 0x00, 0xc4, 0x00, 0xc4, 0x00,
0xc4, 0x00, 0xc4, 0x00, 0xc4, 0x00, 0xc4, 0x00, 0xc4, 0x00, 0xc4, 0x00, 0xc4, 0x00, 0xc4, 0x00, 0xc4, 0x00, 0xc4, 0x00, 0xc4, 0x00, 0xc4, 0x00,
0xc4, 0x00, 0x2a, 0x22, 0x2a, 0x22, 0x2a, 0x22, 0x2a, 0x22, 0x2a, 0x22, 0x2a, 0x22, 0x2a, 0x22, 0x2a, 0x22, 0x2a, 0x22, 0x2a, 0x22, 0x2a, 0x22,
0x2a, 0x22, 0x2a, 0x22, 0x2a, 0x22, 0x2a, 0x22, 0x2a, 0x22, 0x2a, 0x22, 0x2a, 0x22, 0x2a, 0x22, 0x2a, 0x22, 0x2a, 0x22, 0x2a, 0x22, 0x2a, 0x22,
0x2a, 0x22, 0x2a, 0x22, 0x2a, 0x22, 0x2a, 0x22, 0x2a, 0x22, 0x2a, 0x22, 0x2a, 0x22, 0x2a, 0x22, 0x2a, 0x22, 0x2a, 0x22, 0x2a, 0x22, 0x2a, 0x22,
0x2a, 0x22, 0x2a, 0x22, 0x2a, 0x22, 0x2a, 0x22, 0x2a, 0x22, 0x2a, 0x22, 0x2a, 0x22, 0x2a, 0x22, 0x2a, 0x22, 0x2a, 0x22, 0x2a, 0x22, 0x2a, 0x22,
0x2a, 0x22, 0x2a, 0x22, 0x2a, 0x22, 0x2a, 0x22, 0x2a, 0x22, 0xc4, 0x00, 0xc4, 0x00, 0xc4, 0x00, 0xc4, 0x00, 0xc4, 0x00, 0xc4, 0x00, 0xc4, 0x00,
0xc4, 0x00, 0xc4, 0x00, 0xc4, 0x00, 0xc4, 0x00, 0xc4, 0x00, 0xc4, 0x00, 0xc4, 0x00, 0xc4, 0x00, 0xc4, 0x00, 0x2a, 0x22, 0x2a, 0x22, 0x2a, 0x22,
0x2a, 0x22, 0x2a, 0x22, 0x2a, 0x22, 0xc4, 0x00, 0xc4, 0x00, 0xc4, 0x00, 0xc4, 0x00, 0xc4, 0x00, 0xc4, 0x00, 0xc4, 0x00, 0xc4, 0x00, 0xc4, 0x00,
0xc4, 0x00, 0xc4, 0x00, 0x2a, 0x22, 0x2a, 0x22, 0x2a, 0x22, 0x2a, 0x22, 0x2a, 0x22, 0xc4, 0x00, 0xc4, 0x00, 0xc4, 0x00, 0xc4, 0x00, 0xc4, 0x00,
0xc4, 0x00, 0xc4, 0x00, 0xc4, 0x00, 0xc4, 0x00, 0xc4, 0x00, 0xc4, 0x00, 0xc4, 0x00, 0xc4, 0x00, 0xc4, 0x00, 0xc4, 0x00, 0xc4, 0x00, 0xc4, 0x00,
0xc4, 0x00, 0xc4, 0x00, 0xc4, 0x00, 0xc4, 0x00, 0xc4, 0x00, 0x2a, 0x22, 0x2a, 0x22, 0x2a, 0x22, 0x2a, 0x22, 0x2a, 0x22, 0xc4, 0x00, 0xc4, 0x00,
0xc4, 0x00, 0xc4, 0x00, 0xc4, 0x00, 0xc4, 0x00, 0xc4, 0x00, 0xc4, 0x00, 0xc4, 0x00, 0xc4, 0x00, 0xc4, 0x00, 0xc4, 0x00, 0xc4, 0x00, 0xc4, 0x00,
0xc4, 0x00, 0xc4, 0x00, 0xc4, 0x00, 0xc4, 0x00, 0xc4, 0x00, 0xc4, 0x00, 0xc4, 0x00, 0xc4, 0x00, 0xc4, 0x00, 0xc4, 0x00, 0xc4, 0x00, 0xc4, 0x00,
0xc4, 0x00, 0xc4, 0x00, 0xc4, 0x00, 0xc4, 0x00, 0xc4, 0x00, 0xc4, 0x00, 0xc4, 0x00, 0xc4, 0x00, 0xc4, 0x00, 0xc4, 0x00, 0xc4, 0x00, 0xc4, 0x00,
0xc4, 0x00, 0xc4, 0x00, 0xc4, 0x00, 0xc4, 0x00, 0xc4, 0x00, 0xc4, 0x00, 0xc4, 0x00, 0xc4, 0x00, 0xc4, 0x00, 0xc4, 0x00, 0xc4, 0x00, 0xc4, 0x00,
0xc4, 0x00, 0xc4, 0x00, 0xc4, 0x00, 0xc4, 0x00, 0xc4, 0x00, 0xc4, 0x00, 0xc4, 0x00, 0xc4, 0x00, 0xc4, 0x00, 0xc4, 0x00, 0xc4, 0x00, 0xc4, 0x00,
0xc4, 0x00, 0xc4, 0x00, 0xc4, 0x00, 0xc4, 0x00, 0xc4, 0x00, 0xc4, 0x00, 0xc4, 0x00, 0xc4, 0x00, 0xc4, 0x00, 0xc4, 0x00, 0xc4, 0x00, 0xc4, 0x00,
0xc4, 0x00, 0xc4, 0x00, 0xc4, 0x00, 0xc4, 0x00, 0xc4, 0x00, 0xc4, 0x00, 0xc4, 0x00, 0xc4, 0x00, 0xc4, 0x00, 0xc4, 0x00, 0xc4, 0x00, 0xc4, 0x00,
0xc4, 0x00, 0xc4, 0x00, 0xc4, 0x00, 0xc4, 0x00, 0x2a, 0x22, 0x2a, 0x22, 0xc4, 0x00, 0xc4, 0x00, 0x2a, 0x22, 0x2a, 0x22, 0x2a, 0x22, 0x2a, 0x22,
0x2a, 0x22, 0x2a, 0x22, 0x2a, 0x22, 0x2a, 0x22, 0x2a, 0x22, 0x2a, 0x22, 0x2a, 0x22, 0x2a, 0x22, 0x2a, 0x22, 0x2a, 0x22, 0x2a, 0x22, 0x2a, 0x22,
0x2a, 0x22, 0x2a, 0x22, 0x2a, 0x22, 0x2a, 0x22, 0x2a, 0x22, 0xc4, 0x00, 0x2a, 0x22, 0x2a, 0x22, 0x2a, 0x22, 0x2a, 0x22, 0x2a, 0x22, 0x2a, 0x22,
0x2a, 0x22, 0x2a, 0x22, 0x2a, 0x22, 0x2a, 0x22, 0x2a, 0x22, 0x2a, 0x22, 0x2a, 0x22, 0x2a, 0x22, 0x2a, 0x22, 0x2a, 0x22, 0x2a, 0x22, 0x2a, 0x22,
0x2a, 0x22, 0x2a, 0x22, 0x2a, 0x22, 0x2a, 0x22, 0x2a, 0x22, 0x2a, 0x22, 0x2a, 0x22, 0x2a, 0x22, 0x2a, 0x22, 0x2a, 0x22, 0x2a, 0x22, 0x2a, 0x22,
0x2a, 0x22, 0xc4, 0x00, 0xc4, 0x00, 0xc4, 0x00, 0xc4, 0x00, 0xc4, 0x00, 0xc4, 0x00, 0xc4, 0x00, 0xc4, 0x00, 0xc4, 0x00, 0xc4, 0x00, 0xc4, 0x00,
0xc4, 0x00, 0xc4, 0x00, 0xc4, 0x00, 0xc4, 0x00, 0xc4, 0x00, 0x2a, 0x22, 0x2a, 0x22, 0x2a, 0x22, 0x2a, 0x22, 0x2a, 0x22, 0x2a, 0x22, 0x2a, 0x22,
0x2a, 0x22, 0x2a, 0x22, 0x2a, 0x22, 0x2a, 0x22, 0xc4, 0x00, 0xc4, 0x00, 0xc4, 0x00, 0xc4, 0x00, 0xc4, 0x00, 0xc4, 0x00, 0xc4, 0x00, 0xc4, 0x00,
0xc4, 0x00, 0xc4, 0x00, 0xc4, 0x00, 0x2a, 0x22, 0xc4, 0x00, 0xc4, 0x00, 0xc4, 0x00, 0xc4, 0x00, 0xc4, 0x00, 0xc4, 0x00, 0xc4, 0x00, 0xc4, 0x00,
0xc4, 0x00, 0xc4, 0x00, 0xc4, 0x00, 0xc4, 0x00, 0xc4, 0x00, 0xc4, 0x00, 0xc4, 0x00, 0xc4, 0x00, 0xc4, 0x00, 0xc4, 0x00, 0xc4, 0x00, 0xc4, 0x00,
0xc4, 0x00, 0xc4, 0x00, 0xc4, 0x00, 0xc4, 0x00, 0xc4, 0x00, 0xc4, 0x00, 0xc4, 0x00, 0x2a, 0x22, 0x2a, 0x22, 0x2a, 0x22, 0x2a, 0x22, 0x2a, 0x22,
0x2a, 0x22, 0x2a, 0x22, 0x2a, 0x22, 0xc4, 0x00, 0xc4, 0x00, 0xc4, 0x00, 0xc4, 0x00, 0xc4, 0x00, 0xc4, 0x00, 0xc4, 0x00, 0xc4, 0x00, 0xc4, 0x00,
0xc4, 0x00, 0xc4, 0x00, 0xc4, 0x00, 0xc4, 0x00, 0xc4, 0x00, 0xc4, 0x00, 0xc4, 0x00, 0xc4, 0x00, 0xc4, 0x00, 0xc4, 0x00, 0xc4, 0x00, 0xc4, 0x00,
0xc4, 0x00, 0xc4, 0x00, 0xc4, 0x00, 0xc4, 0x00, 0xc4, 0x00, 0xc4, 0x00, 0xc4, 0x00, 0xc4, 0x00, 0xc4, 0x00, 0xc4, 0x00, 0xc4, 0x00, 0xc4, 0x00,
0xc4, 0x00, 0xc4, 0x00, 0xc4, 0x00, 0xc4, 0x00, 0xc4, 0x00, 0xc4, 0x00, 0xc4, 0x00, 0xc4, 0x00, 0xc4, 0x00, 0xc4, 0x00, 0xc4, 0x00, 0xc4, 0x00,
0xc4, 0x00, 0xc4, 0x00, 0xc4, 0x00, 0xc4, 0x00, 0xc4, 0x00, 0xc4, 0x00, 0xc4, 0x00, 0xc4, 0x00, 0xc4, 0x00, 0xc4, 0x00, 0xc4, 0x00, 0xc4, 0x00,
0xc4, 0x00, 0xc4, 0x00, 0xc4, 0x00, 0xc4, 0x00, 0xc4, 0x00, 0xc4, 0x00, 0xc4, 0x00, 0xc4, 0x00, 0xc4, 0x00, 0xc4, 0x00, 0xc4, 0x00, 0xc4, 0x00,
0xc4, 0x00, 0xc4, 0x00, 0xc4, 0x00, 0xc4, 0x00, 0xc4, 0x00, 0xc4, 0x00, 0xc4, 0x00, 0xc4, 0x00, 0xc4, 0x00, 0xc4, 0x00, 0xc4, 0x00, 0xc4, 0x00,
0x2a, 0x22, 0x2a, 0x22, 0x2a, 0x22, 0x2a, 0x22, 0x2a, 0x22, 0x2a, 0x22, 0x2a, 0x22, 0xc4, 0x00, 0x2a, 0x22, 0x2a, 0x22, 0x2a, 0x22, 0x2a, 0x22,
0x2a, 0x22, 0x2a, 0x22, 0x2a, 0x22, 0x2a, 0x22, 0x2a, 0x22, 0x2a, 0x22, 0x2a, 0x22, 0x2a, 0x22, 0x2a, 0x22, 0x2a, 0x22, 0x2a, 0x22, 0x2a, 0x22,
0x2a, 0x22, 0x2a, 0x22, 0x2a, 0x22, 0x2a, 0x22, 0x2a, 0x22, 0x2a, 0x22, 0x2a, 0x22, 0x2a, 0x22, 0x2a, 0x22, 0x2a, 0x22, 0x2a, 0x22, 0x2a, 0x22,
0x2a, 0x22, 0x2a, 0x22, 0x2a, 0x22, 0x2a, 0x22, 0x2a, 0x22, 0x2a, 0x22, 0x2a, 0x22, 0x2a, 0x22, 0x2a, 0x22, 0x2a, 0x22, 0x2a, 0x22, 0x2a, 0x22,
0x2a, 0x22, 0x2a, 0x22, 0x2a, 0x22, 0x2a, 0x22, 0x2a, 0x22, 0x2a, 0x22, 0x2a, 0x22, 0x2a, 0x22, 0x2a, 0x22, 0x2a, 0x22, 0x2a, 0x22, 0x2a, 0x22,
0xc4, 0x00, 0xc4, 0x00, 0xc4, 0x00, 0xc4, 0x00, 0xc4, 0x00, 0xc4, 0x00, 0xc4, 0x00, 0xc4, 0x00, 0xc4, 0x00, 0xc4, 0x00, 0xc4, 0x00, 0xc4, 0x00,
0xc4, 0x00, 0xc4, 0x00, 0xc4, 0x00, 0xc4, 0x00, 0xc4, 0x00, 0xc4, 0x00, 0xc4, 0x00, 0x2a, 0x22, 0x2a, 0x22, 0x2a, 0x22, 0x2a, 0x22, 0x2a, 0x22,
0x2a, 0x22, 0x2a, 0x22, 0x2a, 0x22, 0xc4, 0x00, 0xc4, 0x00, 0xc4, 0x00, 0xc4, 0x00, 0xc4, 0x00, 0xc4, 0x00, 0xc4, 0x00, 0xc4, 0x00, 0xc4, 0x00,
0xc4, 0x00, 0xc4, 0x00, 0xc4, 0x00, 0xc4, 0x00, 0xc4, 0x00, 0xc4, 0x00, 0xc4, 0x00, 0xc4, 0x00, 0xc4, 0x00, 0xc4, 0x00, 0xc4, 0x00, 0xc4, 0x00,
0xc4, 0x00, 0xc4, 0x00, 0xc4, 0x00, 0xc4, 0x00, 0xc4, 0x00, 0xc4, 0x00, 0xc4, 0x00, 0xc4, 0x00, 0xc4, 0x00, 0xc4, 0x00, 0xc4, 0x00, 0xc4, 0x00,
0xc4, 0x00, 0xc4, 0x00, 0xc4, 0x00, 0xc4, 0x00, 0xc4, 0x00, 0xc4, 0x00, 0xc4, 0x00, 0xc4, 0x00, 0xc4, 0x00, 0xc4, 0x00, 0x2a, 0x22, 0x2a, 0x22,
0x2a, 0x22, 0x2a, 0x22, 0x2a, 0x22, 0xc4, 0x00, 0xc4, 0x00, 0xc4, 0x00, 0xc4, 0x00, 0xc4, 0x00, 0xc4, 0x00, 0xc4, 0x00, 0xc4, 0x00, 0xc4, 0x00,
0xc4, 0x00, 0xc4, 0x00, 0xc4, 0x00, 0xc4, 0x00, 0xc4, 0x00, 0xc4, 0x00, 0xc4, 0x00, 0xc4, 0x00, 0xc4, 0x00, 0xc4, 0x00, 0xc4, 0x00, 0xc4, 0x00,
0xc4, 0x00, 0xc4, 0x00, 0xc4, 0x00, 0xc4, 0x00, 0xc4, 0x00, 0xc4, 0x00, 0xc4, 0x00, 0xc4, 0x00, 0xc4, 0x00, 0xc4, 0x00, 0xc4, 0x00, 0xc4, 0x00,
0xc4, 0x00, 0xc4, 0x00, 0xc4, 0x00, 0xc4, 0x00, 0xc4, 0x00, 0xc4, 0x00, 0xc4, 0x00, 0xc4, 0x00, 0xc4, 0x00, 0xc4, 0x00, 0xc4, 0x00, 0xc4, 0x00,
0xc4, 0x00, 0xc4, 0x00, 0xc4, 0x00, 0xc4, 0x00, 0xc4, 0x00, 0xc4, 0x00, 0xc4, 0x00, 0xc4, 0x00, 0xc4, 0x00, 0xc4, 0x00, 0xc4, 0x00, 0xc4, 0x00,
0xc4, 0x00, 0xc4, 0x00, 0xc4, 0x00, 0xc4, 0x00, 0xc4, 0x00, 0xc4, 0x00, 0xc4, 0x00, 0xc4, 0x00, 0xc4, 0x00, 0xc4, 0x00, 0xc4, 0x00, 0xc4, 0x00,
0xc4, 0x00, 0xc4, 0x00, 0xc4, 0x00, 0xc4, 0x00, 0xc4, 0x00, 0xc4, 0x00, 0xc4, 0x00, 0xc4, 0x00, 0xc4, 0x00, 0xc4, 0x00, 0x2a, 0x22, 0x2a, 0x22,
0x2a, 0x22, 0x2a, 0x22, 0x2a, 0x22, 0x2a, 0x22, 0x2a, 0x22, 0x2a, 0x22, 0x2a, 0x22, 0x2a, 0x22, 0x2a, 0x22, 0xc4, 0x00, 0x2a, 0x22, 0x2a, 0x22,
0x2a, 0x22, 0x2a, 0x22, 0x2a, 0x22, 0x2a, 0x22, 0x2a, 0x22, 0x2a, 0x22, 0x2a, 0x22, 0x2a, 0x22, 0x2a, 0x22, 0x2a, 0x22, 0x2a, 0x22, 0x2a, 0x22,
0x2a, 0x22, 0xc4, 0x00, 0xc4, 0x00, 0xc4, 0x00, 0x2a, 0x22, 0x2a, 0x22, 0x2a, 0x22, 0x2a, 0x22, 0x2a, 0x22, 0x2a, 0x22, 0x2a, 0x22, 0x2a, 0x22,
0x2a, 0x22, 0x2a, 0x22, 0x2a, 0x22, 0x2a, 0x22, 0x2a, 0x22, 0x2a, 0x22, 0x2a, 0x22, 0x2a, 0x22, 0x2a, 0x22, 0x2a, 0x22, 0x2a, 0x22, 0x2a, 0x22,
0x2a, 0x22, 0x2a, 0x22, 0x2a, 0x22, 0x2a, 0x22, 0x2a, 0x22, 0x2a, 0x22, 0x2a, 0x22, 0x2a, 0x22, 0x2a, 0x22, 0x2a, 0x22, 0x2a, 0x22, 0x2a, 0x22,
0x2a, 0x22, 0xc4, 0x00, 0xc4, 0x00, 0xc4, 0x00, 0xc4, 0x00, 0xc4, 0x00, 0xc4, 0x00, 0xc4, 0x00, 0xc4, 0x00, 0xc4, 0x00, 0xc4, 0x00, 0xc4, 0x00,
0xc4, 0x00, 0xc4, 0x00, 0xc4, 0x00, 0xc4, 0x00, 0xc4, 0x00, 0xc4, 0x00, 0xc4, 0x00, 0xc4, 0x00, 0xc4, 0x00, 0x2a, 0x22, 0xc4, 0x00, 0xc4, 0x00,
0xc4, 0x00, 0xc4, 0x00, 0xc4, 0x00, 0xc4, 0x00, 0xc4, 0x00, 0xc4, 0x00, 0xc4, 0x00, 0xc4, 0x00, 0xc4, 0x00, 0xc4, 0x00, 0xc4, 0x00, 0xc4, 0x00,
0xc4, 0x00, 0xc4, 0x00, 0xc4, 0x00, 0xc4, 0x00, 0xc4, 0x00, 0xc4, 0x00, 0xc4, 0x00, 0xc4, 0x00, 0xc4, 0x00, 0xc4, 0x00, 0xc4, 0x00, 0xc4, 0x00,
0x2a, 0x22, 0x2a, 0x22, 0x2a, 0x22, 0x2a, 0x22, 0x2a, 0x22, 0xc4, 0x00, 0xc4, 0x00, 0xc4, 0x00, 0xc4, 0x00, 0xc4, 0x00, 0xc4, 0x00, 0xc4, 0x00,
0xc4, 0x00, 0xc4, 0x00, 0xc4, 0x00, 0xc4, 0x00, 0xc4, 0x00, 0xc4, 0x00, 0xc4, 0x00, 0x2a, 0x22, 0x2a, 0x22, 0x2a, 0x22, 0x2a, 0x22, 0x2a, 0x22,
0x2a, 0x22, 0x2a, 0x22, 0x2a, 0x22, 0x2a, 0x22, 0x2a, 0x22, 0x2a, 0x22, 0x2a, 0x22, 0x2a, 0x22, 0xc4, 0x00, 0xc4, 0x00, 0xc4, 0x00, 0xc4, 0x00,
0xc4, 0x00, 0xc4, 0x00, 0xc4, 0x00, 0xc4, 0x00, 0xc4, 0x00, 0xc4, 0x00, 0xc4, 0x00, 0xc4, 0x00, 0xc4, 0x00, 0x2a, 0x22, 0x2a, 0x22, 0x2a, 0x22,
0xc4, 0x00, 0xc4, 0x00, 0xc4, 0x00, 0xc4, 0x00, 0xc4, 0x00, 0xc4, 0x00, 0xc4, 0x00, 0xc4, 0x00, 0xc4, 0x00, 0xc4, 0x00, 0xc4, 0x00, 0xc4, 0x00,
0xc4, 0x00, 0xc4, 0x00, 0xc4, 0x00, 0xc4, 0x00, 0xc4, 0x00, 0xc4, 0x00, 0xc4, 0x00, 0xc4, 0x00, 0xc4, 0x00, 0xc4, 0x00, 0xc4, 0x00, 0xc4, 0x00,
0xc4, 0x00, 0xc4, 0x00, 0xc4, 0x00, 0xc4, 0x00, 0xc4, 0x00, 0xc4, 0x00, 0xc4, 0x00, 0xc4, 0x00, 0xc4, 0x00, 0xc4, 0x00, 0xc4, 0x00, 0xc4, 0x00,
0xc4, 0x00, 0xc4, 0x00, 0xc4, 0x00, 0xc4, 0x00, 0xc4, 0x00, 0xc4, 0x00, 0xc4, 0x00, 0xc4, 0x00, 0xc4, 0x00, 0xc4, 0x00, 0xc4, 0x00, 0xc4, 0x00,
0xc4, 0x00, 0xc4, 0x00, 0xc4, 0x00, 0xc4, 0x00, 0xc4, 0x00, 0xc4, 0x00, 0xc4, 0x00, 0xc4, 0x00, 0xc4, 0x00, 0xc4, 0x00, 0x2a, 0x22, 0xc4, 0x00,
0xc4, 0x00, 0x2a, 0x22, 0x2a, 0x22, 0x2a, 0x22, 0x2a, 0x22, 0x2a, 0x22, 0x2a, 0x22, 0x2a, 0x22, 0x2a, 0x22, 0xc4, 0x00, 0x2a, 0x22, 0x2a, 0x22,
0x2a, 0x22, 0x2a, 0x22, 0x2a, 0x22, 0x2a, 0x22, 0x2a, 0x22, 0x2a, 0x22, 0x2a, 0x22, 0x2a, 0x22, 0x2a, 0x22, 0x2a, 0x22, 0x2a, 0x22, 0x2a, 0x22,
0xc4, 0x00, 0xc4, 0x00, 0xc4, 0x00, 0xc4, 0x00, 0xc4, 0x00, 0xc4, 0x00, 0xc4, 0x00, 0xc4, 0x00, 0xc4, 0x00, 0xc4, 0x00, 0xc4, 0x00, 0xc4, 0x00,
0x2a, 0x22, 0x2a, 0x22, 0x2a, 0x22, 0x2a, 0x22, 0x2a, 0x22, 0x2a, 0x22, 0x2a, 0x22, 0x2a, 0x22, 0x2a, 0x22, 0x2a, 0x22, 0x2a, 0x22, 0x2a, 0x22,
0x2a, 0x22, 0x2a, 0x22, 0x2a, 0x22, 0x2a, 0x22, 0x2a, 0x22, 0x2a, 0x22, 0x2a, 0x22, 0x2a, 0x22, 0x2a, 0x22, 0x2a, 0x22, 0x2a, 0x22, 0x2a, 0x22,
0xc4, 0x00, 0xc4, 0x00, 0xc4, 0x00, 0xc4, 0x00, 0xc4, 0x00, 0xc4, 0x00, 0xc4, 0x00, 0xc4, 0x00, 0xc4, 0x00, 0xc4, 0x00, 0xc4, 0x00, 0xc4, 0x00,
0xc4, 0x00, 0xc4, 0x00, 0xc4, 0x00, 0xc4, 0x00, 0xc4, 0x00, 0xc4, 0x00, 0xc4, 0x00, 0xc4, 0x00, 0xc4, 0x00, 0xc4, 0x00, 0xc4, 0x00, 0xc4, 0x00,
0xc4, 0x00, 0xc4, 0x00, 0xc4, 0x00, 0xc4, 0x00, 0xc4, 0x00, 0xc4, 0x00, 0xc4, 0x00, 0xc4, 0x00, 0xc4, 0x00, 0xc4, 0x00, 0xc4, 0x00, 0xc4, 0x00,
0xc4, 0x00, 0xc4, 0x00, 0xc4, 0x00, 0xc4, 0x00, 0xc4, 0x00, 0xc4, 0x00, 0xc4, 0x00, 0xc4, 0x00, 0x2a, 0x22, 0x2a, 0x22, 0x2a, 0x22, 0x2a, 0x22,
0x2a, 0x22, 0x2a, 0x22, 0x2a, 0x22, 0xc4, 0x00, 0xc4, 0x00, 0xc4, 0x00, 0xc4, 0x00, 0xc4, 0x00, 0xc4, 0x00, 0xc4, 0x00, 0xc4, 0x00, 0xc4, 0x00,
0xc4, 0x00, 0xc4, 0x00, 0x2a, 0x22, 0x2a, 0x22, 0x2a, 0x22, 0x2a, 0x22, 0x2a, 0x22, 0x2a, 0x22, 0x2a, 0x22, 0x2a, 0x22, 0x2a, 0x22, 0x2a, 0x22,
0x2a, 0x22, 0x2a, 0x22, 0x2a, 0x22, 0x2a, 0x22, 0x2a, 0x22, 0x2a, 0x22, 0x2a, 0x22, 0x2a, 0x22, 0xc4, 0x00, 0xc4, 0x00, 0xc4, 0x00, 0xc4, 0x00,
0xc4, 0x00, 0xc4, 0x00, 0xc4, 0x00, 0xc4, 0x00, 0xc4, 0x00, 0xc4, 0x00, 0xc4, 0x00, 0xc4, 0x00, 0xc4, 0x00, 0x2a, 0x22, 0x2a, 0x22, 0x2a, 0x22,
0x2a, 0x22, 0x2a, 0x22, 0x2a, 0x22, 0x2a, 0x22, 0x2a, 0x22, 0x2a, 0x22, 0xc4, 0x00, 0xc4, 0x00, 0xc4, 0x00, 0xc4, 0x00, 0xc4, 0x00, 0xc4, 0x00,
0xc4, 0x00, 0xc4, 0x00, 0xc4, 0x00, 0xc4, 0x00, 0xc4, 0x00, 0xc4, 0x00, 0xc4, 0x00, 0xc4, 0x00, 0xc4, 0x00, 0xc4, 0x00, 0xc4, 0x00, 0xc4, 0x00,
0xc4, 0x00, 0xc4, 0x00, 0xc4, 0x00, 0xc4, 0x00, 0xc4, 0x00, 0xc4, 0x00, 0xc4, 0x00, 0xc4, 0x00, 0xc4, 0x00, 0xc4, 0x00, 0xc4, 0x00, 0xc4, 0x00,
0xc4, 0x00, 0xc4, 0x00, 0xc4, 0x00, 0xc4, 0x00, 0xc4, 0x00, 0xc4, 0x00, 0xc4, 0x00, 0xc4, 0x00, 0xc4, 0x00, 0xc4, 0x00, 0xc4, 0x00, 0xc4, 0x00,
0xc4, 0x00, 0xc4, 0x00, 0xc4, 0x00, 0xc4, 0x00, 0xc4, 0x00, 0xc4, 0x00, 0xc4, 0x00, 0xc4, 0x00, 0x2a, 0x22, 0x2a, 0x22, 0x2a, 0x22, 0x2a, 0x22,
0x2a, 0x22, 0x2a, 0x22, 0x2a, 0x22, 0x2a, 0x22, 0xc4, 0x00, 0xc4, 0x00, 0x2a, 0x22, 0x2a, 0x22, 0x2a, 0x22, 0x2a, 0x22, 0x2a, 0x22, 0x2a, 0x22,
0x2a, 0x22, 0x2a, 0x22, 0x2a, 0x22, 0x2a, 0x22, 0x2a, 0x22, 0x2a, 0x22, 0x2a, 0x22, 0x2a, 0x22, 0x2a, 0x22, 0x2a, 0x22, 0x2a, 0x22, 0x2a, 0x22,
0x2a, 0x22, 0x2a, 0x22, 0xc4, 0x00, 0xc4, 0x00, 0xc4, 0x00, 0xc4, 0x00, 0xc4, 0x00, 0xc4, 0x00, 0xc4, 0x00, 0xc4, 0x00, 0xc4, 0x00, 0xc4, 0x00,
0xc4, 0x00, 0x2a, 0x22, 0x2a, 0x22, 0x2a, 0x22, 0x2a, 0x22, 0x2a, 0x22, 0x2a, 0x22, 0x2a, 0x22, 0x2a, 0x22, 0x2a, 0x22, 0x2a, 0x22, 0x2a, 0x22,
0x2a, 0x22, 0x2a, 0x22, 0x2a, 0x22, 0x2a, 0x22, 0x2a, 0x22, 0x2a, 0x22, 0x2a, 0x22, 0x2a, 0x22, 0x2a, 0x22, 0x2a, 0x22, 0x2a, 0x22, 0x2a, 0x22,
0xc4, 0x00, 0xc4, 0x00, 0xc4, 0x00, 0xc4, 0x00, 0xc4, 0x00, 0xc4, 0x00, 0xc4, 0x00, 0xc4, 0x00, 0xc4, 0x00, 0xc4, 0x00, 0xc4, 0x00, 0xc4, 0x00,
0xc4, 0x00, 0xc4, 0x00, 0xc4, 0x00, 0xc4, 0x00, 0xc4, 0x00, 0xc4, 0x00, 0xc4, 0x00, 0xc4, 0x00, 0xc4, 0x00, 0xc4, 0x00, 0xc4, 0x00, 0xc4, 0x00,
0xc4, 0x00, 0xc4, 0x00, 0xc4, 0x00, 0xc4, 0x00, 0xc4, 0x00, 0xc4, 0x00, 0xc4, 0x00, 0xc4, 0x00, 0xc4, 0x00, 0xc4, 0x00, 0xc4, 0x00, 0xc4, 0x00,
0xc4, 0x00, 0xc4, 0x00, 0xc4, 0x00, 0xc4, 0x00, 0xc4, 0x00, 0xc4, 0x00, 0xc4, 0x00, 0x2a, 0x22, 0x2a, 0x22, 0x2a, 0x22, 0x2a, 0x22, 0xc4, 0x00,
0xc4, 0x00, 0xc4, 0x00, 0xc4, 0x00, 0xc4, 0x00, 0xc4, 0x00, 0x2a, 0x22, 0xc4, 0x00, 0xc4, 0x00, 0xc4, 0x00, 0xc4, 0x00, 0xc4, 0x00, 0x2a, 0x22,
0x2a, 0x22, 0x2a, 0x22, 0x2a, 0x22, 0x2a, 0x22, 0x2a, 0x22, 0x2a, 0x22, 0x2a, 0x22, 0x2a, 0x22, 0x2a, 0x22, 0x2a, 0x22, 0x2a, 0x22, 0x2a, 0x22,
0x2a, 0x22, 0x2a, 0x22, 0x2a, 0x22, 0x2a, 0x22, 0x2a, 0x22, 0x2a, 0x22, 0x2a, 0x22, 0x2a, 0x22, 0x2a, 0x22, 0x2a, 0x22, 0x2a, 0x22, 0xc4, 0x00,
0xc4, 0x00, 0x2a, 0x22, 0x2a, 0x22, 0x2a, 0x22, 0x2a, 0x22, 0xc4, 0x00, 0xc4, 0x00, 0xc4, 0x00, 0xc4, 0x00, 0xc4, 0x00, 0xc4, 0x00, 0x2a, 0x22,
0x2a, 0x22, 0x2a, 0x22, 0xc4, 0x00, 0xc4, 0x00, 0xc4, 0x00, 0xc4, 0x00, 0xc4, 0x00, 0xc4, 0x00, 0xc4, 0x00, 0xc4, 0x00, 0xc4, 0x00, 0xc4, 0x00,
0xc4, 0x00, 0xc4, 0x00, 0xc4, 0x00, 0xc4, 0x00, 0xc4, 0x00, 0xc4, 0x00, 0xc4, 0x00, 0xc4, 0x00, 0xc4, 0x00, 0xc4, 0x00, 0xc4, 0x00, 0xc4, 0x00,
0xc4, 0x00, 0xc4, 0x00, 0xc4, 0x00, 0xc4, 0x00, 0xc4, 0x00, 0xc4, 0x00, 0xc4, 0x00, 0xc4, 0x00, 0xc4, 0x00, 0xc4, 0x00, 0xc4, 0x00, 0xc4, 0x00,
0xc4, 0x00, 0xc4, 0x00, 0xc4, 0x00, 0xc4, 0x00, 0xc4, 0x00, 0xc4, 0x00, 0xc4, 0x00, 0xc4, 0x00, 0xc4, 0x00, 0xc4, 0x00, 0xc4, 0x00, 0xc4, 0x00,
0xc4, 0x00, 0xc4, 0x00, 0xc4, 0x00, 0xc4, 0x00, 0xc4, 0x00, 0xc4, 0x00, 0xc4, 0x00, 0xc4, 0x00, 0x2a, 0x22, 0x2a, 0x22, 0x2a, 0x22, 0x2a, 0x22,
0x2a, 0x22, 0x2a, 0x22, 0x2a, 0x22, 0x2a, 0x22, 0x2a, 0x22, 0x2a, 0x22, 0x2a, 0x22, 0x2a, 0x22, 0x2a, 0x22, 0xc4, 0x00, 0x2a, 0x22, 0x2a, 0x22,
0x2a, 0x22, 0x2a, 0x22, 0x2a, 0x22, 0x2a, 0x22, 0x2a, 0x22, 0x2a, 0x22, 0x2a, 0x22, 0x2a, 0x22, 0x2a, 0x22, 0x2a, 0x22, 0x2a, 0x22, 0x2a, 0x22,
0x2a, 0x22, 0x2a, 0x22, 0x2a, 0x22, 0x2a, 0x22, 0xc4, 0x00, 0xc4, 0x00, 0xc4, 0x00, 0xc4, 0x00, 0xc4, 0x00, 0xc4, 0x00, 0xc4, 0x00, 0xc4, 0x00,
0xc4, 0x00, 0xc4, 0x00, 0x2a, 0x22, 0x2a, 0x22, 0x2a, 0x22, 0x2a, 0x22, 0x2a, 0x22, 0x2a, 0x22, 0x2a, 0x22, 0x2a, 0x22, 0x2a, 0x22, 0x2a, 0x22,
0x2a, 0x22, 0x2a, 0x22, 0x2a, 0x22, 0x2a, 0x22, 0x2a, 0x22, 0x2a, 0x22, 0x2a, 0x22, 0x2a, 0x22, 0x2a, 0x22, 0x2a, 0x22, 0x2a, 0x22, 0xc4, 0x00,
0xc4, 0x00, 0xc4, 0x00, 0xc4, 0x00, 0xc4, 0x00, 0xc4, 0x00, 0xc4, 0x00, 0xc4, 0x00, 0xc4, 0x00, 0xc4, 0x00, 0xc4, 0x00, 0xc4, 0x00, 0xc4, 0x00,
0xc4, 0x00, 0xc4, 0x00, 0xc4, 0x00, 0xc4, 0x00, 0xc4, 0x00, 0xc4, 0x00, 0xc4, 0x00, 0xc4, 0x00, 0xc4, 0x00, 0xc4, 0x00, 0xc4, 0x00, 0xc4, 0x00,
0xc4, 0x00, 0xc4, 0x00, 0xc4, 0x00, 0xc4, 0x00, 0xc4, 0x00, 0xc4, 0x00, 0xc4, 0x00, 0xc4, 0x00, 0xc4, 0x00, 0xc4, 0x00, 0xc4, 0x00, 0xc4, 0x00,
0xc4, 0x00, 0xc4, 0x00, 0xc4, 0x00, 0xc4, 0x00, 0xc4, 0x00, 0xc4, 0x00, 0x2a, 0x22, 0x2a, 0x22, 0x2a, 0x22, 0xc4, 0x00, 0xc4, 0x00, 0xc4, 0x00,
0xc4, 0x00, 0xc4, 0x00, 0xc4, 0x00, 0xc4, 0x00, 0x2a, 0x22, 0x2a, 0x22, 0x2a, 0x22, 0xc4, 0x00, 0x2a, 0x22, 0x2a, 0x22, 0x2a, 0x22, 0x2a, 0x22,
0x2a, 0x22, 0x2a, 0x22, 0x2a, 0x22, 0x2a, 0x22, 0x2a, 0x22, 0x2a, 0x22, 0x2a, 0x22, 0x2a, 0x22, 0x2a, 0x22, 0x2a, 0x22, 0x2a, 0x22, 0x2a, 0x22,
0x2a, 0x22, 0x2a, 0x22, 0x2a, 0x22, 0x2a, 0x22, 0x2a, 0x22, 0x2a, 0x22, 0x2a, 0x22, 0x2a, 0x22, 0x2a, 0x22, 0x2a, 0x22, 0x2a, 0x22, 0x2a, 0x22,
0x2a, 0x22, 0x2a, 0x22, 0x2a, 0x22, 0x2a, 0x22, 0x2a, 0x22, 0xc4, 0x00, 0x2a, 0x22, 0xc4, 0x00, 0x2a, 0x22, 0xc4, 0x00, 0x2a, 0x22, 0x2a, 0x22,
0x2a, 0x22, 0x2a, 0x22, 0x2a, 0x22, 0x2a, 0x22, 0x2a, 0x22, 0x2a, 0x22, 0xc4, 0x00, 0xc4, 0x00, 0xc4, 0x00, 0xc4, 0x00, 0xc4, 0x00, 0xc4, 0x00,
0xc4, 0x00, 0xc4, 0x00, 0xc4, 0x00, 0xc4, 0x00, 0xc4, 0x00, 0xc4, 0x00, 0xc4, 0x00, 0xc4, 0x00, 0xc4, 0x00, 0xc4, 0x00, 0xc4, 0x00, 0xc4, 0x00,
0x2a, 0x22, 0x2a, 0x22, 0xc4, 0x00, 0xc4, 0x00, 0xc4, 0x00, 0xc4, 0x00, 0xc4, 0x00, 0xc4, 0x00, 0xc4, 0x00, 0xc4, 0x00, 0x2a, 0x22, 0x2a, 0x22,
0x2a, 0x22, 0x2a, 0x22, 0x2a, 0x22, 0x2a, 0x22, 0x2a, 0x22, 0x2a, 0x22, 0x2a, 0x22, 0x2a, 0x22, 0xc4, 0x00, 0xc4, 0x00, 0xc4, 0x00, 0xc4, 0x00,
0xc4, 0x00, 0xc4, 0x00, 0xc4, 0x00, 0xc4, 0x00, 0xc4, 0x00, 0x2a, 0x22, 0x2a, 0x22, 0x2a, 0x22, 0xc4, 0x00, 0x2a, 0x22, 0x2a, 0x22, 0x2a, 0x22,
0x2a, 0x22, 0x2a, 0x22, 0x2a, 0x22, 0x2a, 0x22, 0x2a, 0x22, 0x2a, 0x22, 0x2a, 0x22, 0x2a, 0x22, 0x2a, 0x22, 0x2a, 0x22, 0x2a, 0x22, 0xc4, 0x00,
0x2a, 0x22, 0x2a, 0x22, 0x2a, 0x22, 0x2a, 0x22, 0x2a, 0x22, 0x2a, 0x22, 0x2a, 0x22, 0x2a, 0x22, 0x2a, 0x22, 0x2a, 0x22, 0x2a, 0x22, 0x2a, 0x22,
0x2a, 0x22, 0x2a, 0x22, 0x2a, 0x22, 0x2a, 0x22, 0x2a, 0x22, 0x2a, 0x22, 0x2a, 0x22, 0xc4, 0x00, 0xc4, 0x00, 0xc4, 0x00, 0xc4, 0x00, 0xc4, 0x00,
0xc4, 0x00, 0xc4, 0x00, 0x2a, 0x22, 0x2a, 0x22, 0x2a, 0x22, 0x2a, 0x22, 0x2a, 0x22, 0x2a, 0x22, 0x2a, 0x22, 0x2a, 0x22, 0x2a, 0x22, 0x2a, 0x22,
0x2a, 0x22, 0x2a, 0x22, 0x2a, 0x22, 0x2a, 0x22, 0x2a, 0x22, 0x2a, 0x22, 0x2a, 0x22, 0x2a, 0x22, 0x2a, 0x22, 0x2a, 0x22, 0x2a, 0x22, 0xc4, 0x00,
0xc4, 0x00, 0xc4, 0x00, 0xc4, 0x00, 0xc4, 0x00, 0xc4, 0x00, 0xc4, 0x00, 0xc4, 0x00, 0xc4, 0x00, 0xc4, 0x00, 0xc4, 0x00, 0xc4, 0x00, 0xc4, 0x00,
0xc4, 0x00, 0xc4, 0x00, 0xc4, 0x00, 0xc4, 0x00, 0xc4, 0x00, 0xc4, 0x00, 0xc4, 0x00, 0xc4, 0x00, 0xc4, 0x00, 0xc4, 0x00, 0xc4, 0x00, 0xc4, 0x00,
0x2a, 0x22, 0x2a, 0x22, 0x2a, 0x22, 0x2a, 0x22, 0x2a, 0x22, 0x2a, 0x22, 0x2a, 0x22, 0xc4, 0x00, 0xc4, 0x00, 0xc4, 0x00, 0xc4, 0x00, 0xc4, 0x00,
0xc4, 0x00, 0xc4, 0x00, 0xc4, 0x00, 0xc4, 0x00, 0xc4, 0x00, 0xc4, 0x00, 0x2a, 0x22, 0x2a, 0x22, 0x2a, 0x22, 0x2a, 0x22, 0xc4, 0x00, 0xc4, 0x00,
0xc4, 0x00, 0xc4, 0x00, 0xc4, 0x00, 0x2a, 0x22, 0x2a, 0x22, 0x2a, 0x22, 0x2a, 0x22, 0x2a, 0x22, 0x2a, 0x22, 0x2a, 0x22, 0x2a, 0x22, 0x2a, 0x22,
0x2a, 0x22, 0x2a, 0x22, 0x2a, 0x22, 0x2a, 0x22, 0x2a, 0x22, 0x2a, 0x22, 0x2a, 0x22, 0x2a, 0x22, 0x2a, 0x22, 0x2a, 0x22, 0x2a, 0x22, 0x2a, 0x22,
0x2a, 0x22, 0x2a, 0x22, 0x2a, 0x22, 0x2a, 0x22, 0x2a, 0x22, 0x2a, 0x22, 0x2a, 0x22, 0x2a, 0x22, 0x2a, 0x22, 0x2a, 0x22, 0x2a, 0x22, 0x2a, 0x22,
0x2a, 0x22, 0x2a, 0x22, 0x2a, 0x22, 0x2a, 0x22, 0x2a, 0x22, 0x2a, 0x22, 0x2a, 0x22, 0x2a, 0x22, 0x2a, 0x22, 0x2a, 0x22, 0x2a, 0x22, 0x2a, 0x22,
0x2a, 0x22, 0x2a, 0x22, 0x2a, 0x22, 0x2a, 0x22, 0x2a, 0x22, 0x2a, 0x22, 0x2a, 0x22, 0x2a, 0x22, 0x2a, 0x22, 0x2a, 0x22, 0x2a, 0x22, 0xc4, 0x00,
0xc4, 0x00, 0xc4, 0x00, 0xc4, 0x00, 0xc4, 0x00, 0xc4, 0x00, 0xc4, 0x00, 0xc4, 0x00, 0xc4, 0x00, 0xc4, 0x00, 0xc4, 0x00, 0x2a, 0x22, 0x2a, 0x22,
0x2a, 0x22, 0xc4, 0x00, 0xc4, 0x00, 0xc4, 0x00, 0xc4, 0x00, 0xc4, 0x00, 0xc4, 0x00, 0xc4, 0x00, 0x2a, 0x22, 0x2a, 0x22, 0x2a, 0x22, 0x2a, 0x22,
0x2a, 0x22, 0x2a, 0x22, 0x2a, 0x22, 0x2a, 0x22, 0x2a, 0x22, 0x2a, 0x22, 0x2a, 0x22, 0x2a, 0x22, 0x2a, 0x22, 0x2a, 0x22, 0x2a, 0x22, 0x2a, 0x22,
0x2a, 0x22, 0x2a, 0x22, 0x2a, 0x22, 0x2a, 0x22, 0x2a, 0x22, 0x2a, 0x22, 0x2a, 0x22, 0x2a, 0x22, 0x2a, 0x22, 0x2a, 0x22, 0x2a, 0x22, 0x2a, 0x22,
0x2a, 0x22, 0x2a, 0x22, 0x2a, 0x22, 0x2a, 0x22, 0x2a, 0x22, 0x2a, 0x22, 0x2a, 0x22, 0x2a, 0x22, 0x2a, 0x22, 0x2a, 0x22, 0x2a, 0x22, 0x2a, 0x22,
0x2a, 0x22, 0x2a, 0x22, 0x2a, 0x22, 0x2a, 0x22, 0x2a, 0x22, 0x2a, 0x22, 0x2a, 0x22, 0xc4, 0x00, 0x2a, 0x22, 0x2a, 0x22, 0x2a, 0x22, 0x2a, 0x22,
0x2a, 0x22, 0x2a, 0x22, 0x2a, 0x22, 0x2a, 0x22, 0x2a, 0x22, 0x2a, 0x22, 0x2a, 0x22, 0x2a, 0x22, 0xc4, 0x00, 0xc4, 0x00, 0xc4, 0x00, 0xc4, 0x00,
0xc4, 0x00, 0xc4, 0x00, 0x2a, 0x22, 0x2a, 0x22, 0x2a, 0x22, 0x2a, 0x22, 0x2a, 0x22, 0x2a, 0x22, 0x2a, 0x22, 0x2a, 0x22, 0x2a, 0x22, 0x2a, 0x22,
0x2a, 0x22, 0x2a, 0x22, 0x2a, 0x22, 0x2a, 0x22, 0x2a, 0x22, 0x2a, 0x22, 0x2a, 0x22, 0x2a, 0x22, 0x2a, 0x22, 0x2a, 0x22, 0x2a, 0x22, 0xc4, 0x00,
0xc4, 0x00, 0xc4, 0x00, 0xc4, 0x00, 0xc4, 0x00, 0xc4, 0x00, 0xc4, 0x00, 0xc4, 0x00, 0xc4, 0x00, 0xc4, 0x00, 0xc4, 0x00, 0xc4, 0x00, 0xc4, 0x00,
0xc4, 0x00, 0xc4, 0x00, 0xc4, 0x00, 0xc4, 0x00, 0xc4, 0x00, 0xc4, 0x00, 0xc4, 0x00, 0xc4, 0x00, 0xc4, 0x00, 0xc4, 0x00, 0x2a, 0x22, 0x2a, 0x22,
0x2a, 0x22, 0x2a, 0x22, 0x2a, 0x22, 0x2a, 0x22, 0x2a, 0x22, 0x2a, 0x22, 0x2a, 0x22, 0x2a, 0x22, 0x2a, 0x22, 0x2a, 0x22, 0xc4, 0x00, 0xc4, 0x00,
0xc4, 0x00, 0xc4, 0x00, 0xc4, 0x00, 0xc4, 0x00, 0xc4, 0x00, 0xc4, 0x00, 0xc4, 0x00, 0x2a, 0x22, 0x2a, 0x22, 0xc4, 0x00, 0x2a, 0x22, 0x2a, 0x22,
0x2a, 0x22, 0x2a, 0x22, 0x2a, 0x22, 0x2a, 0x22, 0x2a, 0x22, 0x2a, 0x22, 0x2a, 0x22, 0x2a, 0x22, 0x2a, 0x22, 0x2a, 0x22, 0x2a, 0x22, 0x2a, 0x22,
0x2a, 0x22, 0x2a, 0x22, 0x2a, 0x22, 0x2a, 0x22, 0x2a, 0x22, 0x2a, 0x22, 0x2a, 0x22, 0x2a, 0x22, 0x2a, 0x22, 0x2a, 0x22, 0x2a, 0x22, 0x2a, 0x22,
0x2a, 0x22, 0x2a, 0x22, 0x2a, 0x22, 0x2a, 0x22, 0x2a, 0x22, 0x2a, 0x22, 0x2a, 0x22, 0x2a, 0x22, 0x2a, 0x22, 0x2a, 0x22, 0x2a, 0x22, 0x2a, 0x22,
0x2a, 0x22, 0x2a, 0x22, 0x2a, 0x22, 0x2a, 0x22, 0x2a, 0x22, 0x2a, 0x22, 0x2a, 0x22, 0x2a, 0x22, 0x2a, 0x22, 0x2a, 0x22, 0x2a, 0x22, 0x2a, 0x22,
0x2a, 0x22, 0x2a, 0x22, 0x2a, 0x22, 0x2a, 0x22, 0x2a, 0x22, 0x2a, 0x22, 0x2a, 0x22, 0x2a, 0x22, 0x2a, 0x22, 0x2a, 0x22, 0x2a, 0x22, 0x2a, 0x22,
0x2a, 0x22, 0x2a, 0x22, 0x2a, 0x22, 0x2a, 0x22, 0xc4, 0x00, 0x2a, 0x22, 0x2a, 0x22, 0x2a, 0x22, 0x2a, 0x22, 0x2a, 0x22, 0x2a, 0x22, 0x2a, 0x22,
0x2a, 0x22, 0x2a, 0x22, 0xc4, 0x00, 0xc4, 0x00, 0xc4, 0x00, 0xc4, 0x00, 0xc4, 0x00, 0x2a, 0x22, 0x2a, 0x22, 0x2a, 0x22, 0x2a, 0x22, 0x2a, 0x22,
0x2a, 0x22, 0x2a, 0x22, 0x2a, 0x22, 0x2a, 0x22, 0x2a, 0x22, 0x2a, 0x22, 0x2a, 0x22, 0x2a, 0x22, 0x2a, 0x22, 0x2a, 0x22, 0x2a, 0x22, 0x2a, 0x22,
0x2a, 0x22, 0x2a, 0x22, 0x2a, 0x22, 0x2a, 0x22, 0x2a, 0x22, 0x2a, 0x22, 0x2a, 0x22, 0x2a, 0x22, 0x2a, 0x22, 0x2a, 0x22, 0x2a, 0x22, 0x2a, 0x22,
0x2a, 0x22, 0x2a, 0x22, 0x2a, 0x22, 0x2a, 0x22, 0x2a, 0x22, 0x2a, 0x22, 0x2a, 0x22, 0x2a, 0x22, 0x2a, 0x22, 0x2a, 0x22, 0x2a, 0x22, 0x2a, 0x22,
0x2a, 0x22, 0x2a, 0x22, 0x2a, 0x22, 0x2a, 0x22, 0x2a, 0x22, 0x2a, 0x22, 0x2a, 0x22, 0x2a, 0x22, 0x2a, 0x22, 0x2a, 0x22, 0x2a, 0x22, 0xc4, 0x00,
0xc4, 0x00, 0x2a, 0x22, 0x2a, 0x22, 0x2a, 0x22, 0x2a, 0x22, 0x2a, 0x22, 0x2a, 0x22, 0x2a, 0x22, 0x2a, 0x22, 0xc4, 0x00, 0xc4, 0x00, 0xc4, 0x00,
0xc4, 0x00, 0xc4, 0x00, 0xc4, 0x00, 0x2a, 0x22, 0x2a, 0x22, 0x2a, 0x22, 0x2a, 0x22, 0x2a, 0x22, 0x2a, 0x22, 0x2a, 0x22, 0x2a, 0x22, 0x2a, 0x22,
0x2a, 0x22, 0x2a, 0x22, 0x2a, 0x22, 0x2a, 0x22, 0x2a, 0x22, 0x2a, 0x22, 0x2a, 0x22, 0xc4, 0x00, 0xc4, 0x00, 0xc4, 0x00, 0xc4, 0x00, 0xc4, 0x00,
0xc4, 0x00, 0xc4, 0x00, 0xc4, 0x00, 0xc4, 0x00, 0xc4, 0x00, 0xc4, 0x00, 0xc4, 0x00, 0xc4, 0x00, 0xc4, 0x00, 0xc4, 0x00, 0xc4, 0x00, 0xc4, 0x00,
0xc4, 0x00, 0xc4, 0x00, 0xc4, 0x00, 0xc4, 0x00, 0xc4, 0x00, 0xc4, 0x00, 0xc4, 0x00, 0xc4, 0x00, 0x2a, 0x22, 0x2a, 0x22, 0x2a, 0x22, 0x2a, 0x22,
0x2a, 0x22, 0x2a, 0x22, 0x2a, 0x22, 0x2a, 0x22, 0x2a, 0x22, 0x2a, 0x22, 0x2a, 0x22, 0x2a, 0x22, 0x2a, 0x22, 0x2a, 0x22, 0x2a, 0x22, 0x2a, 0x22,
0x2a, 0x22, 0x2a, 0x22, 0x2a, 0x22, 0x2a, 0x22, 0x2a, 0x22, 0x2a, 0x22, 0x2a, 0x22, 0x2a, 0x22, 0x2a, 0x22, 0x2a, 0x22, 0x2a, 0x22, 0x2a, 0x22,
0x2a, 0x22, 0x2a, 0x22, 0x2a, 0x22, 0x2a, 0x22, 0x2a, 0x22, 0x2a, 0x22, 0x2a, 0x22, 0x2a, 0x22, 0x2a, 0x22, 0x2a, 0x22, 0x2a, 0x22, 0x2a, 0x22,
0x2a, 0x22, 0x2a, 0x22, 0x2a, 0x22, 0x2a, 0x22, 0x2a, 0x22, 0x2a, 0x22, 0x2a, 0x22, 0x2a, 0x22, 0x2a, 0x22, 0x2a, 0x22, 0x2a, 0x22, 0x2a, 0x22,
0x2a, 0x22, 0x2a, 0x22, 0x2a, 0x22, 0x2a, 0x22, 0x2a, 0x22, 0x2a, 0x22, 0x2a, 0x22, 0x2a, 0x22, 0x2a, 0x22, 0x2a, 0x22, 0x2a, 0x22, 0x2a, 0x22,
0x2a, 0x22, 0x2a, 0x22, 0x2a, 0x22, 0x2a, 0x22, 0x2a, 0x22, 0x2a, 0x22, 0x2a, 0x22, 0x2a, 0x22, 0x2a, 0x22, 0x2a, 0x22, 0x2a, 0x22, 0x2a, 0x22,
0x2a, 0x22, 0x2a, 0x22, 0x2a, 0x22, 0x2a, 0x22, 0x2a, 0x22, 0x2a, 0x22, 0x2a, 0x22, 0x2a, 0x22, 0x2a, 0x22, 0x2a, 0x22, 0x2a, 0x22, 0x2a, 0x22,
0x2a, 0x22, 0x2a, 0x22, 0x2a, 0x22, 0x2a, 0x22, 0x2a, 0x22, 0x2a, 0x22, 0x2a, 0x22, 0x2a, 0x22, 0x2a, 0x22, 0x2a, 0x22, 0x2a, 0x22, 0x2a, 0x22,
0x2a, 0x22, 0x2a, 0x22, 0x2a, 0x22, 0x2a, 0x22, 0x2a, 0x22, 0x2a, 0x22, 0x2a, 0x22, 0x2a, 0x22, 0x2a, 0x22, 0x2a, 0x22, 0x2a, 0x22, 0x2a, 0x22,
0x2a, 0x22, 0x2a, 0x22, 0x2a, 0x22, 0x2a, 0x22, 0x2a, 0x22, 0x2a, 0x22, 0x2a, 0x22, 0x2a, 0x22, 0x2a, 0x22, 0x2a, 0x22, 0x2a, 0x22, 0x2a, 0x22,
0x2a, 0x22, 0x2a, 0x22, 0x2a, 0x22, 0x2a, 0x22, 0x2a, 0x22, 0x2a, 0x22, 0x2a, 0x22, 0x2a, 0x22, 0x2a, 0x22, 0x2a, 0x22, 0x2a, 0x22, 0x2a, 0x22,
0x2a, 0x22, 0x2a, 0x22, 0x2a, 0x22, 0x2a, 0x22, 0x2a, 0x22, 0x2a, 0x22, 0x2a, 0x22, 0x2a, 0x22, 0x2a, 0x22, 0x2a, 0x22, 0x2a, 0x22, 0x2a, 0x22,
0x2a, 0x22, 0x2a, 0x22, 0x2a, 0x22, 0x2a, 0x22, 0x2a, 0x22, 0x2a, 0x22, 0x2a, 0x22, 0x2a, 0x22, 0x2a, 0x22, 0x2a, 0x22, 0x2a, 0x22, 0xc4, 0x00,
0xc4, 0x00, 0x2a, 0x22, 0x2a, 0x22, 0x2a, 0x22, 0x2a, 0x22, 0x2a, 0x22, 0x2a, 0x22, 0x2a, 0x22, 0x2a, 0x22, 0x2a, 0x22, 0x2a, 0x22, 0xc4, 0x00,
0xc4, 0x00, 0xc4, 0x00, 0xc4, 0x00, 0x2a, 0x22, 0x2a, 0x22, 0x2a, 0x22, 0x2a, 0x22, 0x2a, 0x22, 0x2a, 0x22, 0x2a, 0x22, 0x2a, 0x22, 0x2a, 0x22,
0x2a, 0x22, 0x2a, 0x22, 0x2a, 0x22, 0x2a, 0x22, 0xc4, 0x00, 0xc4, 0x00, 0xc4, 0x00, 0xc4, 0x00, 0xc4, 0x00, 0x2a, 0x22, 0x2a, 0x22, 0xc4, 0x00,
0x2a, 0x22, 0x2a, 0x22, 0x2a, 0x22, 0xc4, 0x00, 0xc4, 0x00, 0xc4, 0x00, 0xc4, 0x00, 0xc4, 0x00, 0xc4, 0x00, 0xc4, 0x00, 0xc4, 0x00, 0xc4, 0x00,
0xc4, 0x00, 0xc4, 0x00, 0xc4, 0x00, 0xc4, 0x00, 0xc4, 0x00, 0xc4, 0x00, 0xc4, 0x00, 0x2a, 0x22, 0x2a, 0x22, 0x2a, 0x22, 0x2a, 0x22, 0x2a, 0x22,
0x2a, 0x22, 0x2a, 0x22, 0x2a, 0x22, 0x2a, 0x22, 0x2a, 0x22, 0x2a, 0x22, 0x2a, 0x22, 0x2a, 0x22, 0x2a, 0x22, 0x2a, 0x22, 0x2a, 0x22, 0x2a, 0x22,
0x2a, 0x22, 0x2a, 0x22, 0x2a, 0x22, 0x2a, 0x22, 0x2a, 0x22, 0x2a, 0x22, 0x2a, 0x22, 0x2a, 0x22, 0x2a, 0x22, 0x2a, 0x22, 0x2a, 0x22, 0x2a, 0x22,
0x2a, 0x22, 0x2a, 0x22, 0x2a, 0x22, 0x2a, 0x22, 0x2a, 0x22, 0x2a, 0x22, 0x2a, 0x22, 0x2a, 0x22, 0x2a, 0x22, 0x2a, 0x22, 0x2a, 0x22, 0x2a, 0x22,
0x2a, 0x22, 0x2a, 0x22, 0x2a, 0x22, 0x2a, 0x22, 0x2a, 0x22, 0x2a, 0x22, 0x2a, 0x22, 0x2a, 0x22, 0x2a, 0x22, 0x2a, 0x22, 0x2a, 0x22, 0x2a, 0x22,
0x2a, 0x22, 0x2a, 0x22, 0x2a, 0x22, 0x2a, 0x22, 0x2a, 0x22, 0x2a, 0x22, 0x2a, 0x22, 0x2a, 0x22, 0x2a, 0x22, 0x2a, 0x22, 0x2a, 0x22, 0x2a, 0x22,
0x2a, 0x22, 0x2a, 0x22, 0x2a, 0x22, 0x2a, 0x22, 0x2a, 0x22, 0x2a, 0x22, 0x2a, 0x22, 0x2a, 0x22, 0x2a, 0x22, 0x2a, 0x22, 0x2a, 0x22, 0x2a, 0x22,
0x2a, 0x22, 0x2a, 0x22, 0x2a, 0x22, 0x2a, 0x22, 0x2a, 0x22, 0x2a, 0x22, 0x2a, 0x22, 0x2a, 0x22, 0x2a, 0x22, 0x2a, 0x22, 0x2a, 0x22, 0x2a, 0x22,
0x2a, 0x22, 0x2a, 0x22, 0x2a, 0x22, 0x2a, 0x22, 0x2a, 0x22, 0x2a, 0x22, 0x2a, 0x22, 0x2a, 0x22, 0x2a, 0x22, 0x2a, 0x22, 0x2a, 0x22, 0x2a, 0x22,
0x2a, 0x22, 0x2a, 0x22, 0x2a, 0x22, 0x2a, 0x22, 0x2a, 0x22, 0x2a, 0x22, 0xc4, 0x00, 0x2a, 0x22, 0x2a, 0x22, 0x2a, 0x22, 0x2a, 0x22, 0x2a, 0x22,
0x2a, 0x22, 0x2a, 0x22, 0x2a, 0x22, 0x2a, 0x22, 0x2a, 0x22, 0x2a, 0x22, 0x2a, 0x22, 0x2a, 0x22, 0x2a, 0x22, 0x2a, 0x22, 0x2a, 0x22, 0x2a, 0x22,
0x2a, 0x22, 0x2a, 0x22, 0x2a, 0x22, 0x2a, 0x22, 0x2a, 0x22, 0x2a, 0x22, 0x2a, 0x22, 0x2a, 0x22, 0x2a, 0x22, 0x2a, 0x22, 0x2a, 0x22, 0x2a, 0x22,
0x2a, 0x22, 0x2a, 0x22, 0x2a, 0x22, 0x2a, 0x22, 0x2a, 0x22, 0x2a, 0x22, 0x2a, 0x22, 0x2a, 0x22, 0x2a, 0x22, 0x2a, 0x22, 0x2a, 0x22, 0x2a, 0x22,
0x2a, 0x22, 0x2a, 0x22, 0x2a, 0x22, 0x2a, 0x22, 0x2a, 0x22, 0x2a, 0x22, 0x2a, 0x22, 0x2a, 0x22, 0x2a, 0x22, 0x2a, 0x22, 0x2a, 0x22, 0xc4, 0x00,
0x2a, 0x22, 0x2a, 0x22, 0x2a, 0x22, 0x2a, 0x22, 0x2a, 0x22, 0x2a, 0x22, 0x2a, 0x22, 0x2a, 0x22, 0x2a, 0x22, 0x2a, 0x22, 0xc4, 0x00, 0xc4, 0x00,
0xc4, 0x00, 0xc4, 0x00, 0xc4, 0x00, 0xc4, 0x00, 0x2a, 0x22, 0x2a, 0x22, 0x2a, 0x22, 0x2a, 0x22, 0x2a, 0x22, 0x2a, 0x22, 0x2a, 0x22, 0x2a, 0x22,
0x2a, 0x22, 0xc4, 0x00, 0xc4, 0x00, 0xc4, 0x00, 0xc4, 0x00, 0xc4, 0x00, 0xc4, 0x00, 0xc4, 0x00, 0x2a, 0x22, 0x2a, 0x22, 0x2a, 0x22, 0x2a, 0x22,
0x2a, 0x22, 0x37, 0x4f, 0x2a, 0x22, 0x2a, 0x22, 0xc4, 0x00, 0xc4, 0x00, 0xc4, 0x00, 0xc4, 0x00, 0xc4, 0x00, 0xc4, 0x00, 0xc4, 0x00, 0xc4, 0x00,
0xc4, 0x00, 0xc4, 0x00, 0xc4, 0x00, 0xc4, 0x00, 0xc4, 0x00, 0xc4, 0x00, 0x2a, 0x22, 0x2a, 0x22, 0x2a, 0x22, 0x2a, 0x22, 0x2a, 0x22, 0x2a, 0x22,
0x2a, 0x22, 0xc4, 0x00, 0x2a, 0x22, 0x2a, 0x22, 0x2a, 0x22, 0x2a, 0x22, 0x2a, 0x22, 0x2a, 0x22, 0x2a, 0x22, 0x2a, 0x22, 0x2a, 0x22, 0x2a, 0x22,
0x2a, 0x22, 0x2a, 0x22, 0x2a, 0x22, 0x2a, 0x22, 0x2a, 0x22, 0x2a, 0x22, 0x2a, 0x22, 0x2a, 0x22, 0x2a, 0x22, 0x2a, 0x22, 0x2a, 0x22, 0x2a, 0x22,
0x2a, 0x22, 0x2a, 0x22, 0x2a, 0x22, 0x2a, 0x22, 0x2a, 0x22, 0x2a, 0x22, 0x2a, 0x22, 0x2a, 0x22, 0x2a, 0x22, 0x2a, 0x22, 0x2a, 0x22, 0x2a, 0x22,
0x2a, 0x22, 0x2a, 0x22, 0x2a, 0x22, 0x2a, 0x22, 0x2a, 0x22, 0x2a, 0x22, 0x2a, 0x22, 0x2a, 0x22, 0x2a, 0x22, 0x2a, 0x22, 0x2a, 0x22, 0x2a, 0x22,
0x2a, 0x22, 0x2a, 0x22, 0x2a, 0x22, 0x2a, 0x22, 0x2a, 0x22, 0x2a, 0x22, 0x2a, 0x22, 0x2a, 0x22, 0x2a, 0x22, 0x2a, 0x22, 0x2a, 0x22, 0x2a, 0x22,
0x2a, 0x22, 0x2a, 0x22, 0x2a, 0x22, 0x2a, 0x22, 0x2a, 0x22, 0x2a, 0x22, 0x2a, 0x22, 0x2a, 0x22, 0x2a, 0x22, 0x2a, 0x22, 0x2a, 0x22, 0x2a, 0x22,
0x2a, 0x22, 0x2a, 0x22, 0x2a, 0x22, 0x2a, 0x22, 0x2a, 0x22, 0x2a, 0x22, 0x2a, 0x22, 0x2a, 0x22, 0x2a, 0x22, 0x2a, 0x22, 0x2a, 0x22, 0x2a, 0x22,
0x2a, 0x22, 0x2a, 0x22, 0x2a, 0x22, 0x2a, 0x22, 0x2a, 0x22, 0x2a, 0x22, 0x2a, 0x22, 0x2a, 0x22, 0x2a, 0x22, 0x2a, 0x22, 0x2a, 0x22, 0x2a, 0x22,
0xc4, 0x00, 0xc4, 0x00, 0xc4, 0x00, 0x2a, 0x22, 0x2a, 0x22, 0x2a, 0x22, 0x2a, 0x22, 0xc4, 0x00, 0x2a, 0x22, 0x2a, 0x22, 0x2a, 0x22, 0x2a, 0x22,
0x2a, 0x22, 0x2a, 0x22, 0x2a, 0x22, 0x2a, 0x22, 0x2a, 0x22, 0x2a, 0x22, 0x2a, 0x22, 0x2a, 0x22, 0x2a, 0x22, 0x2a, 0x22, 0x2a, 0x22, 0x2a, 0x22,
0x2a, 0x22, 0x2a, 0x22, 0x2a, 0x22, 0x2a, 0x22, 0x2a, 0x22, 0x2a, 0x22, 0x2a, 0x22, 0x2a, 0x22, 0x2a, 0x22, 0x2a, 0x22, 0x2a, 0x22, 0x2a, 0x22,
0x2a, 0x22, 0x2a, 0x22, 0x2a, 0x22, 0x2a, 0x22, 0x2a, 0x22, 0x2a, 0x22, 0x2a, 0x22, 0x2a, 0x22, 0x2a, 0x22, 0x2a, 0x22, 0x2a, 0x22, 0x2a, 0x22,
0x2a, 0x22, 0x2a, 0x22, 0x2a, 0x22, 0x2a, 0x22, 0x2a, 0x22, 0x2a, 0x22, 0x2a, 0x22, 0x2a, 0x22, 0x2a, 0x22, 0x2a, 0x22, 0x2a, 0x22, 0x2a, 0x22,
0xc4, 0x00, 0x2a, 0x22, 0x2a, 0x22, 0x2a, 0x22, 0x2a, 0x22, 0x2a, 0x22, 0x2a, 0x22, 0x2a, 0x22, 0x2a, 0x22, 0xc4, 0x00, 0xc4, 0x00, 0xc4, 0x00,
0xc4, 0x00, 0xc4, 0x00, 0xc4, 0x00, 0xc4, 0x00, 0x2a, 0x22, 0x2a, 0x22, 0x2a, 0x22, 0x2a, 0x22, 0x2a, 0x22, 0x2a, 0x22, 0x2a, 0x22, 0x2a, 0x22,
0xc4, 0x00, 0xc4, 0x00, 0xc4, 0x00, 0xc4, 0x00, 0xc4, 0x00, 0xc4, 0x00, 0xc4, 0x00, 0xc4, 0x00, 0xc4, 0x00, 0x2a, 0x22, 0x37, 0x4f, 0x2a, 0x22,
0x2a, 0x22, 0x2a, 0x22, 0x2a, 0x22, 0xc4, 0x00, 0xc4, 0x00, 0xc4, 0x00, 0xc4, 0x00, 0xc4, 0x00, 0xc4, 0x00, 0xc4, 0x00, 0xc4, 0x00, 0xc4, 0x00,
0xc4, 0x00, 0xc4, 0x00, 0xc4, 0x00, 0xc4, 0x00, 0x2a, 0x22, 0x2a, 0x22, 0x2a, 0x22, 0x2a, 0x22, 0x2a, 0x22, 0x2a, 0x22, 0x2a, 0x22, 0x2a, 0x22,
0x2a, 0x22, 0x2a, 0x22, 0x2a, 0x22, 0x2a, 0x22, 0x2a, 0x22, 0x2a, 0x22, 0x2a, 0x22, 0x2a, 0x22, 0x2a, 0x22, 0x2a, 0x22, 0x2a, 0x22, 0x2a, 0x22,
0x2a, 0x22, 0x2a, 0x22, 0x2a, 0x22, 0x2a, 0x22, 0x2a, 0x22, 0x2a, 0x22, 0x2a, 0x22, 0x2a, 0x22, 0x2a, 0x22, 0x2a, 0x22, 0x2a, 0x22, 0x2a, 0x22,
0x2a, 0x22, 0x2a, 0x22, 0x2a, 0x22, 0x2a, 0x22, 0x2a, 0x22, 0x2a, 0x22, 0x2a, 0x22, 0x2a, 0x22, 0x2a, 0x22, 0x2a, 0x22, 0x2a, 0x22, 0x2a, 0x22,
0x2a, 0x22, 0x2a, 0x22, 0x2a, 0x22, 0x2a, 0x22, 0x2a, 0x22, 0x2a, 0x22, 0x2a, 0x22, 0x2a, 0x22, 0x2a, 0x22, 0x2a, 0x22, 0x2a, 0x22, 0x2a, 0x22,
0x2a, 0x22, 0x2a, 0x22, 0x2a, 0x22, 0x2a, 0x22, 0x2a, 0x22, 0x2a, 0x22, 0x2a, 0x22, 0x2a, 0x22, 0x2a, 0x22, 0x2a, 0x22, 0x2a, 0x22, 0x2a, 0x22,
0x2a, 0x22, 0x2a, 0x22, 0x2a, 0x22, 0x2a, 0x22, 0x2a, 0x22, 0x2a, 0x22, 0x2a, 0x22, 0x2a, 0x22, 0x2a, 0x22, 0x2a, 0x22, 0x2a, 0x22, 0x2a, 0x22,
0x2a, 0x22, 0x2a, 0x22, 0x2a, 0x22, 0x2a, 0x22, 0x2a, 0x22, 0x2a, 0x22, 0x2a, 0x22, 0x2a, 0x22, 0x2a, 0x22, 0x2a, 0x22, 0x2a, 0x22, 0x2a, 0x22,
0x2a, 0x22, 0x2a, 0x22, 0x2a, 0x22, 0x2a, 0x22, 0x2a, 0x22, 0x2a, 0x22, 0x2a, 0x22, 0x2a, 0x22, 0x2a, 0x22, 0x2a, 0x22, 0x2a, 0x22, 0xc4, 0x00,
0xc4, 0x00, 0xc4, 0x00, 0xc4, 0x00, 0xc4, 0x00, 0xc4, 0x00, 0xc4, 0x00, 0x2a, 0x22, 0xc4, 0x00, 0x2a, 0x22, 0x2a, 0x22, 0x2a, 0x22, 0x2a, 0x22,
0x2a, 0x22, 0x2a, 0x22, 0x2a, 0x22, 0x2a, 0x22, 0x2a, 0x22, 0x2a, 0x22, 0x2a, 0x22, 0x2a, 0x22, 0x2a, 0x22, 0x2a, 0x22, 0x2a, 0x22, 0x2a, 0x22,
0x2a, 0x22, 0x2a, 0x22, 0x2a, 0x22, 0x2a, 0x22, 0x2a, 0x22, 0x2a, 0x22, 0x2a, 0x22, 0x2a, 0x22, 0x2a, 0x22, 0x2a, 0x22, 0x2a, 0x22, 0x2a, 0x22,
0x2a, 0x22, 0x2a, 0x22, 0x2a, 0x22, 0x2a, 0x22, 0x2a, 0x22, 0x2a, 0x22, 0x2a, 0x22, 0x2a, 0x22, 0x2a, 0x22, 0x2a, 0x22, 0x2a, 0x22, 0x2a, 0x22,
0x2a, 0x22, 0x2a, 0x22, 0x2a, 0x22, 0x2a, 0x22, 0x2a, 0x22, 0x2a, 0x22, 0xc4, 0x00, 0xc4, 0x00, 0x2a, 0x22, 0x2a, 0x22, 0x2a, 0x22, 0x2a, 0x22,
0x2a, 0x22, 0x2a, 0x22, 0x2a, 0x22, 0x2a, 0x22, 0xc4, 0x00, 0x2a, 0x22, 0x2a, 0x22, 0x2a, 0x22, 0x2a, 0x22, 0xc4, 0x00, 0xc4, 0x00, 0xc4, 0x00,
0xc4, 0x00, 0xc4, 0x00, 0xc4, 0x00, 0xc4, 0x00, 0xc4, 0x00, 0x2a, 0x22, 0x2a, 0x22, 0x2a, 0x22, 0x2a, 0x22, 0x2a, 0x22, 0x2a, 0x22, 0xc4, 0x00,
0xc4, 0x00, 0xc4, 0x00, 0xc4, 0x00, 0xc4, 0x00, 0xc4, 0x00, 0xc4, 0x00, 0xc4, 0x00, 0xc4, 0x00, 0xc4, 0x00, 0xc4, 0x00, 0xc4, 0x00, 0xc4, 0x00,
0xc4, 0x00, 0xc4, 0x00, 0xc4, 0x00, 0xc4, 0x00, 0xc4, 0x00, 0xc4, 0x00, 0xc4, 0x00, 0xc4, 0x00, 0xc4, 0x00, 0xc4, 0x00, 0xc4, 0x00, 0xc4, 0x00,
0xc4, 0x00, 0xc4, 0x00, 0x2a, 0x22, 0x2a, 0x22, 0x2a, 0x22, 0x2a, 0x22, 0x2a, 0x22, 0x2a, 0x22, 0x2a, 0x22, 0x2a, 0x22, 0x2a, 0x22, 0xc4, 0x00,
0x2a, 0x22, 0x2a, 0x22, 0x2a, 0x22, 0x2a, 0x22, 0x2a, 0x22, 0x2a, 0x22, 0x2a, 0x22, 0x2a, 0x22, 0x2a, 0x22, 0x2a, 0x22, 0x2a, 0x22, 0x2a, 0x22,
0x2a, 0x22, 0x2a, 0x22, 0x2a, 0x22, 0x2a, 0x22, 0x2a, 0x22, 0x2a, 0x22, 0x2a, 0x22, 0x2a, 0x22, 0x2a, 0x22, 0x2a, 0x22, 0x2a, 0x22, 0x2a, 0x22,
0x2a, 0x22, 0x2a, 0x22, 0x2a, 0x22, 0x2a, 0x22, 0x2a, 0x22, 0x2a, 0x22, 0x2a, 0x22, 0x2a, 0x22, 0x2a, 0x22, 0x2a, 0x22, 0x2a, 0x22, 0x2a, 0x22,
0x2a, 0x22, 0x2a, 0x22, 0x2a, 0x22, 0x2a, 0x22, 0x2a, 0x22, 0x2a, 0x22, 0x2a, 0x22, 0x2a, 0x22, 0x2a, 0x22, 0x2a, 0x22, 0x2a, 0x22, 0x2a, 0x22,
0x2a, 0x22, 0x2a, 0x22, 0x2a, 0x22, 0x2a, 0x22, 0x2a, 0x22, 0x2a, 0x22, 0x2a, 0x22, 0x2a, 0x22, 0x2a, 0x22, 0x2a, 0x22, 0x2a, 0x22, 0x2a, 0x22,
0x2a, 0x22, 0x2a, 0x22, 0x2a, 0x22, 0x2a, 0x22, 0x2a, 0x22, 0x2a, 0x22, 0x2a, 0x22, 0x2a, 0x22, 0x2a, 0x22, 0x2a, 0x22, 0x2a, 0x22, 0x2a, 0x22,
0x2a, 0x22, 0x2a, 0x22, 0x2a, 0x22, 0x2a, 0x22, 0x2a, 0x22, 0x2a, 0x22, 0x2a, 0x22, 0x2a, 0x22, 0x2a, 0x22, 0x2a, 0x22, 0x2a, 0x22, 0x2a, 0x22,
0x2a, 0x22, 0x2a, 0x22, 0x2a, 0x22, 0x2a, 0x22, 0x2a, 0x22, 0x2a, 0x22, 0x2a, 0x22, 0x2a, 0x22, 0x2a, 0x22, 0x2a, 0x22, 0x2a, 0x22, 0xc4, 0x00,
0xc4, 0x00, 0xc4, 0x00, 0xc4, 0x00, 0xc4, 0x00, 0xc4, 0x00, 0xc4, 0x00, 0xc4, 0x00, 0xc4, 0x00, 0x2a, 0x22, 0x2a, 0x22, 0x2a, 0x22, 0x2a, 0x22,
0x2a, 0x22, 0x2a, 0x22, 0x2a, 0x22, 0x2a, 0x22, 0x2a, 0x22, 0x2a, 0x22, 0x2a, 0x22, 0x2a, 0x22, 0x2a, 0x22, 0x2a, 0x22, 0x2a, 0x22, 0x2a, 0x22,
0x2a, 0x22, 0x2a, 0x22, 0x2a, 0x22, 0x2a, 0x22, 0x2a, 0x22, 0x2a, 0x22, 0x2a, 0x22, 0x2a, 0x22, 0x2a, 0x22, 0x2a, 0x22, 0x2a, 0x22, 0x2a, 0x22,
0x2a, 0x22, 0x2a, 0x22, 0x2a, 0x22, 0x2a, 0x22, 0x2a, 0x22, 0x2a, 0x22, 0x2a, 0x22, 0x2a, 0x22, 0x2a, 0x22, 0x2a, 0x22, 0x2a, 0x22, 0x2a, 0x22,
0x2a, 0x22, 0x2a, 0x22, 0x2a, 0x22, 0x2a, 0x22, 0xc4, 0x00, 0xc4, 0x00, 0xc4, 0x00, 0xc4, 0x00, 0xc4, 0x00, 0xc4, 0x00, 0xc4, 0x00, 0x2a, 0x22,
0xc4, 0x00, 0x2a, 0x22, 0x2a, 0x22, 0x2a, 0x22, 0x2a, 0x22, 0x2a, 0x22, 0xc4, 0x00, 0xc4, 0x00, 0x2a, 0x22, 0xc4, 0x00, 0xc4, 0x00, 0xc4, 0x00,
0xc4, 0x00, 0xc4, 0x00, 0xc4, 0x00, 0xc4, 0x00, 0xc4, 0x00, 0xc4, 0x00, 0x2a, 0x22, 0x2a, 0x22, 0x2a, 0x22, 0x2a, 0x22, 0xc4, 0x00, 0xc4, 0x00,
0xc4, 0x00, 0xc4, 0x00, 0xc4, 0x00, 0xc4, 0x00, 0xc4, 0x00, 0xc4, 0x00, 0xc4, 0x00, 0xc4, 0x00, 0xc4, 0x00, 0xc4, 0x00, 0xc4, 0x00, 0xc4, 0x00,
0xc4, 0x00, 0xc4, 0x00, 0xc4, 0x00, 0xc4, 0x00, 0xc4, 0x00, 0xc4, 0x00, 0xc4, 0x00, 0xc4, 0x00, 0xc4, 0x00, 0xc4, 0x00, 0xc4, 0x00, 0xc4, 0x00,
0xc4, 0x00, 0xc4, 0x00, 0x2a, 0x22, 0x2a, 0x22, 0x2a, 0x22, 0x2a, 0x22, 0x2a, 0x22, 0x2a, 0x22, 0x2a, 0x22, 0x2a, 0x22, 0x2a, 0x22, 0xc4, 0x00,
0x2a, 0x22, 0x2a, 0x22, 0x2a, 0x22, 0x2a, 0x22, 0x2a, 0x22, 0x2a, 0x22, 0x2a, 0x22, 0x2a, 0x22, 0x2a, 0x22, 0x2a, 0x22, 0x2a, 0x22, 0x2a, 0x22,
0x2a, 0x22, 0x2a, 0x22, 0x2a, 0x22, 0x2a, 0x22, 0x2a, 0x22, 0x2a, 0x22, 0x2a, 0x22, 0x2a, 0x22, 0x2a, 0x22, 0x2a, 0x22, 0x2a, 0x22, 0x2a, 0x22,
0x2a, 0x22, 0x2a, 0x22, 0x2a, 0x22, 0x2a, 0x22, 0x2a, 0x22, 0x2a, 0x22, 0x2a, 0x22, 0x2a, 0x22, 0x2a, 0x22, 0x2a, 0x22, 0x2a, 0x22, 0x2a, 0x22,
0x2a, 0x22, 0x2a, 0x22, 0x2a, 0x22, 0x2a, 0x22, 0x2a, 0x22, 0x2a, 0x22, 0x2a, 0x22, 0x2a, 0x22, 0x2a, 0x22, 0x2a, 0x22, 0x2a, 0x22, 0x2a, 0x22,
0x2a, 0x22, 0x2a, 0x22, 0x2a, 0x22, 0x2a, 0x22, 0x2a, 0x22, 0x2a, 0x22, 0x2a, 0x22, 0x2a, 0x22, 0x2a, 0x22, 0x2a, 0x22, 0x2a, 0x22, 0x2a, 0x22,
0x2a, 0x22, 0x2a, 0x22, 0x2a, 0x22, 0x2a, 0x22, 0x2a, 0x22, 0x2a, 0x22, 0x2a, 0x22, 0x2a, 0x22, 0x2a, 0x22, 0x2a, 0x22, 0x2a, 0x22, 0x2a, 0x22,
0x2a, 0x22, 0x2a, 0x22, 0x2a, 0x22, 0x2a, 0x22, 0x2a, 0x22, 0x2a, 0x22, 0x2a, 0x22, 0x2a, 0x22, 0x2a, 0x22, 0x2a, 0x22, 0xc4, 0x00, 0x2a, 0x22,
0x2a, 0x22, 0x2a, 0x22, 0x2a, 0x22, 0x2a, 0x22, 0x2a, 0x22, 0x2a, 0x22, 0x2a, 0x22, 0x2a, 0x22, 0xc4, 0x00, 0xc4, 0x00, 0xc4, 0x00, 0xc4, 0x00,
0xc4, 0x00, 0xc4, 0x00, 0xc4, 0x00, 0xc4, 0x00, 0xc4, 0x00, 0xc4, 0x00, 0xc4, 0x00, 0x2a, 0x22, 0x2a, 0x22, 0x2a, 0x22, 0x2a, 0x22, 0x2a, 0x22,
0x2a, 0x22, 0x2a, 0x22, 0x2a, 0x22, 0x2a, 0x22, 0x2a, 0x22, 0x2a, 0x22, 0x2a, 0x22, 0x2a, 0x22, 0xc4, 0x00, 0x2a, 0x22, 0x2a, 0x22, 0x2a, 0x22,
0x2a, 0x22, 0x2a, 0x22, 0x2a, 0x22, 0x2a, 0x22, 0x2a, 0x22, 0x2a, 0x22, 0x2a, 0x22, 0x2a, 0x22, 0x2a, 0x22, 0x2a, 0x22, 0x2a, 0x22, 0x2a, 0x22,
0x2a, 0x22, 0x2a, 0x22, 0x2a, 0x22, 0x2a, 0x22, 0x2a, 0x22, 0x2a, 0x22, 0x2a, 0x22, 0x2a, 0x22, 0x2a, 0x22, 0x2a, 0x22, 0x2a, 0x22, 0x2a, 0x22,
0x2a, 0x22, 0x2a, 0x22, 0x2a, 0x22, 0xc4, 0x00, 0xc4, 0x00, 0xc4, 0x00, 0xc4, 0x00, 0xc4, 0x00, 0xc4, 0x00, 0xc4, 0x00, 0xc4, 0x00, 0xc4, 0x00,
0xc4, 0x00, 0x2a, 0x22, 0x2a, 0x22, 0x2a, 0x22, 0x2a, 0x22, 0x2a, 0x22, 0x2a, 0x22, 0xc4, 0x00, 0x2a, 0x22, 0x2a, 0x22, 0xc4, 0x00, 0xc4, 0x00,
0xc4, 0x00, 0xc4, 0x00, 0xc4, 0x00, 0xc4, 0x00, 0xc4, 0x00, 0xc4, 0x00, 0xc4, 0x00, 0xc4, 0x00, 0x2a, 0x22, 0x2a, 0x22, 0xc4, 0x00, 0xc4, 0x00,
0xc4, 0x00, 0xc4, 0x00, 0xc4, 0x00, 0xc4, 0x00, 0xc4, 0x00, 0xc4, 0x00, 0xc4, 0x00, 0xc4, 0x00, 0xc4, 0x00, 0xc4, 0x00, 0xc4, 0x00, 0xc4, 0x00,
0xc4, 0x00, 0xc4, 0x00, 0xc4, 0x00, 0xc4, 0x00, 0xc4, 0x00, 0xc4, 0x00, 0xc4, 0x00, 0xc4, 0x00, 0xc4, 0x00, 0xc4, 0x00, 0xc4, 0x00, 0xc4, 0x00,
0xc4, 0x00, 0xc4, 0x00, 0x2a, 0x22, 0x2a, 0x22, 0x2a, 0x22, 0x2a, 0x22, 0x37, 0x4f, 0x2a, 0x22, 0x2a, 0x22, 0x2a, 0x22, 0x2a, 0x22, 0xc4, 0x00,
0xc4, 0x00, 0x2a, 0x22, 0x37, 0x4f, 0x2a, 0x22, 0x2a, 0x22, 0x2a, 0x22, 0x2a, 0x22, 0x2a, 0x22, 0x2a, 0x22, 0x2a, 0x22, 0x2a, 0x22, 0x2a, 0x22,
0x2a, 0x22, 0x2a, 0x22, 0x2a, 0x22, 0x2a, 0x22, 0x2a, 0x22, 0x2a, 0x22, 0x2a, 0x22, 0x2a, 0x22, 0x2a, 0x22, 0x2a, 0x22, 0x2a, 0x22, 0x2a, 0x22,
0x2a, 0x22, 0x2a, 0x22, 0x2a, 0x22, 0x2a, 0x22, 0x2a, 0x22, 0x2a, 0x22, 0x2a, 0x22, 0x2a, 0x22, 0x2a, 0x22, 0x2a, 0x22, 0x2a, 0x22, 0x2a, 0x22,
0x2a, 0x22, 0x2a, 0x22, 0x2a, 0x22, 0x2a, 0x22, 0x2a, 0x22, 0x2a, 0x22, 0x2a, 0x22, 0x2a, 0x22, 0x2a, 0x22, 0x2a, 0x22, 0x2a, 0x22, 0x2a, 0x22,
0x2a, 0x22, 0x2a, 0x22, 0x2a, 0x22, 0x2a, 0x22, 0x2a, 0x22, 0x2a, 0x22, 0x2a, 0x22, 0x2a, 0x22, 0x2a, 0x22, 0x2a, 0x22, 0x2a, 0x22, 0x2a, 0x22,
0x2a, 0x22, 0x2a, 0x22, 0x2a, 0x22, 0x2a, 0x22, 0x2a, 0x22, 0x2a, 0x22, 0x2a, 0x22, 0x2a, 0x22, 0x2a, 0x22, 0x2a, 0x22, 0x2a, 0x22, 0x2a, 0x22,
0x2a, 0x22, 0x2a, 0x22, 0x2a, 0x22, 0x2a, 0x22, 0x2a, 0x22, 0x2a, 0x22, 0x2a, 0x22, 0x2a, 0x22, 0x2a, 0x22, 0xc4, 0x00, 0xc4, 0x00, 0x2a, 0x22,
0x2a, 0x22, 0x2a, 0x22, 0x2a, 0x22, 0xc4, 0x00, 0xc4, 0x00, 0x2a, 0x22, 0xc4, 0x00, 0xc4, 0x00, 0xc4, 0x00, 0xc4, 0x00, 0xc4, 0x00, 0xc4, 0x00,
0xc4, 0x00, 0xc4, 0x00, 0xc4, 0x00, 0xc4, 0x00, 0xc4, 0x00, 0xc4, 0x00, 0xc4, 0x00, 0xc4, 0x00, 0xc4, 0x00, 0xc4, 0x00, 0x2a, 0x22, 0x2a, 0x22,
0x2a, 0x22, 0x2a, 0x22, 0x2a, 0x22, 0x2a, 0x22, 0x2a, 0x22, 0xc4, 0x00, 0xc4, 0x00, 0xc4, 0x00, 0xc4, 0x00, 0xc4, 0x00, 0xc4, 0x00, 0xc4, 0x00,
0xc4, 0x00, 0x2a, 0x22, 0x2a, 0x22, 0x2a, 0x22, 0x2a, 0x22, 0x2a, 0x22, 0x2a, 0x22, 0x2a, 0x22, 0x2a, 0x22, 0x2a, 0x22, 0x2a, 0x22, 0x2a, 0x22,
0x2a, 0x22, 0x2a, 0x22, 0x2a, 0x22, 0x2a, 0x22, 0x2a, 0x22, 0x2a, 0x22, 0x2a, 0x22, 0x2a, 0x22, 0x2a, 0x22, 0x2a, 0x22, 0x2a, 0x22, 0x2a, 0x22,
0x2a, 0x22, 0x2a, 0x22, 0x2a, 0x22, 0x2a, 0x22, 0x2a, 0x22, 0xc4, 0x00, 0xc4, 0x00, 0xc4, 0x00, 0xc4, 0x00, 0xc4, 0x00, 0xc4, 0x00, 0xc4, 0x00,
0x2a, 0x22, 0x2a, 0x22, 0x2a, 0x22, 0x2a, 0x22, 0x2a, 0x22, 0x2a, 0x22, 0x2a, 0x22, 0x2a, 0x22, 0x2a, 0x22, 0x2a, 0x22, 0x2a, 0x22, 0xc4, 0x00,
0xc4, 0x00, 0xc4, 0x00, 0xc4, 0x00, 0xc4, 0x00, 0xc4, 0x00, 0xc4, 0x00, 0xc4, 0x00, 0xc4, 0x00, 0xc4, 0x00, 0xc4, 0x00, 0xc4, 0x00, 0xc4, 0x00,
0xc4, 0x00, 0xc4, 0x00, 0xc4, 0x00, 0xc4, 0x00, 0xc4, 0x00, 0xc4, 0x00, 0xc4, 0x00, 0xc4, 0x00, 0xc4, 0x00, 0xc4, 0x00, 0xc4, 0x00, 0xc4, 0x00,
0xc4, 0x00, 0xc4, 0x00, 0xc4, 0x00, 0xc4, 0x00, 0xc4, 0x00, 0xc4, 0x00, 0xc4, 0x00, 0xc4, 0x00, 0x2a, 0x22, 0x2a, 0x22, 0x2a, 0x22, 0xc4, 0x00,
0xc4, 0x00, 0xc4, 0x00, 0x2a, 0x22, 0x2a, 0x22, 0x2a, 0x22, 0x2a, 0x22, 0x2a, 0x22, 0x2a, 0x22, 0x2a, 0x22, 0x2a, 0x22, 0x37, 0x4f, 0xc4, 0x00,
0x2a, 0x22, 0x2a, 0x22, 0x37, 0x4f, 0x2a, 0x22, 0x2a, 0x22, 0x2a, 0x22, 0x2a, 0x22, 0x2a, 0x22, 0x2a, 0x22, 0x2a, 0x22, 0x2a, 0x22, 0x2a, 0x22,
0x2a, 0x22, 0x2a, 0x22, 0x2a, 0x22, 0x2a, 0x22, 0x2a, 0x22, 0x2a, 0x22, 0x2a, 0x22, 0x2a, 0x22, 0x2a, 0x22, 0x2a, 0x22, 0x2a, 0x22, 0x2a, 0x22,
0x2a, 0x22, 0x2a, 0x22, 0x2a, 0x22, 0x2a, 0x22, 0x2a, 0x22, 0x2a, 0x22, 0x2a, 0x22, 0x2a, 0x22, 0x2a, 0x22, 0x2a, 0x22, 0x2a, 0x22, 0x2a, 0x22,
0x2a, 0x22, 0x2a, 0x22, 0x2a, 0x22, 0x2a, 0x22, 0x2a, 0x22, 0x2a, 0x22, 0x2a, 0x22, 0x2a, 0x22, 0x2a, 0x22, 0x2a, 0x22, 0x2a, 0x22, 0x2a, 0x22,
0x2a, 0x22, 0x2a, 0x22, 0x2a, 0x22, 0x2a, 0x22, 0x2a, 0x22, 0x2a, 0x22, 0x2a, 0x22, 0x2a, 0x22, 0x2a, 0x22, 0x2a, 0x22, 0x2a, 0x22, 0x2a, 0x22,
0x2a, 0x22, 0x2a, 0x22, 0x2a, 0x22, 0x2a, 0x22, 0x2a, 0x22, 0x2a, 0x22, 0x2a, 0x22, 0x2a, 0x22, 0x2a, 0x22, 0x2a, 0x22, 0x2a, 0x22, 0x2a, 0x22,
0xc4, 0x00, 0xc4, 0x00, 0xc4, 0x00, 0xc4, 0x00, 0xc4, 0x00, 0x2a, 0x22, 0xc4, 0x00, 0xc4, 0x00, 0xc4, 0x00, 0x2a, 0x22, 0x2a, 0x22, 0x2a, 0x22,
0x2a, 0x22, 0xc4, 0x00, 0xc4, 0x00, 0xc4, 0x00, 0xc4, 0x00, 0xc4, 0x00, 0xc4, 0x00, 0xc4, 0x00, 0xc4, 0x00, 0xc4, 0x00, 0xc4, 0x00, 0xc4, 0x00,
0xc4, 0x00, 0xc4, 0x00, 0xc4, 0x00, 0xc4, 0x00, 0xc4, 0x00, 0xc4, 0x00, 0xc4, 0x00, 0xc4, 0x00, 0xc4, 0x00, 0xc4, 0x00, 0xc4, 0x00, 0x2a, 0x22,
0x2a, 0x22, 0x2a, 0x22, 0x2a, 0x22, 0x2a, 0x22, 0x2a, 0x22, 0xc4, 0x00, 0xc4, 0x00, 0xc4, 0x00, 0xc4, 0x00, 0xc4, 0x00, 0xc4, 0x00, 0xc4, 0x00,
0xc4, 0x00, 0xc4, 0x00, 0xc4, 0x00, 0x2a, 0x22, 0x2a, 0x22, 0x2a, 0x22, 0x2a, 0x22, 0x2a, 0x22, 0x2a, 0x22, 0x2a, 0x22, 0x2a, 0x22, 0x2a, 0x22,
0x2a, 0x22, 0x2a, 0x22, 0x2a, 0x22, 0x2a, 0x22, 0x2a, 0x22, 0x2a, 0x22, 0x2a, 0x22, 0x2a, 0x22, 0x2a, 0x22, 0x2a, 0x22, 0x2a, 0x22, 0x2a, 0x22,
0x2a, 0x22, 0x2a, 0x22, 0x2a, 0x22, 0x2a, 0x22, 0x2a, 0x22, 0x2a, 0x22, 0x2a, 0x22, 0x2a, 0x22, 0xc4, 0x00, 0xc4, 0x00, 0xc4, 0x00, 0xc4, 0x00,
0xc4, 0x00, 0x2a, 0x22, 0x2a, 0x22, 0x2a, 0x22, 0x2a, 0x22, 0x2a, 0x22, 0x2a, 0x22, 0x2a, 0x22, 0x2a, 0x22, 0x2a, 0x22, 0x2a, 0x22, 0xc4, 0x00,
0xc4, 0x00, 0xc4, 0x00, 0xc4, 0x00, 0xc4, 0x00, 0xc4, 0x00, 0xc4, 0x00, 0xc4, 0x00, 0xc4, 0x00, 0xc4, 0x00, 0xc4, 0x00, 0xc4, 0x00, 0xc4, 0x00,
0xc4, 0x00, 0xc4, 0x00, 0xc4, 0x00, 0xc4, 0x00, 0xc4, 0x00, 0xc4, 0x00, 0xc4, 0x00, 0xc4, 0x00, 0xc4, 0x00, 0xc4, 0x00, 0xc4, 0x00, 0xc4, 0x00,
0xc4, 0x00, 0xc4, 0x00, 0xc4, 0x00, 0xc4, 0x00, 0xc4, 0x00, 0xc4, 0x00, 0xc4, 0x00, 0x2a, 0x22, 0x2a, 0x22, 0x2a, 0x22, 0x2a, 0x22, 0xc4, 0x00,
0xc4, 0x00, 0xc4, 0x00, 0xc4, 0x00, 0xc4, 0x00, 0x2a, 0x22, 0x2a, 0x22, 0x2a, 0x22, 0x2a, 0x22, 0x2a, 0x22, 0x2a, 0x22, 0xc4, 0x00, 0xc4, 0x00,
0x2a, 0x22, 0x2a, 0x22, 0x37, 0x4f, 0x2a, 0x22, 0x2a, 0x22, 0x2a, 0x22, 0x2a, 0x22, 0x2a, 0x22, 0x2a, 0x22, 0x2a, 0x22, 0x2a, 0x22, 0x2a, 0x22,
0x2a, 0x22, 0x2a, 0x22, 0x2a, 0x22, 0x2a, 0x22, 0x2a, 0x22, 0x2a, 0x22, 0x2a, 0x22, 0x2a, 0x22, 0x2a, 0x22, 0x2a, 0x22, 0x2a, 0x22, 0x2a, 0x22,
0x2a, 0x22, 0x2a, 0x22, 0x2a, 0x22, 0x2a, 0x22, 0x2a, 0x22, 0x2a, 0x22, 0x2a, 0x22, 0x2a, 0x22, 0x2a, 0x22, 0x2a, 0x22, 0x2a, 0x22, 0x2a, 0x22,
0x2a, 0x22, 0x2a, 0x22, 0x2a, 0x22, 0x2a, 0x22, 0x2a, 0x22, 0x2a, 0x22, 0x2a, 0x22, 0x2a, 0x22, 0x2a, 0x22, 0x2a, 0x22, 0x2a, 0x22, 0x2a, 0x22,
0x2a, 0x22, 0x2a, 0x22, 0x2a, 0x22, 0x2a, 0x22, 0x2a, 0x22, 0x2a, 0x22, 0x2a, 0x22, 0x2a, 0x22, 0x2a, 0x22, 0x2a, 0x22, 0x2a, 0x22, 0x2a, 0x22,
0x2a, 0x22, 0x2a, 0x22, 0x2a, 0x22, 0x2a, 0x22, 0x2a, 0x22, 0x2a, 0x22, 0x2a, 0x22, 0x2a, 0x22, 0x2a, 0x22, 0x2a, 0x22, 0x2a, 0x22, 0xc4, 0x00,
0xc4, 0x00, 0xc4, 0x00, 0xc4, 0x00, 0xc4, 0x00, 0xc4, 0x00, 0xc4, 0x00, 0xc4, 0x00, 0xc4, 0x00, 0x2a, 0x22, 0x2a, 0x22, 0x2a, 0x22, 0x2a, 0x22,
0x2a, 0x22, 0xc4, 0x00, 0xc4, 0x00, 0xc4, 0x00, 0xc4, 0x00, 0xc4, 0x00, 0xc4, 0x00, 0xc4, 0x00, 0xc4, 0x00, 0xc4, 0x00, 0xc4, 0x00, 0xc4, 0x00,
0xc4, 0x00, 0xc4, 0x00, 0xc4, 0x00, 0xc4, 0x00, 0xc4, 0x00, 0xc4, 0x00, 0xc4, 0x00, 0xc4, 0x00, 0x2a, 0x22, 0x2a, 0x22, 0x2a, 0x22, 0x2a, 0x22,
0x2a, 0x22, 0xc4, 0x00, 0xc4, 0x00, 0xc4, 0x00, 0xc4, 0x00, 0xc4, 0x00, 0xc4, 0x00, 0xc4, 0x00, 0xc4, 0x00, 0xc4, 0x00, 0xc4, 0x00, 0xc4, 0x00,
0xc4, 0x00, 0xc4, 0x00, 0xc4, 0x00, 0xc4, 0x00, 0x2a, 0x22, 0x2a, 0x22, 0x2a, 0x22, 0x2a, 0x22, 0x2a, 0x22, 0x2a, 0x22, 0x2a, 0x22, 0x2a, 0x22,
0x2a, 0x22, 0x2a, 0x22, 0x2a, 0x22, 0x2a, 0x22, 0x2a, 0x22, 0x2a, 0x22, 0x2a, 0x22, 0x2a, 0x22, 0x2a, 0x22, 0x2a, 0x22, 0x2a, 0x22, 0x2a, 0x22,
0x2a, 0x22, 0x2a, 0x22, 0x2a, 0x22, 0x2a, 0x22, 0x2a, 0x22, 0x2a, 0x22, 0x2a, 0x22, 0x2a, 0x22, 0x2a, 0x22, 0x2a, 0x22, 0x2a, 0x22, 0x2a, 0x22,
0x2a, 0x22, 0x2a, 0x22, 0x2a, 0x22, 0x2a, 0x22, 0x2a, 0x22, 0x2a, 0x22, 0x2a, 0x22, 0x2a, 0x22, 0x2a, 0x22, 0x2a, 0x22, 0x2a, 0x22, 0x2a, 0x22,
0x2a, 0x22, 0x2a, 0x22, 0xc4, 0x00, 0xc4, 0x00, 0xc4, 0x00, 0xc4, 0x00, 0xc4, 0x00, 0xc4, 0x00, 0xc4, 0x00, 0xc4, 0x00, 0xc4, 0x00, 0xc4, 0x00,
0xc4, 0x00, 0xc4, 0x00, 0xc4, 0x00, 0xc4, 0x00, 0xc4, 0x00, 0xc4, 0x00, 0xc4, 0x00, 0xc4, 0x00, 0xc4, 0x00, 0xc4, 0x00, 0xc4, 0x00, 0xc4, 0x00,
0xc4, 0x00, 0xc4, 0x00, 0xc4, 0x00, 0xc4, 0x00, 0xc4, 0x00, 0xc4, 0x00, 0x2a, 0x22, 0x2a, 0x22, 0x2a, 0x22, 0x2a, 0x22, 0x2a, 0x22, 0xc4, 0x00,
0xc4, 0x00, 0xc4, 0x00, 0xc4, 0x00, 0xc4, 0x00, 0x2a, 0x22, 0x2a, 0x22, 0x2a, 0x22, 0xea, 0xc4, 0xc4, 0x00, 0xc4, 0x00, 0x2a, 0x22, 0x2a, 0x22,
0x2a, 0x22, 0x2a, 0x22, 0x2a, 0x22, 0x2a, 0x22, 0x2a, 0x22, 0x2a, 0x22, 0x2a, 0x22, 0x2a, 0x22, 0x2a, 0x22, 0x2a, 0x22, 0x37, 0x4f, 0x2a, 0x22,
0x2a, 0x22, 0x2a, 0x22, 0x2a, 0x22, 0x2a, 0x22, 0x2a, 0x22, 0x2a, 0x22, 0x2a, 0x22, 0x2a, 0x22, 0x2a, 0x22, 0x2a, 0x22, 0x2a, 0x22, 0x2a, 0x22,
0x2a, 0x22, 0x2a, 0x22, 0x2a, 0x22, 0x2a, 0x22, 0x2a, 0x22, 0x2a, 0x22, 0x2a, 0x22, 0x2a, 0x22, 0x2a, 0x22, 0x2a, 0x22, 0x2a, 0x22, 0x2a, 0x22,
0x2a, 0x22, 0x2a, 0x22, 0x2a, 0x22, 0x2a, 0x22, 0x2a, 0x22, 0x2a, 0x22, 0x2a, 0x22, 0x2a, 0x22, 0x2a, 0x22, 0x2a, 0x22, 0x2a, 0x22, 0x2a, 0x22,
0x2a, 0x22, 0x2a, 0x22, 0x2a, 0x22, 0x2a, 0x22, 0x2a, 0x22, 0x2a, 0x22, 0x2a, 0x22, 0x2a, 0x22, 0x2a, 0x22, 0x2a, 0x22, 0x2a, 0x22, 0x2a, 0x22,
0x2a, 0x22, 0x2a, 0x22, 0x2a, 0x22, 0x2a, 0x22, 0x2a, 0x22, 0x2a, 0x22, 0x2a, 0x22, 0x2a, 0x22, 0x2a, 0x22, 0x2a, 0x22, 0xc4, 0x00, 0xc4, 0x00,
0xc4, 0x00, 0xc4, 0x00, 0xc4, 0x00, 0xc4, 0x00, 0xc4, 0x00, 0xc4, 0x00, 0xc4, 0x00, 0xc4, 0x00, 0x2a, 0x22, 0x2a, 0x22, 0x2a, 0x22, 0x2a, 0x22,
0x2a, 0x22, 0xc4, 0x00, 0xc4, 0x00, 0xc4, 0x00, 0xc4, 0x00, 0xc4, 0x00, 0xc4, 0x00, 0xc4, 0x00, 0xc4, 0x00, 0xc4, 0x00, 0xc4, 0x00, 0xc4, 0x00,
0xc4, 0x00, 0xc4, 0x00, 0xc4, 0x00, 0xc4, 0x00, 0xc4, 0x00, 0xc4, 0x00, 0xc4, 0x00, 0xc4, 0x00, 0xc4, 0x00, 0x2a, 0x22, 0xc4, 0x00, 0xc4, 0x00,
0xc4, 0x00, 0xc4, 0x00, 0xc4, 0x00, 0xc4, 0x00, 0xc4, 0x00, 0xc4, 0x00, 0xc4, 0x00, 0xc4, 0x00, 0xc4, 0x00, 0xc4, 0x00, 0xc4, 0x00, 0xc4, 0x00,
0xc4, 0x00, 0xc4, 0x00, 0xc4, 0x00, 0x2a, 0x22, 0x2a, 0x22, 0x2a, 0x22, 0x2a, 0x22, 0x2a, 0x22, 0x2a, 0x22, 0x2a, 0x22, 0x2a, 0x22, 0x2a, 0x22,
0x2a, 0x22, 0x2a, 0x22, 0x2a, 0x22, 0x2a, 0x22, 0x2a, 0x22, 0x2a, 0x22, 0x2a, 0x22, 0x2a, 0x22, 0x2a, 0x22, 0x2a, 0x22, 0x2a, 0x22, 0x2a, 0x22,
0x2a, 0x22, 0x2a, 0x22, 0x2a, 0x22, 0x2a, 0x22, 0x2a, 0x22, 0x2a, 0x22, 0x2a, 0x22, 0x2a, 0x22, 0x2a, 0x22, 0x2a, 0x22, 0x2a, 0x22, 0xc4, 0x00,
0x2a, 0x22, 0x2a, 0x22, 0x2a, 0x22, 0x2a, 0x22, 0x2a, 0x22, 0x2a, 0x22, 0x2a, 0x22, 0x2a, 0x22, 0x2a, 0x22, 0x2a, 0x22, 0x2a, 0x22, 0x2a, 0x22,
0x2a, 0x22, 0x2a, 0x22, 0x2a, 0x22, 0xc4, 0x00, 0xc4, 0x00, 0xc4, 0x00, 0xc4, 0x00, 0xc4, 0x00, 0xc4, 0x00, 0xc4, 0x00, 0xc4, 0x00, 0xc4, 0x00,
0xc4, 0x00, 0xc4, 0x00, 0xc4, 0x00, 0xc4, 0x00, 0xc4, 0x00, 0xc4, 0x00, 0xc4, 0x00, 0xc4, 0x00, 0xc4, 0x00, 0xc4, 0x00, 0xc4, 0x00, 0xc4, 0x00,
0xc4, 0x00, 0xc4, 0x00, 0xc4, 0x00, 0xc4, 0x00, 0xc4, 0x00, 0x2a, 0x22, 0x2a, 0x22, 0x2a, 0x22, 0x2a, 0x22, 0x2a, 0x22, 0x2a, 0x22, 0x2a, 0x22,
0xc4, 0x00, 0xc4, 0x00, 0xc4, 0x00, 0x2a, 0x22, 0x2a, 0x22, 0x37, 0x4f, 0x2a, 0x22, 0x2a, 0x22, 0x2a, 0x22, 0x2a, 0x22, 0x2a, 0x22, 0x37, 0x4f,
0x2a, 0x22, 0x2a, 0x22, 0x2a, 0x22, 0x37, 0x4f, 0xea, 0xc4, 0x2a, 0x22, 0x2a, 0x22, 0x2a, 0x22, 0x2a, 0x22, 0x2a, 0x22, 0x2a, 0x22, 0x2a, 0x22,
0x2a, 0x22, 0x2a, 0x22, 0x2a, 0x22, 0x2a, 0x22, 0x2a, 0x22, 0x2a, 0x22, 0x2a, 0x22, 0x2a, 0x22, 0x2a, 0x22, 0x2a, 0x22, 0x2a, 0x22, 0x2a, 0x22,
0x2a, 0x22, 0x2a, 0x22, 0x2a, 0x22, 0x2a, 0x22, 0x2a, 0x22, 0x2a, 0x22, 0x2a, 0x22, 0x2a, 0x22, 0x2a, 0x22, 0x2a, 0x22, 0x2a, 0x22, 0x2a, 0x22,
0x2a, 0x22, 0x2a, 0x22, 0x2a, 0x22, 0x2a, 0x22, 0x2a, 0x22, 0x2a, 0x22, 0x2a, 0x22, 0x2a, 0x22, 0x2a, 0x22, 0x2a, 0x22, 0x2a, 0x22, 0x2a, 0x22,
0x2a, 0x22, 0x2a, 0x22, 0x2a, 0x22, 0x2a, 0x22, 0x2a, 0x22, 0x2a, 0x22, 0x2a, 0x22, 0x2a, 0x22, 0x2a, 0x22, 0x2a, 0x22, 0x2a, 0x22, 0x2a, 0x22,
0x2a, 0x22, 0x2a, 0x22, 0x2a, 0x22, 0x2a, 0x22, 0x2a, 0x22, 0x2a, 0x22, 0x2a, 0x22, 0x2a, 0x22, 0x2a, 0x22, 0x2a, 0x22, 0x2a, 0x22, 0x2a, 0x22,
0x2a, 0x22, 0xc4, 0x00, 0xc4, 0x00, 0xc4, 0x00, 0xc4, 0x00, 0xc4, 0x00, 0xc4, 0x00, 0xc4, 0x00, 0x2a, 0x22, 0x2a, 0x22, 0x2a, 0x22, 0x2a, 0x22,
0xc4, 0x00, 0xc4, 0x00, 0xc4, 0x00, 0xc4, 0x00, 0xc4, 0x00, 0xc4, 0x00, 0xc4, 0x00, 0xc4, 0x00, 0xc4, 0x00, 0xc4, 0x00, 0xc4, 0x00, 0xc4, 0x00,
0xc4, 0x00, 0xc4, 0x00, 0xc4, 0x00, 0xc4, 0x00, 0xc4, 0x00, 0xc4, 0x00, 0xc4, 0x00, 0xc4, 0x00, 0xc4, 0x00, 0xc4, 0x00, 0xc4, 0x00, 0xc4, 0x00,
0xc4, 0x00, 0xc4, 0x00, 0xc4, 0x00, 0xc4, 0x00, 0xc4, 0x00, 0xc4, 0x00, 0xc4, 0x00, 0xc4, 0x00, 0xc4, 0x00, 0xc4, 0x00, 0xc4, 0x00, 0xc4, 0x00,
0xc4, 0x00, 0xc4, 0x00, 0xc4, 0x00, 0xc4, 0x00, 0x2a, 0x22, 0x2a, 0x22, 0x2a, 0x22, 0x2a, 0x22, 0x2a, 0x22, 0x2a, 0x22, 0x2a, 0x22, 0x2a, 0x22,
0x2a, 0x22, 0x2a, 0x22, 0x2a, 0x22, 0x2a, 0x22, 0x2a, 0x22, 0x2a, 0x22, 0x2a, 0x22, 0x2a, 0x22, 0x2a, 0x22, 0x2a, 0x22, 0x2a, 0x22, 0x2a, 0x22,
0x2a, 0x22, 0x2a, 0x22, 0x2a, 0x22, 0x2a, 0x22, 0x2a, 0x22, 0x2a, 0x22, 0x2a, 0x22, 0x2a, 0x22, 0x2a, 0x22, 0x2a, 0x22, 0x2a, 0x22, 0xc4, 0x00,
0x2a, 0x22, 0x2a, 0x22, 0x2a, 0x22, 0x2a, 0x22, 0x2a, 0x22, 0x2a, 0x22, 0x2a, 0x22, 0x2a, 0x22, 0x2a, 0x22, 0x2a, 0x22, 0x2a, 0x22, 0x2a, 0x22,
0x2a, 0x22, 0x2a, 0x22, 0x2a, 0x22, 0xc4, 0x00, 0xc4, 0x00, 0xc4, 0x00, 0xc4, 0x00, 0xc4, 0x00, 0xc4, 0x00, 0xc4, 0x00, 0xc4, 0x00, 0xc4, 0x00,
0xc4, 0x00, 0xc4, 0x00, 0xc4, 0x00, 0xc4, 0x00, 0xc4, 0x00, 0xc4, 0x00, 0xc4, 0x00, 0xc4, 0x00, 0xc4, 0x00, 0xc4, 0x00, 0xc4, 0x00, 0xc4, 0x00,
0xc4, 0x00, 0xc4, 0x00, 0xc4, 0x00, 0xc4, 0x00, 0xc4, 0x00, 0x2a, 0x22, 0x2a, 0x22, 0x2a, 0x22, 0xea, 0xc4, 0x2a, 0x22, 0x37, 0x4f, 0x2a, 0x22,
0x2a, 0x22, 0xc4, 0x00, 0x37, 0x4f, 0x37, 0x4f, 0x37, 0x4f, 0x2a, 0x22, 0x2a, 0x22, 0x2a, 0x22, 0x37, 0x4f, 0x2a, 0x22, 0x2a, 0x22, 0x2a, 0x22,
0x2a, 0x22, 0x2a, 0x22, 0x2a, 0x22, 0x2a, 0x22, 0x2a, 0x22, 0x2a, 0x22, 0x2a, 0x22, 0x2a, 0x22, 0x2a, 0x22, 0x2a, 0x22, 0x2a, 0x22, 0x2a, 0x22,
0x2a, 0x22, 0x2a, 0x22, 0x2a, 0x22, 0x2a, 0x22, 0x2a, 0x22, 0x2a, 0x22, 0x2a, 0x22, 0x2a, 0x22, 0x2a, 0x22, 0x2a, 0x22, 0x2a, 0x22, 0x2a, 0x22,
0x2a, 0x22, 0x2a, 0x22, 0x2a, 0x22, 0x2a, 0x22, 0x2a, 0x22, 0x2a, 0x22, 0x2a, 0x22, 0x2a, 0x22, 0x2a, 0x22, 0x2a, 0x22, 0x2a, 0x22, 0x2a, 0x22,
0x2a, 0x22, 0x2a, 0x22, 0x2a, 0x22, 0x2a, 0x22, 0x2a, 0x22, 0x2a, 0x22, 0x2a, 0x22, 0x2a, 0x22, 0x2a, 0x22, 0x2a, 0x22, 0x2a, 0x22, 0x2a, 0x22,
0x2a, 0x22, 0x2a, 0x22, 0x2a, 0x22, 0x2a, 0x22, 0x2a, 0x22, 0x2a, 0x22, 0x2a, 0x22, 0x2a, 0x22, 0x2a, 0x22, 0x2a, 0x22, 0x2a, 0x22, 0x2a, 0x22,
0x2a, 0x22, 0x2a, 0x22, 0x2a, 0x22, 0x2a, 0x22, 0x2a, 0x22, 0x2a, 0x22, 0x2a, 0x22, 0x2a, 0x22, 0x2a, 0x22, 0x2a, 0x22, 0x2a, 0x22, 0x2a, 0x22,
0x2a, 0x22, 0x2a, 0x22, 0xc4, 0x00, 0xc4, 0x00, 0xc4, 0x00, 0xc4, 0x00, 0xc4, 0x00, 0xc4, 0x00, 0x2a, 0x22, 0x2a, 0x22, 0x2a, 0x22, 0xc4, 0x00,
0xc4, 0x00, 0xc4, 0x00, 0xc4, 0x00, 0xc4, 0x00, 0xc4, 0x00, 0xc4, 0x00, 0xc4, 0x00, 0xc4, 0x00, 0xc4, 0x00, 0xc4, 0x00, 0xc4, 0x00, 0xc4, 0x00,
0xc4, 0x00, 0xc4, 0x00, 0xc4, 0x00, 0xc4, 0x00, 0xc4, 0x00, 0xc4, 0x00, 0xc4, 0x00, 0xc4, 0x00, 0xc4, 0x00, 0xc4, 0x00, 0xc4, 0x00, 0xc4, 0x00,
0xc4, 0x00, 0xc4, 0x00, 0xc4, 0x00, 0xc4, 0x00, 0xc4, 0x00, 0xc4, 0x00, 0xc4, 0x00, 0xc4, 0x00, 0xc4, 0x00, 0xc4, 0x00, 0xc4, 0x00, 0xc4, 0x00,
0xc4, 0x00, 0xc4, 0x00, 0xc4, 0x00, 0xc4, 0x00, 0xc4, 0x00, 0xc4, 0x00, 0x2a, 0x22, 0x2a, 0x22, 0x2a, 0x22, 0x2a, 0x22, 0x2a, 0x22, 0x2a, 0x22,
0x2a, 0x22, 0x2a, 0x22, 0x2a, 0x22, 0x37, 0x4f, 0x2a, 0x22, 0x2a, 0x22, 0x2a, 0x22, 0x2a, 0x22, 0x2a, 0x22, 0x2a, 0x22, 0x2a, 0x22, 0x2a, 0x22,
0x2a, 0x22, 0x2a, 0x22, 0x2a, 0x22, 0x2a, 0x22, 0x2a, 0x22, 0x2a, 0x22, 0x2a, 0x22, 0x2a, 0x22, 0x2a, 0x22, 0x2a, 0x22, 0x2a, 0x22, 0x2a, 0x22,
0x2a, 0x22, 0x2a, 0x22, 0x2a, 0x22, 0x2a, 0x22, 0x2a, 0x22, 0x2a, 0x22, 0x2a, 0x22, 0x2a, 0x22, 0x2a, 0x22, 0x2a, 0x22, 0x2a, 0x22, 0x2a, 0x22,
0x2a, 0x22, 0x2a, 0x22, 0x2a, 0x22, 0xc4, 0x00, 0xc4, 0x00, 0xc4, 0x00, 0xc4, 0x00, 0xc4, 0x00, 0xc4, 0x00, 0xc4, 0x00, 0xc4, 0x00, 0xc4, 0x00,
0xc4, 0x00, 0xc4, 0x00, 0xc4, 0x00, 0xc4, 0x00, 0xc4, 0x00, 0xc4, 0x00, 0xc4, 0x00, 0xc4, 0x00, 0xc4, 0x00, 0xc4, 0x00, 0xc4, 0x00, 0xc4, 0x00,
0xc4, 0x00, 0xc4, 0x00, 0xc4, 0x00, 0xc4, 0x00, 0xc4, 0x00, 0xc4, 0x00, 0x2a, 0x22, 0xc4, 0x00, 0x2a, 0x22, 0x2a, 0x22, 0x37, 0x4f, 0x37, 0x4f,
0x37, 0x4f, 0x2a, 0x22, 0x37, 0x4f, 0x37, 0x4f, 0x2a, 0x22, 0x37, 0x4f, 0x37, 0x4f, 0x37, 0x4f, 0x2a, 0x22, 0x2a, 0x22, 0x2a, 0x22, 0x37, 0x4f,
0x37, 0x4f, 0x2a, 0x22, 0x2a, 0x22, 0x2a, 0x22, 0x2a, 0x22, 0x2a, 0x22, 0x2a, 0x22, 0x2a, 0x22, 0x2a, 0x22, 0x2a, 0x22, 0x2a, 0x22, 0x2a, 0x22,
0x2a, 0x22, 0x2a, 0x22, 0x2a, 0x22, 0x2a, 0x22, 0x2a, 0x22, 0x2a, 0x22, 0x2a, 0x22, 0x2a, 0x22, 0x2a, 0x22, 0x2a, 0x22, 0x2a, 0x22, 0x2a, 0x22,
0x2a, 0x22, 0x2a, 0x22, 0x2a, 0x22, 0x2a, 0x22, 0x2a, 0x22, 0x2a, 0x22, 0xea, 0xc4, 0x2a, 0x22, 0x2a, 0x22, 0x2a, 0x22, 0x2a, 0x22, 0x2a, 0x22,
0x2a, 0x22, 0x2a, 0x22, 0x2a, 0x22, 0x2a, 0x22, 0x2a, 0x22, 0x2a, 0x22, 0x2a, 0x22, 0x2a, 0x22, 0x2a, 0x22, 0x2a, 0x22, 0x2a, 0x22, 0x2a, 0x22,
0x2a, 0x22, 0x2a, 0x22, 0x2a, 0x22, 0x2a, 0x22, 0x2a, 0x22, 0x2a, 0x22, 0x2a, 0x22, 0x2a, 0x22, 0x2a, 0x22, 0x2a, 0x22, 0x2a, 0x22, 0x2a, 0x22,
0x2a, 0x22, 0x2a, 0x22, 0x2a, 0x22, 0x2a, 0x22, 0x2a, 0x22, 0x2a, 0x22, 0x2a, 0x22, 0x2a, 0x22, 0x2a, 0x22, 0x2a, 0x22, 0x2a, 0x22, 0x2a, 0x22,
0x2a, 0x22, 0x2a, 0x22, 0xc4, 0x00, 0xc4, 0x00, 0xc4, 0x00, 0xc4, 0x00, 0xc4, 0x00, 0xc4, 0x00, 0x2a, 0x22, 0x2a, 0x22, 0xc4, 0x00, 0xc4, 0x00,
0xc4, 0x00, 0xc4, 0x00, 0xc4, 0x00, 0xc4, 0x00, 0xc4, 0x00, 0xc4, 0x00, 0xc4, 0x00, 0xc4, 0x00, 0xc4, 0x00, 0xc4, 0x00, 0xc4, 0x00, 0xc4, 0x00,
0xc4, 0x00, 0xc4, 0x00, 0xc4, 0x00, 0xc4, 0x00, 0xc4, 0x00, 0xc4, 0x00, 0xc4, 0x00, 0xc4, 0x00, 0xc4, 0x00, 0xc4, 0x00, 0xc4, 0x00, 0xc4, 0x00,
0xc4, 0x00, 0xc4, 0x00, 0xc4, 0x00, 0xc4, 0x00, 0xc4, 0x00, 0xc4, 0x00, 0xc4, 0x00, 0xc4, 0x00, 0xc4, 0x00, 0xc4, 0x00, 0xc4, 0x00, 0xc4, 0x00,
0xc4, 0x00, 0xc4, 0x00, 0xc4, 0x00, 0xc4, 0x00, 0xc4, 0x00, 0xc4, 0x00, 0xc4, 0x00, 0x2a, 0x22, 0x2a, 0x22, 0x37, 0x4f, 0x2a, 0x22, 0x2a, 0x22,
0x2a, 0x22, 0x2a, 0x22, 0x2a, 0x22, 0x2a, 0x22, 0x2a, 0x22, 0x2a, 0x22, 0x2a, 0x22, 0x2a, 0x22, 0x2a, 0x22, 0x2a, 0x22, 0x2a, 0x22, 0x2a, 0x22,
0x2a, 0x22, 0x2a, 0x22, 0x2a, 0x22, 0x2a, 0x22, 0x2a, 0x22, 0x2a, 0x22, 0x2a, 0x22, 0x2a, 0x22, 0x2a, 0x22, 0x2a, 0x22, 0x2a, 0x22, 0x2a, 0x22,
0x2a, 0x22, 0x2a, 0x22, 0x2a, 0x22, 0x2a, 0x22, 0x2a, 0x22, 0x2a, 0x22, 0x2a, 0x22, 0x2a, 0x22, 0x2a, 0x22, 0x2a, 0x22, 0x2a, 0x22, 0x2a, 0x22,
0x2a, 0x22, 0x2a, 0x22, 0x2a, 0x22, 0x2a, 0x22, 0xc4, 0x00, 0xc4, 0x00, 0xc4, 0x00, 0xc4, 0x00, 0xc4, 0x00, 0xc4, 0x00, 0xc4, 0x00, 0xc4, 0x00,
0xc4, 0x00, 0xc4, 0x00, 0xc4, 0x00, 0xc4, 0x00, 0xc4, 0x00, 0xc4, 0x00, 0xc4, 0x00, 0xc4, 0x00, 0xc4, 0x00, 0xc4, 0x00, 0xc4, 0x00, 0xc4, 0x00,
0xc4, 0x00, 0xc4, 0x00, 0xc4, 0x00, 0xc4, 0x00, 0xc4, 0x00, 0xc4, 0x00, 0xc4, 0x00, 0xc4, 0x00, 0x2a, 0x22, 0x2a, 0x22, 0x2a, 0x22, 0x37, 0x4f,
0x2a, 0x22, 0x2a, 0x22, 0xea, 0xc4, 0x37, 0x4f, 0x37, 0x4f, 0x37, 0x4f, 0x2a, 0x22, 0x37, 0x4f, 0x37, 0x4f, 0x37, 0x4f, 0x2a, 0x22, 0x37, 0x4f,
0x37, 0x4f, 0x2a, 0x22, 0x2a, 0x22, 0x2a, 0x22, 0x2a, 0x22, 0x2a, 0x22, 0xea, 0xc4, 0x2a, 0x22, 0x2a, 0x22, 0x2a, 0x22, 0x2a, 0x22, 0x2a, 0x22,
0x2a, 0x22, 0x2a, 0x22, 0x2a, 0x22, 0x2a, 0x22, 0x2a, 0x22, 0x2a, 0x22, 0x2a, 0x22, 0x2a, 0x22, 0x2a, 0x22, 0x2a, 0x22, 0x2a, 0x22, 0x2a, 0x22,
0x2a, 0x22, 0x2a, 0x22, 0x2a, 0x22, 0x2a, 0x22, 0x2a, 0x22, 0x2a, 0x22, 0x2a, 0x22, 0x2a, 0x22, 0x2a, 0x22, 0x2a, 0x22, 0x2a, 0x22, 0x2a, 0x22,
0x2a, 0x22, 0x2a, 0x22, 0x2a, 0x22, 0x2a, 0x22, 0x2a, 0x22, 0x2a, 0x22, 0x2a, 0x22, 0x2a, 0x22, 0x2a, 0x22, 0x2a, 0x22, 0x2a, 0x22, 0x2a, 0x22,
0x2a, 0x22, 0x2a, 0x22, 0x2a, 0x22, 0x2a, 0x22, 0x2a, 0x22, 0x2a, 0x22, 0x2a, 0x22, 0x2a, 0x22, 0x2a, 0x22, 0x2a, 0x22, 0x2a, 0x22, 0x2a, 0x22,
0x2a, 0x22, 0x2a, 0x22, 0x2a, 0x22, 0x2a, 0x22, 0x2a, 0x22, 0x2a, 0x22, 0x2a, 0x22, 0x2a, 0x22, 0x2a, 0x22, 0x2a, 0x22, 0x2a, 0x22, 0x2a, 0x22,
0x2a, 0x22, 0x2a, 0x22, 0xc4, 0x00, 0xc4, 0x00, 0xc4, 0x00, 0xc4, 0x00, 0xc4, 0x00, 0xc4, 0x00, 0xc4, 0x00, 0xc4, 0x00, 0xc4, 0x00, 0xc4, 0x00,
0xc4, 0x00, 0xc4, 0x00, 0xc4, 0x00, 0xc4, 0x00, 0xc4, 0x00, 0xc4, 0x00, 0xc4, 0x00, 0xc4, 0x00, 0xc4, 0x00, 0xc4, 0x00, 0xc4, 0x00, 0xc4, 0x00,
0xc4, 0x00, 0xc4, 0x00, 0xc4, 0x00, 0xc4, 0x00, 0xc4, 0x00, 0xc4, 0x00, 0xc4, 0x00, 0xc4, 0x00, 0xc4, 0x00, 0xc4, 0x00, 0xc4, 0x00, 0xc4, 0x00,
0xc4, 0x00, 0xc4, 0x00, 0xc4, 0x00, 0xc4, 0x00, 0xc4, 0x00, 0xc4, 0x00, 0xc4, 0x00, 0xc4, 0x00, 0xc4, 0x00, 0xc4, 0x00, 0xc4, 0x00, 0xc4, 0x00,
0xc4, 0x00, 0xc4, 0x00, 0xc4, 0x00, 0xc4, 0x00, 0xc4, 0x00, 0xc4, 0x00, 0xc4, 0x00, 0xc4, 0x00, 0x2a, 0x22, 0x37, 0x4f, 0x37, 0x4f, 0x2a, 0x22,
0x2a, 0x22, 0x2a, 0x22, 0x2a, 0x22, 0x37, 0x4f, 0x2a, 0x22, 0x2a, 0x22, 0x2a, 0x22, 0x2a, 0x22, 0x2a, 0x22, 0x2a, 0x22, 0x2a, 0x22, 0x2a, 0x22,
0x2a, 0x22, 0x2a, 0x22, 0x37, 0x4f, 0x2a, 0x22, 0x2a, 0x22, 0x2a, 0x22, 0x2a, 0x22, 0x2a, 0x22, 0x2a, 0x22, 0x2a, 0x22, 0x2a, 0x22, 0x2a, 0x22,
0x2a, 0x22, 0x2a, 0x22, 0x2a, 0x22, 0x2a, 0x22, 0x2a, 0x22, 0x37, 0x4f, 0x2a, 0x22, 0x2a, 0x22, 0x2a, 0x22, 0x2a, 0x22, 0xc4, 0x00, 0xc4, 0x00,
0x2a, 0x22, 0x2a, 0x22, 0x2a, 0x22, 0x2a, 0x22, 0x2a, 0x22, 0xc4, 0x00, 0xc4, 0x00, 0xc4, 0x00, 0xc4, 0x00, 0xc4, 0x00, 0xc4, 0x00, 0xc4, 0x00,
0xc4, 0x00, 0xc4, 0x00, 0xc4, 0x00, 0xc4, 0x00, 0xc4, 0x00, 0xc4, 0x00, 0xc4, 0x00, 0xc4, 0x00, 0xc4, 0x00, 0xc4, 0x00, 0xc4, 0x00, 0xc4, 0x00,
0xc4, 0x00, 0xc4, 0x00, 0xc4, 0x00, 0xc4, 0x00, 0xc4, 0x00, 0xc4, 0x00, 0xc4, 0x00, 0xc4, 0x00, 0x2a, 0x22, 0x2a, 0x22, 0x2a, 0x22, 0x2a, 0x22,
0x2a, 0x22, 0x37, 0x4f, 0x2a, 0x22, 0x2a, 0x22, 0x37, 0x4f, 0x2a, 0x22, 0x37, 0x4f, 0x37, 0x4f, 0x37, 0x4f, 0x37, 0x4f, 0x37, 0x4f, 0x2a, 0x22,
0x2a, 0x22, 0x2a, 0x22, 0x2a, 0x22, 0x2a, 0x22, 0x2a, 0x22, 0x2a, 0x22, 0x2a, 0x22, 0x2a, 0x22, 0x2a, 0x22, 0x2a, 0x22, 0x2a, 0x22, 0x2a, 0x22,
0x2a, 0x22, 0x2a, 0x22, 0x2a, 0x22, 0x2a, 0x22, 0x2a, 0x22, 0x2a, 0x22, 0x2a, 0x22, 0x2a, 0x22, 0x2a, 0x22, 0x2a, 0x22, 0x2a, 0x22, 0x2a, 0x22,
0x2a, 0x22, 0x2a, 0x22, 0x2a, 0x22, 0x2a, 0x22, 0x2a, 0x22, 0x2a, 0x22, 0x2a, 0x22, 0x2a, 0x22, 0x2a, 0x22, 0x2a, 0x22, 0x2a, 0x22, 0x2a, 0x22,
0x2a, 0x22, 0x2a, 0x22, 0x2a, 0x22, 0x2a, 0x22, 0x2a, 0x22, 0x2a, 0x22, 0x2a, 0x22, 0x2a, 0x22, 0x2a, 0x22, 0x2a, 0x22, 0x2a, 0x22, 0x2a, 0x22,
0x2a, 0x22, 0x2a, 0x22, 0x2a, 0x22, 0x2a, 0x22, 0x2a, 0x22, 0x2a, 0x22, 0x2a, 0x22, 0x2a, 0x22, 0x2a, 0x22, 0x2a, 0x22, 0x2a, 0x22, 0x2a, 0x22,
0x2a, 0x22, 0x2a, 0x22, 0x2a, 0x22, 0x2a, 0x22, 0x2a, 0x22, 0x2a, 0x22, 0x2a, 0x22, 0x2a, 0x22, 0x2a, 0x22, 0x2a, 0x22, 0x2a, 0x22, 0x2a, 0x22,
0x2a, 0x22, 0xc4, 0x00, 0xc4, 0x00, 0xc4, 0x00, 0xc4, 0x00, 0xc4, 0x00, 0xc4, 0x00, 0xc4, 0x00, 0xc4, 0x00, 0xc4, 0x00, 0xc4, 0x00, 0xc4, 0x00,
0xc4, 0x00, 0xc4, 0x00, 0xc4, 0x00, 0xc4, 0x00, 0xc4, 0x00, 0xc4, 0x00, 0xc4, 0x00, 0xc4, 0x00, 0xc4, 0x00, 0xc4, 0x00, 0xc4, 0x00, 0xc4, 0x00,
0xc4, 0x00, 0xc4, 0x00, 0xc4, 0x00, 0xc4, 0x00, 0xc4, 0x00, 0xc4, 0x00, 0xc4, 0x00, 0xc4, 0x00, 0xc4, 0x00, 0xc4, 0x00, 0xc4, 0x00, 0xc4, 0x00,
0xc4, 0x00, 0xc4, 0x00, 0xc4, 0x00, 0xc4, 0x00, 0xc4, 0x00, 0xc4, 0x00, 0xc4, 0x00, 0xc4, 0x00, 0xc4, 0x00, 0xc4, 0x00, 0xc4, 0x00, 0xc4, 0x00,
0xc4, 0x00, 0xc4, 0x00, 0xc4, 0x00, 0xc4, 0x00, 0xc4, 0x00, 0xc4, 0x00, 0xc4, 0x00, 0xc4, 0x00, 0xc4, 0x00, 0x2a, 0x22, 0x2a, 0x22, 0x2a, 0x22,
0x2a, 0x22, 0x2a, 0x22, 0x2a, 0x22, 0x2a, 0x22, 0x2a, 0x22, 0x2a, 0x22, 0x2a, 0x22, 0x2a, 0x22, 0x2a, 0x22, 0x2a, 0x22, 0x2a, 0x22, 0x2a, 0x22,
0x2a, 0x22, 0x2a, 0x22, 0x2a, 0x22, 0x2a, 0x22, 0x2a, 0x22, 0x2a, 0x22, 0x2a, 0x22, 0x2a, 0x22, 0x2a, 0x22, 0x2a, 0x22, 0x2a, 0x22, 0x2a, 0x22,
0x2a, 0x22, 0x2a, 0x22, 0x2a, 0x22, 0x2a, 0x22, 0x2a, 0x22, 0x37, 0x4f, 0x2a, 0x22, 0x2a, 0x22, 0x2a, 0x22, 0x2a, 0x22, 0x2a, 0x22, 0x2a, 0x22,
0xc4, 0x00, 0xc4, 0x00, 0x2a, 0x22, 0x2a, 0x22, 0x37, 0x4f, 0xc4, 0x00, 0xc4, 0x00, 0xc4, 0x00, 0xc4, 0x00, 0xc4, 0x00, 0xc4, 0x00, 0xc4, 0x00,
0xc4, 0x00, 0xc4, 0x00, 0xc4, 0x00, 0xc4, 0x00, 0xc4, 0x00, 0xc4, 0x00, 0xc4, 0x00, 0xc4, 0x00, 0xc4, 0x00, 0xc4, 0x00, 0xc4, 0x00, 0xc4, 0x00,
0xc4, 0x00, 0xc4, 0x00, 0xc4, 0x00, 0xc4, 0x00, 0xc4, 0x00, 0xc4, 0x00, 0xc4, 0x00, 0xc4, 0x00, 0xc4, 0x00, 0xc4, 0x00, 0x2a, 0x22, 0x2a, 0x22,
0x2a, 0x22, 0x2a, 0x22, 0x2a, 0x22, 0x2a, 0x22, 0x37, 0x4f, 0x37, 0x4f, 0x37, 0x4f, 0x37, 0x4f, 0x37, 0x4f, 0x37, 0x4f, 0x37, 0x4f, 0xea, 0xc4,
0x2a, 0x22, 0x2a, 0x22, 0x2a, 0x22, 0x2a, 0x22, 0x2a, 0x22, 0xea, 0xc4, 0x2a, 0x22, 0x2a, 0x22, 0x2a, 0x22, 0x2a, 0x22, 0x2a, 0x22, 0x2a, 0x22,
0x2a, 0x22, 0x2a, 0x22, 0x2a, 0x22, 0x2a, 0x22, 0x2a, 0x22, 0x2a, 0x22, 0x2a, 0x22, 0x2a, 0x22, 0x2a, 0x22, 0x2a, 0x22, 0x2a, 0x22, 0x2a, 0x22,
0x2a, 0x22, 0x2a, 0x22, 0x2a, 0x22, 0x2a, 0x22, 0x2a, 0x22, 0x2a, 0x22, 0x2a, 0x22, 0x2a, 0x22, 0x2a, 0x22, 0x2a, 0x22, 0x2a, 0x22, 0x2a, 0x22,
0x2a, 0x22, 0x2a, 0x22, 0x2a, 0x22, 0x2a, 0x22, 0x2a, 0x22, 0x2a, 0x22, 0x2a, 0x22, 0x2a, 0x22, 0x2a, 0x22, 0x2a, 0x22, 0x2a, 0x22, 0x2a, 0x22,
0x2a, 0x22, 0x2a, 0x22, 0x2a, 0x22, 0xea, 0xc4, 0x2a, 0x22, 0x2a, 0x22, 0x2a, 0x22, 0x2a, 0x22, 0x2a, 0x22, 0x2a, 0x22, 0x2a, 0x22, 0x2a, 0x22,
0x2a, 0x22, 0x2a, 0x22, 0x2a, 0x22, 0x2a, 0x22, 0x2a, 0x22, 0x2a, 0x22, 0x2a, 0x22, 0x2a, 0x22, 0x2a, 0x22, 0x2a, 0x22, 0x2a, 0x22, 0xc4, 0x00,
0x2a, 0x22, 0x2a, 0x22, 0xc4, 0x00, 0xc4, 0x00, 0xc4, 0x00, 0xc4, 0x00, 0xc4, 0x00, 0xc4, 0x00, 0xc4, 0x00, 0xc4, 0x00, 0xc4, 0x00, 0xc4, 0x00,
0xc4, 0x00, 0xc4, 0x00, 0xc4, 0x00, 0xc4, 0x00, 0xc4, 0x00, 0xc4, 0x00, 0xc4, 0x00, 0xc4, 0x00, 0xc4, 0x00, 0xc4, 0x00, 0xc4, 0x00, 0xc4, 0x00,
0xc4, 0x00, 0xc4, 0x00, 0xc4, 0x00, 0xc4, 0x00, 0xc4, 0x00, 0xc4, 0x00, 0xc4, 0x00, 0xc4, 0x00, 0xc4, 0x00, 0xc4, 0x00, 0xc4, 0x00, 0xc4, 0x00,
0xc4, 0x00, 0xc4, 0x00, 0xc4, 0x00, 0xc4, 0x00, 0xc4, 0x00, 0xc4, 0x00, 0xc4, 0x00, 0xc4, 0x00, 0xc4, 0x00, 0xc4, 0x00, 0xc4, 0x00, 0xc4, 0x00,
0xc4, 0x00, 0xc4, 0x00, 0xc4, 0x00, 0xc4, 0x00, 0xc4, 0x00, 0xc4, 0x00, 0xc4, 0x00, 0xc4, 0x00, 0xc4, 0x00, 0x2a, 0x22, 0x2a, 0x22, 0x2a, 0x22,
0x2a, 0x22, 0x2a, 0x22, 0x2a, 0x22, 0x2a, 0x22, 0x2a, 0x22, 0x2a, 0x22, 0x2a, 0x22, 0x2a, 0x22, 0x2a, 0x22, 0x2a, 0x22, 0x2a, 0x22, 0x2a, 0x22,
0x2a, 0x22, 0x2a, 0x22, 0x2a, 0x22, 0x2a, 0x22, 0x2a, 0x22, 0x2a, 0x22, 0x2a, 0x22, 0x2a, 0x22, 0x2a, 0x22, 0x2a, 0x22, 0x2a, 0x22, 0x2a, 0x22,
0x2a, 0x22, 0x2a, 0x22, 0x37, 0x4f, 0x2a, 0x22, 0x2a, 0x22, 0x2a, 0x22, 0x2a, 0x22, 0x2a, 0x22, 0x37, 0x4f, 0x2a, 0x22, 0x2a, 0x22, 0x2a, 0x22,
0xc4, 0x00, 0xc4, 0x00, 0xc4, 0x00, 0xc4, 0x00, 0xc4, 0x00, 0xc4, 0x00, 0xc4, 0x00, 0xc4, 0x00, 0xc4, 0x00, 0xc4, 0x00, 0xc4, 0x00, 0xc4, 0x00,
0xc4, 0x00, 0xc4, 0x00, 0xc4, 0x00, 0xc4, 0x00, 0xc4, 0x00, 0xc4, 0x00, 0xc4, 0x00, 0xc4, 0x00, 0xc4, 0x00, 0xc4, 0x00, 0xc4, 0x00, 0xc4, 0x00,
0xc4, 0x00, 0xc4, 0x00, 0xc4, 0x00, 0xc4, 0x00, 0xc4, 0x00, 0xc4, 0x00, 0xc4, 0x00, 0xc4, 0x00, 0xc4, 0x00, 0xc4, 0x00, 0x2a, 0x22, 0x37, 0x4f,
0x2a, 0x22, 0x2a, 0x22, 0x2a, 0x22, 0x37, 0x4f, 0x37, 0x4f, 0x37, 0x4f, 0x37, 0x4f, 0x37, 0x4f, 0x37, 0x4f, 0x37, 0x4f, 0x2a, 0x22, 0x2a, 0x22,
0x2a, 0x22, 0x2a, 0x22, 0x2a, 0x22, 0x2a, 0x22, 0x2a, 0x22, 0x2a, 0x22, 0x2a, 0x22, 0x2a, 0x22, 0x2a, 0x22, 0x2a, 0x22, 0x2a, 0x22, 0x2a, 0x22,
0x2a, 0x22, 0x2a, 0x22, 0x2a, 0x22, 0x2a, 0x22, 0x2a, 0x22, 0xc4, 0x00, 0x2a, 0x22, 0x2a, 0x22, 0x2a, 0x22, 0x2a, 0x22, 0x2a, 0x22, 0x2a, 0x22,
0x2a, 0x22, 0x2a, 0x22, 0x2a, 0x22, 0x2a, 0x22, 0x2a, 0x22, 0x2a, 0x22, 0x2a, 0x22, 0x2a, 0x22, 0x2a, 0x22, 0x2a, 0x22, 0x2a, 0x22, 0x2a, 0x22,
0x2a, 0x22, 0x2a, 0x22, 0x2a, 0x22, 0x2a, 0x22, 0x2a, 0x22, 0x2a, 0x22, 0x2a, 0x22, 0x2a, 0x22, 0x2a, 0x22, 0x2a, 0x22, 0x2a, 0x22, 0x2a, 0x22,
0x2a, 0x22, 0x2a, 0x22, 0x2a, 0x22, 0x2a, 0x22, 0x2a, 0x22, 0x2a, 0x22, 0x2a, 0x22, 0x2a, 0x22, 0x2a, 0x22, 0x2a, 0x22, 0x2a, 0x22, 0x2a, 0x22,
0x2a, 0x22, 0x2a, 0x22, 0x2a, 0x22, 0x2a, 0x22, 0x2a, 0x22, 0x2a, 0x22, 0x2a, 0x22, 0x2a, 0x22, 0x2a, 0x22, 0x2a, 0x22, 0xc4, 0x00, 0xc4, 0x00,
0x2a, 0x22, 0xc4, 0x00, 0xc4, 0x00, 0xc4, 0x00, 0xc4, 0x00, 0xc4, 0x00, 0xc4, 0x00, 0xc4, 0x00, 0xc4, 0x00, 0xc4, 0x00, 0xc4, 0x00, 0xc4, 0x00,
0xc4, 0x00, 0xc4, 0x00, 0xc4, 0x00, 0xc4, 0x00, 0xc4, 0x00, 0xc4, 0x00, 0xc4, 0x00, 0xc4, 0x00, 0xc4, 0x00, 0xc4, 0x00, 0xc4, 0x00, 0xc4, 0x00,
0xc4, 0x00, 0xc4, 0x00, 0xc4, 0x00, 0xc4, 0x00, 0xc4, 0x00, 0xc4, 0x00, 0xc4, 0x00, 0xc4, 0x00, 0xc4, 0x00, 0xc4, 0x00, 0xc4, 0x00, 0xc4, 0x00,
0xc4, 0x00, 0xc4, 0x00, 0xc4, 0x00, 0xc4, 0x00, 0xc4, 0x00, 0xc4, 0x00, 0xc4, 0x00, 0xc4, 0x00, 0xc4, 0x00, 0xc4, 0x00, 0xc4, 0x00, 0xc4, 0x00,
0xc4, 0x00, 0xc4, 0x00, 0xc4, 0x00, 0xc4, 0x00, 0xc4, 0x00, 0xc4, 0x00, 0xc4, 0x00, 0xc4, 0x00, 0xc4, 0x00, 0x2a, 0x22, 0x2a, 0x22, 0x2a, 0x22,
0x2a, 0x22, 0x2a, 0x22, 0x2a, 0x22, 0x2a, 0x22, 0x2a, 0x22, 0x37, 0x4f, 0x2a, 0x22, 0x2a, 0x22, 0x2a, 0x22, 0x2a, 0x22, 0x2a, 0x22, 0x2a, 0x22,
0x2a, 0x22, 0x2a, 0x22, 0x2a, 0x22, 0x2a, 0x22, 0x37, 0x4f, 0x2a, 0x22, 0x2a, 0x22, 0x2a, 0x22, 0x2a, 0x22, 0x2a, 0x22, 0x2a, 0x22, 0x2a, 0x22,
0x37, 0x4f, 0x2a, 0x22, 0x2a, 0x22, 0x2a, 0x22, 0x2a, 0x22, 0x2a, 0x22, 0x2a, 0x22, 0x2a, 0x22, 0x2a, 0x22, 0x2a, 0x22, 0xc4, 0x00, 0xc4, 0x00,
0xc4, 0x00, 0xc4, 0x00, 0xc4, 0x00, 0xc4, 0x00, 0xc4, 0x00, 0xc4, 0x00, 0xc4, 0x00, 0xc4, 0x00, 0xc4, 0x00, 0xc4, 0x00, 0xc4, 0x00, 0xc4, 0x00,
0xc4, 0x00, 0xc4, 0x00, 0xc4, 0x00, 0xc4, 0x00, 0xc4, 0x00, 0xc4, 0x00, 0xc4, 0x00, 0xc4, 0x00, 0xc4, 0x00, 0xc4, 0x00, 0xc4, 0x00, 0xc4, 0x00,
0xc4, 0x00, 0xc4, 0x00, 0xc4, 0x00, 0xc4, 0x00, 0xc4, 0x00, 0xc4, 0x00, 0x2a, 0x22, 0x2a, 0x22, 0x2a, 0x22, 0x2a, 0x22, 0x2a, 0x22, 0x2a, 0x22,
0x2a, 0x22, 0x2a, 0x22, 0x2a, 0x22, 0x2a, 0x22, 0x2a, 0x22, 0x2a, 0x22, 0x2a, 0x22, 0x2a, 0x22, 0x37, 0x4f, 0x37, 0x4f, 0x2a, 0x22, 0x2a, 0x22,
0x37, 0x4f, 0x2a, 0x22, 0x2a, 0x22, 0x37, 0x4f, 0x2a, 0x22, 0xc4, 0x00, 0xc4, 0x00, 0x2a, 0x22, 0xc4, 0x00, 0xc4, 0x00, 0x2a, 0x22, 0x2a, 0x22,
0x2a, 0x22, 0x2a, 0x22, 0x2a, 0x22, 0x2a, 0x22, 0xc4, 0x00, 0x2a, 0x22, 0x2a, 0x22, 0x2a, 0x22, 0x2a, 0x22, 0x2a, 0x22, 0x2a, 0x22, 0x2a, 0x22,
0x2a, 0x22, 0x2a, 0x22, 0x2a, 0x22, 0x2a, 0x22, 0x2a, 0x22, 0x2a, 0x22, 0x2a, 0x22, 0x2a, 0x22, 0x2a, 0x22, 0x2a, 0x22, 0x2a, 0x22, 0x2a, 0x22,
0x2a, 0x22, 0x2a, 0x22, 0x2a, 0x22, 0x2a, 0x22, 0x2a, 0x22, 0x2a, 0x22, 0x2a, 0x22, 0x2a, 0x22, 0x2a, 0x22, 0x2a, 0x22, 0x2a, 0x22, 0x2a, 0x22,
0x2a, 0x22, 0x2a, 0x22, 0x2a, 0x22, 0x2a, 0x22, 0x2a, 0x22, 0x2a, 0x22, 0x2a, 0x22, 0x2a, 0x22, 0x2a, 0x22, 0x2a, 0x22, 0x2a, 0x22, 0x2a, 0x22,
0x2a, 0x22, 0x2a, 0x22, 0x2a, 0x22, 0x2a, 0x22, 0x2a, 0x22, 0x2a, 0x22, 0x2a, 0x22, 0x2a, 0x22, 0x2a, 0x22, 0xc4, 0x00, 0xc4, 0x00, 0x2a, 0x22,
0x2a, 0x22, 0x2a, 0x22, 0x2a, 0x22, 0xc4, 0x00, 0xc4, 0x00, 0xc4, 0x00, 0xc4, 0x00, 0xc4, 0x00, 0xc4, 0x00, 0xc4, 0x00, 0xc4, 0x00, 0xc4, 0x00,
0xc4, 0x00, 0xc4, 0x00, 0xc4, 0x00, 0xc4, 0x00, 0xc4, 0x00, 0xc4, 0x00, 0xc4, 0x00, 0xc4, 0x00, 0xc4, 0x00, 0xc4, 0x00, 0xc4, 0x00, 0xc4, 0x00,
0xc4, 0x00, 0xc4, 0x00, 0xc4, 0x00, 0xc4, 0x00, 0xc4, 0x00, 0xc4, 0x00, 0xc4, 0x00, 0xc4, 0x00, 0xc4, 0x00, 0xc4, 0x00, 0xc4, 0x00, 0xc4, 0x00,
0xc4, 0x00, 0xc4, 0x00, 0xc4, 0x00, 0xc4, 0x00, 0xc4, 0x00, 0xc4, 0x00, 0xc4, 0x00, 0xc4, 0x00, 0xc4, 0x00, 0xc4, 0x00, 0xc4, 0x00, 0xc4, 0x00,
0xc4, 0x00, 0xc4, 0x00, 0xc4, 0x00, 0xc4, 0x00, 0xc4, 0x00, 0xc4, 0x00, 0xc4, 0x00, 0xc4, 0x00, 0xc4, 0x00, 0x2a, 0x22, 0x2a, 0x22, 0x2a, 0x22,
0x2a, 0x22, 0x2a, 0x22, 0x2a, 0x22, 0x2a, 0x22, 0x2a, 0x22, 0x2a, 0x22, 0x2a, 0x22, 0x2a, 0x22, 0x2a, 0x22, 0x2a, 0x22, 0x2a, 0x22, 0x2a, 0x22,
0x2a, 0x22, 0x2a, 0x22, 0x2a, 0x22, 0x2a, 0x22, 0x2a, 0x22, 0x2a, 0x22, 0x2a, 0x22, 0x2a, 0x22, 0x37, 0x4f, 0x2a, 0x22, 0x2a, 0x22, 0x2a, 0x22,
0x37, 0x4f, 0x2a, 0x22, 0x2a, 0x22, 0x2a, 0x22, 0x2a, 0x22, 0x2a, 0x22, 0xc4, 0x00, 0xc4, 0x00, 0xc4, 0x00, 0xc4, 0x00, 0xc4, 0x00, 0xc4, 0x00,
0xc4, 0x00, 0xc4, 0x00, 0xc4, 0x00, 0xc4, 0x00, 0xc4, 0x00, 0xc4, 0x00, 0xc4, 0x00, 0xc4, 0x00, 0xc4, 0x00, 0xc4, 0x00, 0xc4, 0x00, 0xc4, 0x00,
0xc4, 0x00, 0xc4, 0x00, 0xc4, 0x00, 0xc4, 0x00, 0xc4, 0x00, 0xc4, 0x00, 0xc4, 0x00, 0xc4, 0x00, 0xc4, 0x00, 0xc4, 0x00, 0xc4, 0x00, 0xc4, 0x00,
0xc4, 0x00, 0xc4, 0x00, 0xc4, 0x00, 0xc4, 0x00, 0xc4, 0x00, 0x2a, 0x22, 0x2a, 0x22, 0x2a, 0x22, 0x2a, 0x22, 0x2a, 0x22, 0x2a, 0x22, 0x2a, 0x22,
0x2a, 0x22, 0x2a, 0x22, 0x37, 0x4f, 0x37, 0x4f, 0x37, 0x4f, 0x2a, 0x22, 0x2a, 0x22, 0x37, 0x4f, 0x2a, 0x22, 0x37, 0x4f, 0x37, 0x4f, 0x2a, 0x22,
0x2a, 0x22, 0xea, 0xc4, 0x2a, 0x22, 0x37, 0x4f, 0x37, 0x4f, 0xc4, 0x00, 0xc4, 0x00, 0x2a, 0x22, 0x2a, 0x22, 0xc4, 0x00, 0xc4, 0x00, 0x2a, 0x22,
0x2a, 0x22, 0x2a, 0x22, 0x2a, 0x22, 0x2a, 0x22, 0xc4, 0x00, 0xc4, 0x00, 0x2a, 0x22, 0x2a, 0x22, 0x2a, 0x22, 0x2a, 0x22, 0x2a, 0x22, 0x2a, 0x22,
0x2a, 0x22, 0x2a, 0x22, 0x2a, 0x22, 0x2a, 0x22, 0x2a, 0x22, 0x2a, 0x22, 0x2a, 0x22, 0x2a, 0x22, 0xea, 0xc4, 0x2a, 0x22, 0x2a, 0x22, 0x2a, 0x22,
0x2a, 0x22, 0x2a, 0x22, 0x2a, 0x22, 0x2a, 0x22, 0x2a, 0x22, 0x2a, 0x22, 0x2a, 0x22, 0x2a, 0x22, 0x2a, 0x22, 0x2a, 0x22, 0x2a, 0x22, 0x2a, 0x22,
0x2a, 0x22, 0x2a, 0x22, 0x2a, 0x22, 0x2a, 0x22, 0x2a, 0x22, 0x2a, 0x22, 0x2a, 0x22, 0x2a, 0x22, 0x2a, 0x22, 0x2a, 0x22, 0x2a, 0x22, 0x2a, 0x22,
0x2a, 0x22, 0x2a, 0x22, 0x2a, 0x22, 0x2a, 0x22, 0x2a, 0x22, 0x2a, 0x22, 0x2a, 0x22, 0x2a, 0x22, 0xc4, 0x00, 0xc4, 0x00, 0xc4, 0x00, 0x2a, 0x22,
0x2a, 0x22, 0x2a, 0x22, 0xc4, 0x00, 0xc4, 0x00, 0xc4, 0x00, 0xc4, 0x00, 0xc4, 0x00, 0xc4, 0x00, 0xc4, 0x00, 0xc4, 0x00, 0xc4, 0x00, 0xc4, 0x00,
0xc4, 0x00, 0xc4, 0x00, 0xc4, 0x00, 0xc4, 0x00, 0xc4, 0x00, 0xc4, 0x00, 0xc4, 0x00, 0xc4, 0x00, 0xc4, 0x00, 0xc4, 0x00, 0xc4, 0x00, 0xc4, 0x00,
0xc4, 0x00, 0xc4, 0x00, 0xc4, 0x00, 0xc4, 0x00, 0xc4, 0x00, 0xc4, 0x00, 0xc4, 0x00, 0xc4, 0x00, 0xc4, 0x00, 0xc4, 0x00, 0xc4, 0x00, 0xc4, 0x00,
0xc4, 0x00, 0xc4, 0x00, 0xc4, 0x00, 0xc4, 0x00, 0xc4, 0x00, 0xc4, 0x00, 0xc4, 0x00, 0xc4, 0x00, 0xc4, 0x00, 0xc4, 0x00, 0xc4, 0x00, 0xc4, 0x00,
0xc4, 0x00, 0xc4, 0x00, 0xc4, 0x00, 0xc4, 0x00, 0xc4, 0x00, 0xc4, 0x00, 0xc4, 0x00, 0xc4, 0x00, 0xc4, 0x00, 0x2a, 0x22, 0x2a, 0x22, 0x2a, 0x22,
0x2a, 0x22, 0x2a, 0x22, 0x2a, 0x22, 0x2a, 0x22, 0x2a, 0x22, 0x2a, 0x22, 0x2a, 0x22, 0x2a, 0x22, 0x2a, 0x22, 0x2a, 0x22, 0x2a, 0x22, 0x2a, 0x22,
0x2a, 0x22, 0x2a, 0x22, 0x2a, 0x22, 0x2a, 0x22, 0x2a, 0x22, 0x2a, 0x22, 0x2a, 0x22, 0x2a, 0x22, 0x2a, 0x22, 0x2a, 0x22, 0x2a, 0x22, 0x2a, 0x22,
0x2a, 0x22, 0x2a, 0x22, 0x2a, 0x22, 0x2a, 0x22, 0x37, 0x4f, 0x37, 0x4f, 0xc4, 0x00, 0xc4, 0x00, 0xc4, 0x00, 0xc4, 0x00, 0xc4, 0x00, 0xc4, 0x00,
0xc4, 0x00, 0xc4, 0x00, 0xc4, 0x00, 0xc4, 0x00, 0xc4, 0x00, 0xc4, 0x00, 0xc4, 0x00, 0xc4, 0x00, 0xc4, 0x00, 0xc4, 0x00, 0xc4, 0x00, 0xc4, 0x00,
0xc4, 0x00, 0xc4, 0x00, 0xc4, 0x00, 0xc4, 0x00, 0xc4, 0x00, 0xc4, 0x00, 0xc4, 0x00, 0xc4, 0x00, 0xc4, 0x00, 0xc4, 0x00, 0xc4, 0x00, 0xc4, 0x00,
0xc4, 0x00, 0xc4, 0x00, 0xc4, 0x00, 0xc4, 0x00, 0xc4, 0x00, 0xc4, 0x00, 0x2a, 0x22, 0x2a, 0x22, 0x2a, 0x22, 0x2a, 0x22, 0x2a, 0x22, 0x2a, 0x22,
0xea, 0xc4, 0xc4, 0x00, 0xc4, 0x00, 0xc4, 0x00, 0x2a, 0x22, 0x2a, 0x22, 0x2a, 0x22, 0x37, 0x4f, 0x2a, 0x22, 0x2a, 0x22, 0xc4, 0x00, 0x37, 0x4f,
0xea, 0xc4, 0x37, 0x4f, 0x2a, 0x22, 0x2a, 0x22, 0x2a, 0x22, 0x2a, 0x22, 0x2a, 0x22, 0x2a, 0x22, 0x2a, 0x22, 0x2a, 0x22, 0x2a, 0x22, 0x2a, 0x22,
0x2a, 0x22, 0x2a, 0x22, 0xea, 0xc4, 0x2a, 0x22, 0x2a, 0x22, 0x2a, 0x22, 0x2a, 0x22, 0x2a, 0x22, 0x2a, 0x22, 0x2a, 0x22, 0x2a, 0x22, 0x2a, 0x22,
0x2a, 0x22, 0x2a, 0x22, 0x2a, 0x22, 0x2a, 0x22, 0x2a, 0x22, 0xea, 0xc4, 0x2a, 0x22, 0x2a, 0x22, 0x2a, 0x22, 0x2a, 0x22, 0x2a, 0x22, 0x2a, 0x22,
0x2a, 0x22, 0x2a, 0x22, 0x2a, 0x22, 0x2a, 0x22, 0x2a, 0x22, 0x2a, 0x22, 0x2a, 0x22, 0x2a, 0x22, 0x2a, 0x22, 0x2a, 0x22, 0x2a, 0x22, 0x2a, 0x22,
0x2a, 0x22, 0x2a, 0x22, 0x2a, 0x22, 0x2a, 0x22, 0x2a, 0x22, 0x2a, 0x22, 0x2a, 0x22, 0x2a, 0x22, 0x2a, 0x22, 0x2a, 0x22, 0x2a, 0x22, 0x2a, 0x22,
0x2a, 0x22, 0x2a, 0x22, 0x2a, 0x22, 0x2a, 0x22, 0x2a, 0x22, 0xc4, 0x00, 0xc4, 0x00, 0xc4, 0x00, 0xc4, 0x00, 0xc4, 0x00, 0xc4, 0x00, 0x2a, 0x22,
0xc4, 0x00, 0xc4, 0x00, 0xc4, 0x00, 0xc4, 0x00, 0xc4, 0x00, 0xc4, 0x00, 0xc4, 0x00, 0xc4, 0x00, 0xc4, 0x00, 0xc4, 0x00, 0xc4, 0x00, 0xc4, 0x00,
0xc4, 0x00, 0xc4, 0x00, 0xc4, 0x00, 0xc4, 0x00, 0xc4, 0x00, 0xc4, 0x00, 0xc4, 0x00, 0xc4, 0x00, 0xc4, 0x00, 0xc4, 0x00, 0xc4, 0x00, 0xc4, 0x00,
0xc4, 0x00, 0xc4, 0x00, 0xc4, 0x00, 0xc4, 0x00, 0xc4, 0x00, 0xc4, 0x00, 0xc4, 0x00, 0xc4, 0x00, 0xc4, 0x00, 0xc4, 0x00, 0xc4, 0x00, 0xc4, 0x00,
0xc4, 0x00, 0xc4, 0x00, 0xc4, 0x00, 0xc4, 0x00, 0xc4, 0x00, 0xc4, 0x00, 0xc4, 0x00, 0xc4, 0x00, 0xc4, 0x00, 0xc4, 0x00, 0xc4, 0x00, 0xc4, 0x00,
0xc4, 0x00, 0xc4, 0x00, 0xc4, 0x00, 0xc4, 0x00, 0xc4, 0x00, 0xc4, 0x00, 0xc4, 0x00, 0xc4, 0x00, 0xc4, 0x00, 0x2a, 0x22, 0x2a, 0x22, 0x2a, 0x22,
0x2a, 0x22, 0x2a, 0x22, 0x2a, 0x22, 0x2a, 0x22, 0x2a, 0x22, 0x2a, 0x22, 0x2a, 0x22, 0x2a, 0x22, 0x2a, 0x22, 0x2a, 0x22, 0x2a, 0x22, 0x2a, 0x22,
0x2a, 0x22, 0x2a, 0x22, 0x2a, 0x22, 0x2a, 0x22, 0x2a, 0x22, 0x2a, 0x22, 0x2a, 0x22, 0x2a, 0x22, 0x2a, 0x22, 0x2a, 0x22, 0x2a, 0x22, 0x2a, 0x22,
0x2a, 0x22, 0x2a, 0x22, 0x2a, 0x22, 0x37, 0x4f, 0x37, 0x4f, 0xc4, 0x00, 0xc4, 0x00, 0xc4, 0x00, 0xc4, 0x00, 0xc4, 0x00, 0xc4, 0x00, 0xc4, 0x00,
0xc4, 0x00, 0xc4, 0x00, 0xc4, 0x00, 0xc4, 0x00, 0xc4, 0x00, 0xc4, 0x00, 0xc4, 0x00, 0xc4, 0x00, 0xc4, 0x00, 0xc4, 0x00, 0xc4, 0x00, 0xc4, 0x00,
0xc4, 0x00, 0xc4, 0x00, 0xc4, 0x00, 0xc4, 0x00, 0xc4, 0x00, 0xc4, 0x00, 0xc4, 0x00, 0xc4, 0x00, 0xc4, 0x00, 0xc4, 0x00, 0xc4, 0x00, 0xc4, 0x00,
0xc4, 0x00, 0xc4, 0x00, 0xc4, 0x00, 0xc4, 0x00, 0xc4, 0x00, 0x2a, 0x22, 0x2a, 0x22, 0x2a, 0x22, 0x2a, 0x22, 0x37, 0x4f, 0x2a, 0x22, 0x2a, 0x22,
0xc4, 0x00, 0xc4, 0x00, 0xc4, 0x00, 0xc4, 0x00, 0x2a, 0x22, 0x2a, 0x22, 0xc4, 0x00, 0xc4, 0x00, 0x2a, 0x22, 0x2a, 0x22, 0x2a, 0x22, 0x37, 0x4f,
0x2a, 0x22, 0x37, 0x4f, 0x2a, 0x22, 0x2a, 0x22, 0x2a, 0x22, 0x2a, 0x22, 0x2a, 0x22, 0xea, 0xc4, 0x2a, 0x22, 0x2a, 0x22, 0x2a, 0x22, 0x2a, 0x22,
0x2a, 0x22, 0x2a, 0x22, 0xea, 0xc4, 0x2a, 0x22, 0x2a, 0x22, 0xea, 0xc4, 0x2a, 0x22, 0x2a, 0x22, 0x2a, 0x22, 0x2a, 0x22, 0x2a, 0x22, 0x2a, 0x22,
0x2a, 0x22, 0x2a, 0x22, 0x2a, 0x22, 0x2a, 0x22, 0x2a, 0x22, 0x2a, 0x22, 0x2a, 0x22, 0x2a, 0x22, 0x2a, 0x22, 0x2a, 0x22, 0x2a, 0x22, 0x2a, 0x22,
0x2a, 0x22, 0x2a, 0x22, 0x2a, 0x22, 0x2a, 0x22, 0x2a, 0x22, 0x2a, 0x22, 0x2a, 0x22, 0x2a, 0x22, 0x2a, 0x22, 0x2a, 0x22, 0x2a, 0x22, 0x2a, 0x22,
0x2a, 0x22, 0x2a, 0x22, 0x2a, 0x22, 0x2a, 0x22, 0x2a, 0x22, 0x2a, 0x22, 0x2a, 0x22, 0x2a, 0x22, 0x2a, 0x22, 0x37, 0x4f, 0x2a, 0x22, 0x2a, 0x22,
0x2a, 0x22, 0x2a, 0x22, 0x2a, 0x22, 0x2a, 0x22, 0x2a, 0x22, 0xc4, 0x00, 0xc4, 0x00, 0xc4, 0x00, 0xc4, 0x00, 0xc4, 0x00, 0xc4, 0x00, 0x2a, 0x22,
0x2a, 0x22, 0xc4, 0x00, 0xc4, 0x00, 0xc4, 0x00, 0xc4, 0x00, 0xc4, 0x00, 0xc4, 0x00, 0xc4, 0x00, 0xc4, 0x00, 0xc4, 0x00, 0xc4, 0x00, 0xc4, 0x00,
0xc4, 0x00, 0xc4, 0x00, 0xc4, 0x00, 0xc4, 0x00, 0xc4, 0x00, 0xc4, 0x00, 0xc4, 0x00, 0xc4, 0x00, 0xc4, 0x00, 0xc4, 0x00, 0xc4, 0x00, 0xc4, 0x00,
0xc4, 0x00, 0xc4, 0x00, 0xc4, 0x00, 0xc4, 0x00, 0xc4, 0x00, 0xc4, 0x00, 0xc4, 0x00, 0xc4, 0x00, 0xc4, 0x00, 0xc4, 0x00, 0xc4, 0x00, 0xc4, 0x00,
0xc4, 0x00, 0xc4, 0x00, 0xc4, 0x00, 0xc4, 0x00, 0xc4, 0x00, 0xc4, 0x00, 0xc4, 0x00, 0xc4, 0x00, 0xc4, 0x00, 0xc4, 0x00, 0xc4, 0x00, 0xc4, 0x00,
0xc4, 0x00, 0xc4, 0x00, 0xc4, 0x00, 0xc4, 0x00, 0xc4, 0x00, 0xc4, 0x00, 0xc4, 0x00, 0xc4, 0x00, 0xc4, 0x00, 0x2a, 0x22, 0x2a, 0x22, 0x2a, 0x22,
0x2a, 0x22, 0x2a, 0x22, 0x2a, 0x22, 0x2a, 0x22, 0x2a, 0x22, 0x2a, 0x22, 0x2a, 0x22, 0x2a, 0x22, 0x2a, 0x22, 0x2a, 0x22, 0x2a, 0x22, 0x2a, 0x22,
0x2a, 0x22, 0x2a, 0x22, 0x2a, 0x22, 0x2a, 0x22, 0x2a, 0x22, 0x2a, 0x22, 0x2a, 0x22, 0x2a, 0x22, 0x2a, 0x22, 0x2a, 0x22, 0x2a, 0x22, 0x37, 0x4f,
0x2a, 0x22, 0xea, 0xc4, 0x37, 0x4f, 0x37, 0x4f, 0xc4, 0x00, 0xc4, 0x00, 0xc4, 0x00, 0xc4, 0x00, 0xc4, 0x00, 0xc4, 0x00, 0xc4, 0x00, 0xc4, 0x00,
0xc4, 0x00, 0xc4, 0x00, 0xc4, 0x00, 0xc4, 0x00, 0xc4, 0x00, 0xc4, 0x00, 0xc4, 0x00, 0xc4, 0x00, 0xc4, 0x00, 0xc4, 0x00, 0xc4, 0x00, 0xc4, 0x00,
0xc4, 0x00, 0xc4, 0x00, 0xc4, 0x00, 0xc4, 0x00, 0xc4, 0x00, 0xc4, 0x00, 0xc4, 0x00, 0xc4, 0x00, 0xc4, 0x00, 0xc4, 0x00, 0xc4, 0x00, 0xc4, 0x00,
0xc4, 0x00, 0xc4, 0x00, 0xc4, 0x00, 0xc4, 0x00, 0xc4, 0x00, 0x2a, 0x22, 0x37, 0x4f, 0x2a, 0x22, 0x2a, 0x22, 0x2a, 0x22, 0x2a, 0x22, 0x2a, 0x22,
0x37, 0x4f, 0xc4, 0x00, 0xc4, 0x00, 0xc4, 0x00, 0x2a, 0x22, 0xc4, 0x00, 0x2a, 0x22, 0x2a, 0x22, 0x2a, 0x22, 0x37, 0x4f, 0xc4, 0x00, 0x37, 0x4f,
0x2a, 0x22, 0x37, 0x4f, 0xc4, 0x00, 0x2a, 0x22, 0x2a, 0x22, 0x2a, 0x22, 0x2a, 0x22, 0x2a, 0x22, 0x2a, 0x22, 0x2a, 0x22, 0x2a, 0x22, 0x2a, 0x22,
0x2a, 0x22, 0x2a, 0x22, 0x2a, 0x22, 0x2a, 0x22, 0x2a, 0x22, 0xc4, 0x00, 0xc4, 0x00, 0x2a, 0x22, 0x2a, 0x22, 0x2a, 0x22, 0x2a, 0x22, 0x2a, 0x22,
0x2a, 0x22, 0x2a, 0x22, 0x2a, 0x22, 0x2a, 0x22, 0x2a, 0x22, 0xea, 0xc4, 0x2a, 0x22, 0x2a, 0x22, 0x2a, 0x22, 0x2a, 0x22, 0x2a, 0x22, 0x2a, 0x22,
0x2a, 0x22, 0x2a, 0x22, 0x2a, 0x22, 0x2a, 0x22, 0x2a, 0x22, 0x2a, 0x22, 0x2a, 0x22, 0x2a, 0x22, 0x2a, 0x22, 0x2a, 0x22, 0x2a, 0x22, 0x2a, 0x22,
0x2a, 0x22, 0x2a, 0x22, 0x2a, 0x22, 0x2a, 0x22, 0x2a, 0x22, 0x2a, 0x22, 0x2a, 0x22, 0x2a, 0x22, 0x2a, 0x22, 0x2a, 0x22, 0x2a, 0x22, 0x2a, 0x22,
0xc4, 0x00, 0x2a, 0x22, 0x2a, 0x22, 0xea, 0xc4, 0x2a, 0x22, 0xc4, 0x00, 0xc4, 0x00, 0xc4, 0x00, 0xc4, 0x00, 0xc4, 0x00, 0x2a, 0x22, 0x2a, 0x22,
0xc4, 0x00, 0xc4, 0x00, 0xc4, 0x00, 0xc4, 0x00, 0xc4, 0x00, 0xc4, 0x00, 0xc4, 0x00, 0xc4, 0x00, 0xc4, 0x00, 0xc4, 0x00, 0xc4, 0x00, 0xc4, 0x00,
0xc4, 0x00, 0xc4, 0x00, 0xc4, 0x00, 0xc4, 0x00, 0xc4, 0x00, 0xc4, 0x00, 0xc4, 0x00, 0xc4, 0x00, 0xc4, 0x00, 0xc4, 0x00, 0xc4, 0x00, 0xc4, 0x00,
0xc4, 0x00, 0xc4, 0x00, 0xc4, 0x00, 0xc4, 0x00, 0xc4, 0x00, 0xc4, 0x00, 0xc4, 0x00, 0xc4, 0x00, 0xc4, 0x00, 0xc4, 0x00, 0xc4, 0x00, 0xc4, 0x00,
0xc4, 0x00, 0xc4, 0x00, 0xc4, 0x00, 0xc4, 0x00, 0xc4, 0x00, 0xc4, 0x00, 0xc4, 0x00, 0xc4, 0x00, 0xc4, 0x00, 0xc4, 0x00, 0xc4, 0x00, 0xc4, 0x00,
0xc4, 0x00, 0xc4, 0x00, 0xc4, 0x00, 0xc4, 0x00, 0xc4, 0x00, 0xc4, 0x00, 0xc4, 0x00, 0xc4, 0x00, 0xc4, 0x00, 0xc4, 0x00, 0x2a, 0x22, 0x2a, 0x22,
0x2a, 0x22, 0x2a, 0x22, 0x2a, 0x22, 0x2a, 0x22, 0x2a, 0x22, 0x2a, 0x22, 0x2a, 0x22, 0x2a, 0x22, 0x2a, 0x22, 0x2a, 0x22, 0x2a, 0x22, 0x2a, 0x22,
0x2a, 0x22, 0x2a, 0x22, 0x2a, 0x22, 0x2a, 0x22, 0x2a, 0x22, 0x2a, 0x22, 0x2a, 0x22, 0x2a, 0x22, 0x2a, 0x22, 0x2a, 0x22, 0x2a, 0x22, 0x2a, 0x22,
0x2a, 0x22, 0x2a, 0x22, 0x2a, 0x22, 0xc4, 0x00, 0xc4, 0x00, 0xc4, 0x00, 0xc4, 0x00, 0xc4, 0x00, 0xc4, 0x00, 0xc4, 0x00, 0xc4, 0x00, 0xc4, 0x00,
0xc4, 0x00, 0xc4, 0x00, 0xc4, 0x00, 0xc4, 0x00, 0xc4, 0x00, 0xc4, 0x00, 0xc4, 0x00, 0xc4, 0x00, 0xc4, 0x00, 0xc4, 0x00, 0xc4, 0x00, 0xc4, 0x00,
0xc4, 0x00, 0xc4, 0x00, 0xc4, 0x00, 0xc4, 0x00, 0xc4, 0x00, 0xc4, 0x00, 0xc4, 0x00, 0xc4, 0x00, 0xc4, 0x00, 0xc4, 0x00, 0xc4, 0x00, 0xc4, 0x00,
0xc4, 0x00, 0xc4, 0x00, 0xc4, 0x00, 0xc4, 0x00, 0xc4, 0x00, 0xc4, 0x00, 0x37, 0x4f, 0x37, 0x4f, 0x2a, 0x22, 0x2a, 0x22, 0x2a, 0x22, 0x2a, 0x22,
0x2a, 0x22, 0x2a, 0x22, 0x2a, 0x22, 0x2a, 0x22, 0x2a, 0x22, 0x2a, 0x22, 0x2a, 0x22, 0x2a, 0x22, 0x2a, 0x22, 0xc4, 0x00, 0xc4, 0x00, 0xc4, 0x00,
0x2a, 0x22, 0x2a, 0x22, 0x37, 0x4f, 0xc4, 0x00, 0x2a, 0x22, 0x2a, 0x22, 0x2a, 0x22, 0x2a, 0x22, 0x2a, 0x22, 0x2a, 0x22, 0x2a, 0x22, 0x2a, 0x22,
0x2a, 0x22, 0x2a, 0x22, 0x2a, 0x22, 0x2a, 0x22, 0x2a, 0x22, 0x2a, 0x22, 0x2a, 0x22, 0x2a, 0x22, 0x2a, 0x22, 0x2a, 0x22, 0xea, 0xc4, 0x2a, 0x22,
0x2a, 0x22, 0x2a, 0x22, 0x2a, 0x22, 0x2a, 0x22, 0x2a, 0x22, 0x2a, 0x22, 0x2a, 0x22, 0x2a, 0x22, 0x2a, 0x22, 0x2a, 0x22, 0x2a, 0x22, 0x2a, 0x22,
0x2a, 0x22, 0x2a, 0x22, 0x2a, 0x22, 0x2a, 0x22, 0x2a, 0x22, 0x2a, 0x22, 0x2a, 0x22, 0x2a, 0x22, 0x2a, 0x22, 0x2a, 0x22, 0x2a, 0x22, 0x2a, 0x22,
0x2a, 0x22, 0x2a, 0x22, 0x2a, 0x22, 0x2a, 0x22, 0x2a, 0x22, 0x2a, 0x22, 0x2a, 0x22, 0x2a, 0x22, 0x2a, 0x22, 0x2a, 0x22, 0x2a, 0x22, 0x2a, 0x22,
0x2a, 0x22, 0xc4, 0x00, 0x2a, 0x22, 0xea, 0xc4, 0x2a, 0x22, 0xc4, 0x00, 0xc4, 0x00, 0xc4, 0x00, 0xc4, 0x00, 0x2a, 0x22, 0x2a, 0x22, 0x2a, 0x22,
0xc4, 0x00, 0xc4, 0x00, 0xc4, 0x00, 0xc4, 0x00, 0xc4, 0x00, 0xc4, 0x00, 0xc4, 0x00, 0xc4, 0x00, 0xc4, 0x00, 0xc4, 0x00, 0xc4, 0x00, 0xc4, 0x00,
0xc4, 0x00, 0xc4, 0x00, 0xc4, 0x00, 0xc4, 0x00, 0xc4, 0x00, 0xc4, 0x00, 0xc4, 0x00, 0xc4, 0x00, 0xc4, 0x00, 0xc4, 0x00, 0xc4, 0x00, 0xc4, 0x00,
0xc4, 0x00, 0xc4, 0x00, 0xc4, 0x00, 0xc4, 0x00, 0xc4, 0x00, 0xc4, 0x00, 0xc4, 0x00, 0xc4, 0x00, 0xc4, 0x00, 0xc4, 0x00, 0xc4, 0x00, 0xc4, 0x00,
0xc4, 0x00, 0xc4, 0x00, 0xc4, 0x00, 0xc4, 0x00, 0xc4, 0x00, 0xc4, 0x00, 0xc4, 0x00, 0xc4, 0x00, 0xc4, 0x00, 0xc4, 0x00, 0xc4, 0x00, 0xc4, 0x00,
0xc4, 0x00, 0xc4, 0x00, 0xc4, 0x00, 0xc4, 0x00, 0xc4, 0x00, 0xc4, 0x00, 0xc4, 0x00, 0xc4, 0x00, 0xc4, 0x00, 0xc4, 0x00, 0xc4, 0x00, 0x2a, 0x22,
0x2a, 0x22, 0x2a, 0x22, 0x2a, 0x22, 0x37, 0x4f, 0x2a, 0x22, 0x2a, 0x22, 0x2a, 0x22, 0x2a, 0x22, 0x2a, 0x22, 0x2a, 0x22, 0x2a, 0x22, 0x2a, 0x22,
0x2a, 0x22, 0x2a, 0x22, 0x2a, 0x22, 0x2a, 0x22, 0x2a, 0x22, 0x2a, 0x22, 0x2a, 0x22, 0x2a, 0x22, 0x2a, 0x22, 0x2a, 0x22, 0x2a, 0x22, 0x2a, 0x22,
0x2a, 0x22, 0x2a, 0x22, 0x2a, 0x22, 0xc4, 0x00, 0xc4, 0x00, 0xc4, 0x00, 0xc4, 0x00, 0xc4, 0x00, 0xc4, 0x00, 0xc4, 0x00, 0xc4, 0x00, 0xc4, 0x00,
0xc4, 0x00, 0xc4, 0x00, 0xc4, 0x00, 0xc4, 0x00, 0xc4, 0x00, 0xc4, 0x00, 0xc4, 0x00, 0xc4, 0x00, 0xc4, 0x00, 0xc4, 0x00, 0xc4, 0x00, 0xc4, 0x00,
0xc4, 0x00, 0xc4, 0x00, 0xc4, 0x00, 0xc4, 0x00, 0xc4, 0x00, 0xc4, 0x00, 0xc4, 0x00, 0xc4, 0x00, 0xc4, 0x00, 0xc4, 0x00, 0xc4, 0x00, 0xc4, 0x00,
0xc4, 0x00, 0xc4, 0x00, 0xc4, 0x00, 0xc4, 0x00, 0xc4, 0x00, 0xc4, 0x00, 0xc4, 0x00, 0x2a, 0x22, 0x37, 0x4f, 0x37, 0x4f, 0x2a, 0x22, 0x2a, 0x22,
0x2a, 0x22, 0xea, 0xc4, 0x2a, 0x22, 0x2a, 0x22, 0x2a, 0x22, 0x2a, 0x22, 0xea, 0xc4, 0xc4, 0x00, 0x37, 0x4f, 0xc4, 0x00, 0xc4, 0x00, 0xc4, 0x00,
0xc4, 0x00, 0x2a, 0x22, 0x37, 0x4f, 0x2a, 0x22, 0xc4, 0x00, 0xc4, 0x00, 0x2a, 0x22, 0x2a, 0x22, 0x2a, 0x22, 0x2a, 0x22, 0x2a, 0x22, 0x2a, 0x22,
0x2a, 0x22, 0x2a, 0x22, 0x2a, 0x22, 0x2a, 0x22, 0x2a, 0x22, 0x2a, 0x22, 0xea, 0xc4, 0x2a, 0x22, 0x2a, 0x22, 0x2a, 0x22, 0x2a, 0x22, 0x2a, 0x22,
0x2a, 0x22, 0x2a, 0x22, 0x2a, 0x22, 0x2a, 0x22, 0x2a, 0x22, 0x2a, 0x22, 0x2a, 0x22, 0x2a, 0x22, 0x2a, 0x22, 0x2a, 0x22, 0x2a, 0x22, 0x2a, 0x22,
0x2a, 0x22, 0x2a, 0x22, 0x2a, 0x22, 0x2a, 0x22, 0x2a, 0x22, 0x2a, 0x22, 0x2a, 0x22, 0x2a, 0x22, 0x2a, 0x22, 0x2a, 0x22, 0x2a, 0x22, 0x2a, 0x22,
0x2a, 0x22, 0x2a, 0x22, 0x2a, 0x22, 0x2a, 0x22, 0x2a, 0x22, 0x2a, 0x22, 0x2a, 0x22, 0x2a, 0x22, 0x2a, 0x22, 0x2a, 0x22, 0x2a, 0x22, 0x2a, 0x22,
0xc4, 0x00, 0xc4, 0x00, 0x2a, 0x22, 0x2a, 0x22, 0x2a, 0x22, 0xc4, 0x00, 0x2a, 0x22, 0x2a, 0x22, 0x2a, 0x22, 0x2a, 0x22, 0x2a, 0x22, 0x37, 0x4f,
0xc4, 0x00, 0xc4, 0x00, 0xc4, 0x00, 0xc4, 0x00, 0xc4, 0x00, 0xc4, 0x00, 0xc4, 0x00, 0xc4, 0x00, 0xc4, 0x00, 0xc4, 0x00, 0xc4, 0x00, 0xc4, 0x00,
0xc4, 0x00, 0xc4, 0x00, 0xc4, 0x00, 0xc4, 0x00, 0xc4, 0x00, 0xc4, 0x00, 0xc4, 0x00, 0xc4, 0x00, 0xc4, 0x00, 0xc4, 0x00, 0xc4, 0x00, 0xc4, 0x00,
0xc4, 0x00, 0xc4, 0x00, 0xc4, 0x00, 0xc4, 0x00, 0xc4, 0x00, 0xc4, 0x00, 0xc4, 0x00, 0xc4, 0x00, 0xc4, 0x00, 0xc4, 0x00, 0xc4, 0x00, 0xc4, 0x00,
0xc4, 0x00, 0xc4, 0x00, 0xc4, 0x00, 0xc4, 0x00, 0xc4, 0x00, 0xc4, 0x00, 0xc4, 0x00, 0xc4, 0x00, 0xc4, 0x00, 0xc4, 0x00, 0xc4, 0x00, 0xc4, 0x00,
0xc4, 0x00, 0xc4, 0x00, 0xc4, 0x00, 0xc4, 0x00, 0xc4, 0x00, 0xc4, 0x00, 0xc4, 0x00, 0xc4, 0x00, 0xc4, 0x00, 0xc4, 0x00, 0xc4, 0x00, 0x2a, 0x22,
0x37, 0x4f, 0x2a, 0x22, 0x2a, 0x22, 0x2a, 0x22, 0x2a, 0x22, 0x2a, 0x22, 0x2a, 0x22, 0x2a, 0x22, 0x2a, 0x22, 0x2a, 0x22, 0x2a, 0x22, 0x2a, 0x22,
0x2a, 0x22, 0x2a, 0x22, 0x2a, 0x22, 0x2a, 0x22, 0x2a, 0x22, 0x2a, 0x22, 0x2a, 0x22, 0x2a, 0x22, 0x2a, 0x22, 0x37, 0x4f, 0x2a, 0x22, 0x2a, 0x22,
0x2a, 0x22, 0x2a, 0x22, 0xc4, 0x00, 0xc4, 0x00, 0xc4, 0x00, 0xc4, 0x00, 0xc4, 0x00, 0xc4, 0x00, 0xc4, 0x00, 0xc4, 0x00, 0xc4, 0x00, 0xc4, 0x00,
0xc4, 0x00, 0xc4, 0x00, 0xc4, 0x00, 0xc4, 0x00, 0xc4, 0x00, 0xc4, 0x00, 0xc4, 0x00, 0xc4, 0x00, 0xc4, 0x00, 0xc4, 0x00, 0xc4, 0x00, 0xc4, 0x00,
0xc4, 0x00, 0xc4, 0x00, 0xc4, 0x00, 0xc4, 0x00, 0xc4, 0x00, 0xc4, 0x00, 0xc4, 0x00, 0xc4, 0x00, 0xc4, 0x00, 0xc4, 0x00, 0xc4, 0x00, 0xc4, 0x00,
0xc4, 0x00, 0xc4, 0x00, 0xc4, 0x00, 0xc4, 0x00, 0xc4, 0x00, 0xc4, 0x00, 0x2a, 0x22, 0x2a, 0x22, 0x2a, 0x22, 0x2a, 0x22, 0x2a, 0x22, 0x2a, 0x22,
0x2a, 0x22, 0x2a, 0x22, 0x2a, 0x22, 0x2a, 0x22, 0x2a, 0x22, 0x2a, 0x22, 0xc4, 0x00, 0xc4, 0x00, 0xc4, 0x00, 0xc4, 0x00, 0xc4, 0x00, 0xc4, 0x00,
0xc4, 0x00, 0xc4, 0x00, 0x37, 0x4f, 0x37, 0x4f, 0xc4, 0x00, 0xc4, 0x00, 0x2a, 0x22, 0xea, 0xc4, 0x37, 0x4f, 0x2a, 0x22, 0x2a, 0x22, 0x2a, 0x22,
0x2a, 0x22, 0x2a, 0x22, 0x2a, 0x22, 0x2a, 0x22, 0x2a, 0x22, 0x2a, 0x22, 0x2a, 0x22, 0x2a, 0x22, 0x2a, 0x22, 0x2a, 0x22, 0x2a, 0x22, 0x2a, 0x22,
0x2a, 0x22, 0x2a, 0x22, 0x2a, 0x22, 0x2a, 0x22, 0x2a, 0x22, 0xea, 0xc4, 0x2a, 0x22, 0x2a, 0x22, 0x2a, 0x22, 0x2a, 0x22, 0x2a, 0x22, 0x2a, 0x22,
0x2a, 0x22, 0x2a, 0x22, 0x2a, 0x22, 0x2a, 0x22, 0x2a, 0x22, 0x2a, 0x22, 0x2a, 0x22, 0x2a, 0x22, 0x2a, 0x22, 0x2a, 0x22, 0x2a, 0x22, 0x2a, 0x22,
0x2a, 0x22, 0x2a, 0x22, 0x2a, 0x22, 0x2a, 0x22, 0x2a, 0x22, 0x2a, 0x22, 0x2a, 0x22, 0x2a, 0x22, 0x2a, 0x22, 0x2a, 0x22, 0x2a, 0x22, 0x2a, 0x22,
0xc4, 0x00, 0xc4, 0x00, 0xc4, 0x00, 0x2a, 0x22, 0xc4, 0x00, 0x2a, 0x22, 0x2a, 0x22, 0x2a, 0x22, 0x2a, 0x22, 0x2a, 0x22, 0x2a, 0x22, 0xc4, 0x00,
0xc4, 0x00, 0xc4, 0x00, 0xc4, 0x00, 0xc4, 0x00, 0xc4, 0x00, 0xc4, 0x00, 0xc4, 0x00, 0xc4, 0x00, 0xc4, 0x00, 0xc4, 0x00, 0xc4, 0x00, 0xc4, 0x00,
0xc4, 0x00, 0xc4, 0x00, 0xc4, 0x00, 0xc4, 0x00, 0xc4, 0x00, 0xc4, 0x00, 0xc4, 0x00, 0xc4, 0x00, 0xc4, 0x00, 0xc4, 0x00, 0xc4, 0x00, 0xc4, 0x00,
0xc4, 0x00, 0xc4, 0x00, 0xc4, 0x00, 0xc4, 0x00, 0xc4, 0x00, 0xc4, 0x00, 0xc4, 0x00, 0xc4, 0x00, 0xc4, 0x00, 0xc4, 0x00, 0xc4, 0x00, 0xc4, 0x00,
0xc4, 0x00, 0xc4, 0x00, 0xc4, 0x00, 0xc4, 0x00, 0xc4, 0x00, 0xc4, 0x00, 0xc4, 0x00, 0xc4, 0x00, 0xc4, 0x00, 0xc4, 0x00, 0xc4, 0x00, 0xc4, 0x00,
0xc4, 0x00, 0xc4, 0x00, 0xc4, 0x00, 0xc4, 0x00, 0xc4, 0x00, 0xc4, 0x00, 0xc4, 0x00, 0xc4, 0x00, 0xc4, 0x00, 0xc4, 0x00, 0xc4, 0x00, 0xc4, 0x00,
0xc4, 0x00, 0x37, 0x4f, 0x2a, 0x22, 0x2a, 0x22, 0x2a, 0x22, 0x2a, 0x22, 0x2a, 0x22, 0x2a, 0x22, 0x2a, 0x22, 0x2a, 0x22, 0x2a, 0x22, 0x2a, 0x22,
0x2a, 0x22, 0x2a, 0x22, 0x2a, 0x22, 0x2a, 0x22, 0x2a, 0x22, 0x2a, 0x22, 0x2a, 0x22, 0x2a, 0x22, 0x2a, 0x22, 0x2a, 0x22, 0x2a, 0x22, 0x2a, 0x22,
0x2a, 0x22, 0xc4, 0x00, 0xc4, 0x00, 0xc4, 0x00, 0xc4, 0x00, 0xc4, 0x00, 0xc4, 0x00, 0xc4, 0x00, 0xc4, 0x00, 0xc4, 0x00, 0xc4, 0x00, 0xc4, 0x00,
0xc4, 0x00, 0xc4, 0x00, 0xc4, 0x00, 0xc4, 0x00, 0xc4, 0x00, 0xc4, 0x00, 0xc4, 0x00, 0xc4, 0x00, 0xc4, 0x00, 0xc4, 0x00, 0xc4, 0x00, 0xc4, 0x00,
0xc4, 0x00, 0xc4, 0x00, 0xc4, 0x00, 0xc4, 0x00, 0xc4, 0x00, 0xc4, 0x00, 0xc4, 0x00, 0xc4, 0x00, 0xc4, 0x00, 0xc4, 0x00, 0xc4, 0x00, 0xc4, 0x00,
0xc4, 0x00, 0xc4, 0x00, 0xc4, 0x00, 0xc4, 0x00, 0xc4, 0x00, 0x2a, 0x22, 0x2a, 0x22, 0xea, 0xc4, 0x2a, 0x22, 0x2a, 0x22, 0x2a, 0x22, 0x2a, 0x22,
0x2a, 0x22, 0x2a, 0x22, 0x2a, 0x22, 0x2a, 0x22, 0x2a, 0x22, 0x2a, 0x22, 0x2a, 0x22, 0xea, 0xc4, 0x2a, 0x22, 0xc4, 0x00, 0xc4, 0x00, 0x2a, 0x22,
0x2a, 0x22, 0x2a, 0x22, 0x2a, 0x22, 0xc4, 0x00, 0xc4, 0x00, 0xc4, 0x00, 0xc4, 0x00, 0xc4, 0x00, 0x37, 0x4f, 0x37, 0x4f, 0x2a, 0x22, 0x2a, 0x22,
0x2a, 0x22, 0x2a, 0x22, 0xea, 0xc4, 0x2a, 0x22, 0x2a, 0x22, 0x2a, 0x22, 0x2a, 0x22, 0x2a, 0x22, 0x2a, 0x22, 0x2a, 0x22, 0x2a, 0x22, 0x2a, 0x22,
0x2a, 0x22, 0x2a, 0x22, 0x2a, 0x22, 0x2a, 0x22, 0x2a, 0x22, 0x2a, 0x22, 0x2a, 0x22, 0xea, 0xc4, 0x2a, 0x22, 0x2a, 0x22, 0x2a, 0x22, 0x2a, 0x22,
0x2a, 0x22, 0x2a, 0x22, 0x2a, 0x22, 0x2a, 0x22, 0x2a, 0x22, 0x2a, 0x22, 0x2a, 0x22, 0x2a, 0x22, 0x2a, 0x22, 0x2a, 0x22, 0x2a, 0x22, 0x2a, 0x22,
0x2a, 0x22, 0x2a, 0x22, 0x2a, 0x22, 0x2a, 0x22, 0x2a, 0x22, 0x2a, 0x22, 0x2a, 0x22, 0x2a, 0x22, 0x2a, 0x22, 0x2a, 0x22, 0x2a, 0x22, 0x2a, 0x22,
0xc4, 0x00, 0xc4, 0x00, 0xc4, 0x00, 0xc4, 0x00, 0x2a, 0x22, 0x2a, 0x22, 0x2a, 0x22, 0x2a, 0x22, 0xc4, 0x00, 0xc4, 0x00, 0xc4, 0x00, 0xc4, 0x00,
0xc4, 0x00, 0xc4, 0x00, 0xc4, 0x00, 0xc4, 0x00, 0xc4, 0x00, 0xc4, 0x00, 0xc4, 0x00, 0xc4, 0x00, 0xc4, 0x00, 0xc4, 0x00, 0xc4, 0x00, 0xc4, 0x00,
0xc4, 0x00, 0xc4, 0x00, 0xc4, 0x00, 0xc4, 0x00, 0xc4, 0x00, 0xc4, 0x00, 0xc4, 0x00, 0xc4, 0x00, 0xc4, 0x00, 0xc4, 0x00, 0xc4, 0x00, 0xc4, 0x00,
0xc4, 0x00, 0xc4, 0x00, 0xc4, 0x00, 0xc4, 0x00, 0xc4, 0x00, 0xc4, 0x00, 0xc4, 0x00, 0xc4, 0x00, 0xc4, 0x00, 0xc4, 0x00, 0xc4, 0x00, 0xc4, 0x00,
0xc4, 0x00, 0xc4, 0x00, 0xc4, 0x00, 0xc4, 0x00, 0xc4, 0x00, 0xc4, 0x00, 0xc4, 0x00, 0xc4, 0x00, 0xc4, 0x00, 0xc4, 0x00, 0xc4, 0x00, 0xc4, 0x00,
0xc4, 0x00, 0xc4, 0x00, 0xc4, 0x00, 0xc4, 0x00, 0xc4, 0x00, 0xc4, 0x00, 0xc4, 0x00, 0xc4, 0x00, 0xc4, 0x00, 0xc4, 0x00, 0xc4, 0x00, 0xc4, 0x00,
0xc4, 0x00, 0x2a, 0x22, 0x37, 0x4f, 0x2a, 0x22, 0x2a, 0x22, 0x2a, 0x22, 0x2a, 0x22, 0x2a, 0x22, 0x2a, 0x22, 0x2a, 0x22, 0x2a, 0x22, 0x2a, 0x22,
0x2a, 0x22, 0x2a, 0x22, 0x2a, 0x22, 0x2a, 0x22, 0x2a, 0x22, 0x2a, 0x22, 0x2a, 0x22, 0x2a, 0x22, 0x2a, 0x22, 0x2a, 0x22, 0x2a, 0x22, 0xc4, 0x00,
0xc4, 0x00, 0xc4, 0x00, 0xc4, 0x00, 0xc4, 0x00, 0xc4, 0x00, 0xc4, 0x00, 0xc4, 0x00, 0xc4, 0x00, 0xc4, 0x00, 0xc4, 0x00, 0xc4, 0x00, 0xc4, 0x00,
0xc4, 0x00, 0xc4, 0x00, 0xc4, 0x00, 0xc4, 0x00, 0xc4, 0x00, 0xc4, 0x00, 0xc4, 0x00, 0xc4, 0x00, 0xc4, 0x00, 0xc4, 0x00, 0xc4, 0x00, 0xc4, 0x00,
0xc4, 0x00, 0xc4, 0x00, 0xc4, 0x00, 0xc4, 0x00, 0xc4, 0x00, 0xc4, 0x00, 0xc4, 0x00, 0xc4, 0x00, 0xc4, 0x00, 0xc4, 0x00, 0xc4, 0x00, 0xc4, 0x00,
0xc4, 0x00, 0xc4, 0x00, 0xc4, 0x00, 0xc4, 0x00, 0xc4, 0x00, 0x2a, 0x22, 0x2a, 0x22, 0x2a, 0x22, 0x2a, 0x22, 0x2a, 0x22, 0x2a, 0x22, 0x2a, 0x22,
0x2a, 0x22, 0x2a, 0x22, 0x2a, 0x22, 0x2a, 0x22, 0x2a, 0x22, 0x2a, 0x22, 0x2a, 0x22, 0x2a, 0x22, 0x2a, 0x22, 0x2a, 0x22, 0x2a, 0x22, 0x2a, 0x22,
0x2a, 0x22, 0x2a, 0x22, 0x2a, 0x22, 0x2a, 0x22, 0x2a, 0x22, 0x2a, 0x22, 0x2a, 0x22, 0x2a, 0x22, 0x37, 0x4f, 0x37, 0x4f, 0x2a, 0x22, 0x2a, 0x22,
0x2a, 0x22, 0x2a, 0x22, 0x2a, 0x22, 0x2a, 0x22, 0x2a, 0x22, 0x2a, 0x22, 0x2a, 0x22, 0x2a, 0x22, 0x2a, 0x22, 0x2a, 0x22, 0x2a, 0x22, 0x2a, 0x22,
0x2a, 0x22, 0x2a, 0x22, 0x2a, 0x22, 0x2a, 0x22, 0x2a, 0x22, 0x2a, 0x22, 0x2a, 0x22, 0x2a, 0x22, 0x2a, 0x22, 0x2a, 0x22, 0x2a, 0x22, 0x2a, 0x22,
0x2a, 0x22, 0x2a, 0x22, 0x2a, 0x22, 0x2a, 0x22, 0x2a, 0x22, 0x2a, 0x22, 0x2a, 0x22, 0x2a, 0x22, 0x2a, 0x22, 0x2a, 0x22, 0x2a, 0x22, 0x2a, 0x22,
0x2a, 0x22, 0x2a, 0x22, 0x2a, 0x22, 0x2a, 0x22, 0x2a, 0x22, 0x2a, 0x22, 0x2a, 0x22, 0x2a, 0x22, 0x2a, 0x22, 0x2a, 0x22, 0x2a, 0x22, 0x2a, 0x22,
0x37, 0x4f, 0xc4, 0x00, 0xc4, 0x00, 0xc4, 0x00, 0xc4, 0x00, 0x2a, 0x22, 0xc4, 0x00, 0xc4, 0x00, 0xc4, 0x00, 0xc4, 0x00, 0xc4, 0x00, 0xc4, 0x00,
0xc4, 0x00, 0xc4, 0x00, 0xc4, 0x00, 0xc4, 0x00, 0xc4, 0x00, 0xc4, 0x00, 0xc4, 0x00, 0xc4, 0x00, 0xc4, 0x00, 0xc4, 0x00, 0xc4, 0x00, 0xc4, 0x00,
0xc4, 0x00, 0xc4, 0x00, 0xc4, 0x00, 0xc4, 0x00, 0xc4, 0x00, 0xc4, 0x00, 0xc4, 0x00, 0xc4, 0x00, 0xc4, 0x00, 0xc4, 0x00, 0xc4, 0x00, 0xc4, 0x00,
0xc4, 0x00, 0xc4, 0x00, 0xc4, 0x00, 0xc4, 0x00, 0xc4, 0x00, 0xc4, 0x00, 0xc4, 0x00, 0xc4, 0x00, 0xc4, 0x00, 0xc4, 0x00, 0xc4, 0x00, 0xc4, 0x00,
0xc4, 0x00, 0xc4, 0x00, 0xc4, 0x00, 0xc4, 0x00, 0xc4, 0x00, 0xc4, 0x00, 0xc4, 0x00, 0xc4, 0x00, 0xc4, 0x00, 0xc4, 0x00, 0xc4, 0x00, 0xc4, 0x00,
0xc4, 0x00, 0xc4, 0x00, 0xc4, 0x00, 0xc4, 0x00, 0xc4, 0x00, 0xc4, 0x00, 0xc4, 0x00, 0xc4, 0x00, 0xc4, 0x00, 0xc4, 0x00, 0xc4, 0x00, 0xc4, 0x00,
0xc4, 0x00, 0xc4, 0x00, 0x2a, 0x22, 0x2a, 0x22, 0x2a, 0x22, 0x2a, 0x22, 0x2a, 0x22, 0x2a, 0x22, 0x2a, 0x22, 0x2a, 0x22, 0x2a, 0x22, 0x2a, 0x22,
0x2a, 0x22, 0x2a, 0x22, 0x2a, 0x22, 0x2a, 0x22, 0x2a, 0x22, 0x2a, 0x22, 0x2a, 0x22, 0x2a, 0x22, 0x2a, 0x22, 0x2a, 0x22, 0x2a, 0x22, 0x2a, 0x22,
0xc4, 0x00, 0xc4, 0x00, 0xc4, 0x00, 0xc4, 0x00, 0xc4, 0x00, 0xc4, 0x00, 0xc4, 0x00, 0xc4, 0x00, 0xc4, 0x00, 0xc4, 0x00, 0xc4, 0x00, 0xc4, 0x00,
0xc4, 0x00, 0xc4, 0x00, 0xc4, 0x00, 0xc4, 0x00, 0xc4, 0x00, 0xc4, 0x00, 0xc4, 0x00, 0xc4, 0x00, 0xc4, 0x00, 0xc4, 0x00, 0xc4, 0x00, 0xc4, 0x00,
0xc4, 0x00, 0xc4, 0x00, 0xc4, 0x00, 0xc4, 0x00, 0xc4, 0x00, 0xc4, 0x00, 0xc4, 0x00, 0xc4, 0x00, 0xc4, 0x00, 0xc4, 0x00, 0xc4, 0x00, 0xc4, 0x00,
0xc4, 0x00, 0xc4, 0x00, 0xc4, 0x00, 0xc4, 0x00, 0xc4, 0x00, 0x2a, 0x22, 0x2a, 0x22, 0x2a, 0x22, 0x2a, 0x22, 0x2a, 0x22, 0x2a, 0x22, 0x2a, 0x22,
0x2a, 0x22, 0x2a, 0x22, 0x2a, 0x22, 0x2a, 0x22, 0x2a, 0x22, 0x2a, 0x22, 0x2a, 0x22, 0x2a, 0x22, 0x2a, 0x22, 0x2a, 0x22, 0x2a, 0x22, 0x2a, 0x22,
0x2a, 0x22, 0x2a, 0x22, 0x2a, 0x22, 0x2a, 0x22, 0x2a, 0x22, 0x2a, 0x22, 0xea, 0xc4, 0x2a, 0x22, 0x2a, 0x22, 0x2a, 0x22, 0x2a, 0x22, 0x2a, 0x22,
0x2a, 0x22, 0x2a, 0x22, 0x2a, 0x22, 0x2a, 0x22, 0x2a, 0x22, 0x2a, 0x22, 0x2a, 0x22, 0x2a, 0x22, 0x2a, 0x22, 0x2a, 0x22, 0x2a, 0x22, 0x2a, 0x22,
0x2a, 0x22, 0x2a, 0x22, 0x2a, 0x22, 0x2a, 0x22, 0x2a, 0x22, 0x2a, 0x22, 0x2a, 0x22, 0x2a, 0x22, 0x2a, 0x22, 0x2a, 0x22, 0x2a, 0x22, 0x2a, 0x22,
0x2a, 0x22, 0x2a, 0x22, 0x2a, 0x22, 0x2a, 0x22, 0x2a, 0x22, 0x2a, 0x22, 0x2a, 0x22, 0x2a, 0x22, 0x2a, 0x22, 0x2a, 0x22, 0x2a, 0x22, 0x2a, 0x22,
0x2a, 0x22, 0x2a, 0x22, 0x2a, 0x22, 0x2a, 0x22, 0x2a, 0x22, 0x2a, 0x22, 0x2a, 0x22, 0x2a, 0x22, 0x2a, 0x22, 0x2a, 0x22, 0x2a, 0x22, 0x2a, 0x22,
0x2a, 0x22, 0xc4, 0x00, 0xc4, 0x00, 0xc4, 0x00, 0xc4, 0x00, 0xc4, 0x00, 0xc4, 0x00, 0xc4, 0x00, 0xc4, 0x00, 0xc4, 0x00, 0xc4, 0x00, 0xc4, 0x00,
0xc4, 0x00, 0xc4, 0x00, 0xc4, 0x00, 0xc4, 0x00, 0xc4, 0x00, 0xc4, 0x00, 0xc4, 0x00, 0xc4, 0x00, 0xc4, 0x00, 0xc4, 0x00, 0xc4, 0x00, 0xc4, 0x00,
0xc4, 0x00, 0xc4, 0x00, 0xc4, 0x00, 0xc4, 0x00, 0xc4, 0x00, 0xc4, 0x00, 0xc4, 0x00, 0xc4, 0x00, 0xc4, 0x00, 0xc4, 0x00, 0xc4, 0x00, 0xc4, 0x00,
0xc4, 0x00, 0xc4, 0x00, 0xc4, 0x00, 0xc4, 0x00, 0xc4, 0x00, 0xc4, 0x00, 0xc4, 0x00, 0xc4, 0x00, 0xc4, 0x00, 0xc4, 0x00, 0xc4, 0x00, 0xc4, 0x00,
0xc4, 0x00, 0xc4, 0x00, 0xc4, 0x00, 0xc4, 0x00, 0xc4, 0x00, 0xc4, 0x00, 0xc4, 0x00, 0xc4, 0x00, 0xc4, 0x00, 0xc4, 0x00, 0xc4, 0x00, 0xc4, 0x00,
0xc4, 0x00, 0xc4, 0x00, 0xc4, 0x00, 0xc4, 0x00, 0xc4, 0x00, 0xc4, 0x00, 0xc4, 0x00, 0xc4, 0x00, 0xc4, 0x00, 0xc4, 0x00, 0xc4, 0x00, 0xc4, 0x00,
0xc4, 0x00, 0xc4, 0x00, 0x2a, 0x22, 0x2a, 0x22, 0x2a, 0x22, 0x2a, 0x22, 0x2a, 0x22, 0x2a, 0x22, 0x2a, 0x22, 0x2a, 0x22, 0x2a, 0x22, 0x2a, 0x22,
0x2a, 0x22, 0x2a, 0x22, 0x2a, 0x22, 0xc4, 0x00, 0xc4, 0x00, 0xc4, 0x00, 0xc4, 0x00, 0xc4, 0x00, 0xc4, 0x00, 0xc4, 0x00, 0x2a, 0x22, 0x2a, 0x22,
0xc4, 0x00, 0xc4, 0x00, 0xc4, 0x00, 0xc4, 0x00, 0xc4, 0x00, 0xc4, 0x00, 0xc4, 0x00, 0xc4, 0x00, 0xc4, 0x00, 0xc4, 0x00, 0xc4, 0x00, 0xc4, 0x00,
0xc4, 0x00, 0xc4, 0x00, 0xc4, 0x00, 0xc4, 0x00, 0xc4, 0x00, 0xc4, 0x00, 0xc4, 0x00, 0xc4, 0x00, 0xc4, 0x00, 0xc4, 0x00, 0xc4, 0x00, 0xc4, 0x00,
0xc4, 0x00, 0xc4, 0x00, 0xc4, 0x00, 0xc4, 0x00, 0xc4, 0x00, 0xc4, 0x00, 0xc4, 0x00, 0xc4, 0x00, 0xc4, 0x00, 0xc4, 0x00, 0xc4, 0x00, 0xc4, 0x00,
0xc4, 0x00, 0xc4, 0x00, 0x37, 0x4f, 0x2a, 0x22, 0x2a, 0x22, 0x2a, 0x22, 0x2a, 0x22, 0x2a, 0x22, 0x2a, 0x22, 0x2a, 0x22, 0x2a, 0x22, 0x2a, 0x22,
0x2a, 0x22, 0x2a, 0x22, 0x2a, 0x22, 0x2a, 0x22, 0x2a, 0x22, 0x2a, 0x22, 0x2a, 0x22, 0x2a, 0x22, 0x2a, 0x22, 0x2a, 0x22, 0x2a, 0x22, 0x2a, 0x22,
0x2a, 0x22, 0x2a, 0x22, 0x2a, 0x22, 0x2a, 0x22, 0x2a, 0x22, 0x2a, 0x22, 0x2a, 0x22, 0x2a, 0x22, 0x2a, 0x22, 0x2a, 0x22, 0x2a, 0x22, 0x2a, 0x22,
0x2a, 0x22, 0x2a, 0x22, 0x2a, 0x22, 0x2a, 0x22, 0xea, 0xc4, 0x2a, 0x22, 0x2a, 0x22, 0x2a, 0x22, 0x2a, 0x22, 0x2a, 0x22, 0x2a, 0x22, 0x2a, 0x22,
0x2a, 0x22, 0x2a, 0x22, 0x2a, 0x22, 0x2a, 0x22, 0x2a, 0x22, 0x2a, 0x22, 0x2a, 0x22, 0x2a, 0x22, 0x2a, 0x22, 0x2a, 0x22, 0xea, 0xc4, 0x2a, 0x22,
0x2a, 0x22, 0x2a, 0x22, 0x2a, 0x22, 0x2a, 0x22, 0x2a, 0x22, 0x2a, 0x22, 0x2a, 0x22, 0x2a, 0x22, 0x2a, 0x22, 0x2a, 0x22, 0x2a, 0x22, 0x2a, 0x22,
0x2a, 0x22, 0x2a, 0x22, 0x2a, 0x22, 0x2a, 0x22, 0x2a, 0x22, 0x2a, 0x22, 0x2a, 0x22, 0x2a, 0x22, 0x2a, 0x22, 0x2a, 0x22, 0x2a, 0x22, 0x2a, 0x22,
0x2a, 0x22, 0xc4, 0x00, 0xc4, 0x00, 0xc4, 0x00, 0xc4, 0x00, 0xc4, 0x00, 0xc4, 0x00, 0xc4, 0x00, 0xc4, 0x00, 0xc4, 0x00, 0xc4, 0x00, 0xc4, 0x00,
0xc4, 0x00, 0xc4, 0x00, 0xc4, 0x00, 0xc4, 0x00, 0xc4, 0x00, 0xc4, 0x00, 0xc4, 0x00, 0xc4, 0x00, 0xc4, 0x00, 0xc4, 0x00, 0xc4, 0x00, 0xc4, 0x00,
0xc4, 0x00, 0xc4, 0x00, 0xc4, 0x00, 0xc4, 0x00, 0xc4, 0x00, 0xc4, 0x00, 0xc4, 0x00, 0xc4, 0x00, 0xc4, 0x00, 0xc4, 0x00, 0xc4, 0x00, 0xc4, 0x00,
0xc4, 0x00, 0xc4, 0x00, 0xc4, 0x00, 0xc4, 0x00, 0xc4, 0x00, 0xc4, 0x00, 0xc4, 0x00, 0xc4, 0x00, 0xc4, 0x00, 0xc4, 0x00, 0xc4, 0x00, 0xc4, 0x00,
0xc4, 0x00, 0xc4, 0x00, 0xc4, 0x00, 0xc4, 0x00, 0xc4, 0x00, 0xc4, 0x00, 0xc4, 0x00, 0xc4, 0x00, 0xc4, 0x00, 0xc4, 0x00, 0xc4, 0x00, 0xc4, 0x00,
0xc4, 0x00, 0xc4, 0x00, 0xc4, 0x00, 0xc4, 0x00, 0xc4, 0x00, 0xc4, 0x00, 0xc4, 0x00, 0xc4, 0x00, 0xc4, 0x00, 0xc4, 0x00, 0xc4, 0x00, 0xc4, 0x00,
0xc4, 0x00, 0xc4, 0x00, 0xc4, 0x00, 0x2a, 0x22, 0x2a, 0x22, 0x2a, 0x22, 0x2a, 0x22, 0x2a, 0x22, 0x2a, 0x22, 0x2a, 0x22, 0x2a, 0x22, 0x2a, 0x22,
0x2a, 0x22, 0x2a, 0x22, 0xc4, 0x00, 0xc4, 0x00, 0xc4, 0x00, 0xc4, 0x00, 0xc4, 0x00, 0xc4, 0x00, 0xc4, 0x00, 0xc4, 0x00, 0x37, 0x4f, 0x37, 0x4f,
0x2a, 0x22, 0x2a, 0x22, 0xc4, 0x00, 0xc4, 0x00, 0xc4, 0x00, 0xc4, 0x00, 0xc4, 0x00, 0xc4, 0x00, 0xc4, 0x00, 0xc4, 0x00, 0xc4, 0x00, 0xc4, 0x00,
0xc4, 0x00, 0xc4, 0x00, 0xc4, 0x00, 0xc4, 0x00, 0xc4, 0x00, 0xc4, 0x00, 0xc4, 0x00, 0xc4, 0x00, 0xc4, 0x00, 0xc4, 0x00, 0xc4, 0x00, 0xc4, 0x00,
0xc4, 0x00, 0xc4, 0x00, 0xc4, 0x00, 0xc4, 0x00, 0xc4, 0x00, 0xc4, 0x00, 0xc4, 0x00, 0xc4, 0x00, 0xc4, 0x00, 0xc4, 0x00, 0xc4, 0x00, 0xc4, 0x00,
0xc4, 0x00, 0xc4, 0x00, 0x37, 0x4f, 0x2a, 0x22, 0x2a, 0x22, 0x2a, 0x22, 0x2a, 0x22, 0x2a, 0x22, 0x2a, 0x22, 0x2a, 0x22, 0x2a, 0x22, 0x2a, 0x22,
0x2a, 0x22, 0x2a, 0x22, 0x2a, 0x22, 0x2a, 0x22, 0x2a, 0x22, 0x2a, 0x22, 0x2a, 0x22, 0x2a, 0x22, 0x2a, 0x22, 0x2a, 0x22, 0x2a, 0x22, 0x2a, 0x22,
0x2a, 0x22, 0x2a, 0x22, 0x2a, 0x22, 0x2a, 0x22, 0x2a, 0x22, 0x2a, 0x22, 0x2a, 0x22, 0x2a, 0x22, 0x2a, 0x22, 0x2a, 0x22, 0x2a, 0x22, 0x2a, 0x22,
0x2a, 0x22, 0x2a, 0x22, 0x2a, 0x22, 0x2a, 0x22, 0x2a, 0x22, 0x2a, 0x22, 0x2a, 0x22, 0x2a, 0x22, 0x2a, 0x22, 0x2a, 0x22, 0x2a, 0x22, 0x2a, 0x22,
0x2a, 0x22, 0x2a, 0x22, 0x2a, 0x22, 0x2a, 0x22, 0x2a, 0x22, 0x2a, 0x22, 0x2a, 0x22, 0x2a, 0x22, 0x2a, 0x22, 0x2a, 0x22, 0x2a, 0x22, 0x2a, 0x22,
0x2a, 0x22, 0x2a, 0x22, 0xea, 0xc4, 0x2a, 0x22, 0x2a, 0x22, 0xea, 0xc4, 0x2a, 0x22, 0x2a, 0x22, 0x2a, 0x22, 0x2a, 0x22, 0x2a, 0x22, 0x2a, 0x22,
0x2a, 0x22, 0x2a, 0x22, 0x2a, 0x22, 0x2a, 0x22, 0x2a, 0x22, 0x2a, 0x22, 0x2a, 0x22, 0x2a, 0x22, 0x2a, 0x22, 0x2a, 0x22, 0x2a, 0x22, 0x2a, 0x22,
0xc4, 0x00, 0xc4, 0x00, 0xc4, 0x00, 0xc4, 0x00, 0xc4, 0x00, 0xc4, 0x00, 0xc4, 0x00, 0xc4, 0x00, 0xc4, 0x00, 0xc4, 0x00, 0xc4, 0x00, 0xc4, 0x00,
0xc4, 0x00, 0xc4, 0x00, 0xc4, 0x00, 0xc4, 0x00, 0xc4, 0x00, 0xc4, 0x00, 0xc4, 0x00, 0xc4, 0x00, 0xc4, 0x00, 0xc4, 0x00, 0xc4, 0x00, 0xc4, 0x00,
0xc4, 0x00, 0xc4, 0x00, 0xc4, 0x00, 0xc4, 0x00, 0xc4, 0x00, 0xc4, 0x00, 0xc4, 0x00, 0xc4, 0x00, 0xc4, 0x00, 0xc4, 0x00, 0xc4, 0x00, 0xc4, 0x00,
0xc4, 0x00, 0xc4, 0x00, 0xc4, 0x00, 0xc4, 0x00, 0xc4, 0x00, 0xc4, 0x00, 0xc4, 0x00, 0xc4, 0x00, 0xc4, 0x00, 0xc4, 0x00, 0xc4, 0x00, 0xc4, 0x00,
0xc4, 0x00, 0xc4, 0x00, 0xc4, 0x00, 0xc4, 0x00, 0xc4, 0x00, 0xc4, 0x00, 0xc4, 0x00, 0xc4, 0x00, 0xc4, 0x00, 0xc4, 0x00, 0xc4, 0x00, 0xc4, 0x00,
0xc4, 0x00, 0xc4, 0x00, 0xc4, 0x00, 0xc4, 0x00, 0xc4, 0x00, 0xc4, 0x00, 0xc4, 0x00, 0xc4, 0x00, 0xc4, 0x00, 0xc4, 0x00, 0xc4, 0x00, 0xc4, 0x00,
0xc4, 0x00, 0xc4, 0x00, 0xc4, 0x00, 0xc4, 0x00, 0x2a, 0x22, 0x2a, 0x22, 0x2a, 0x22, 0x2a, 0x22, 0x2a, 0x22, 0x2a, 0x22, 0x2a, 0x22, 0x2a, 0x22,
0x2a, 0x22, 0x2a, 0x22, 0xc4, 0x00, 0xc4, 0x00, 0xc4, 0x00, 0xc4, 0x00, 0xc4, 0x00, 0xc4, 0x00, 0xc4, 0x00, 0xc4, 0x00, 0x2a, 0x22, 0x2a, 0x22,
0x37, 0x4f, 0x2a, 0x22, 0xc4, 0x00, 0xc4, 0x00, 0xc4, 0x00, 0xc4, 0x00, 0xc4, 0x00, 0xc4, 0x00, 0xc4, 0x00, 0xc4, 0x00, 0xc4, 0x00, 0xc4, 0x00,
0xc4, 0x00, 0xc4, 0x00, 0xc4, 0x00, 0xc4, 0x00, 0xc4, 0x00, 0xc4, 0x00, 0xc4, 0x00, 0xc4, 0x00, 0xc4, 0x00, 0xc4, 0x00, 0xc4, 0x00, 0xc4, 0x00,
0xc4, 0x00, 0xc4, 0x00, 0xc4, 0x00, 0xc4, 0x00, 0xc4, 0x00, 0xc4, 0x00, 0xc4, 0x00, 0xc4, 0x00, 0xc4, 0x00, 0xc4, 0x00, 0xc4, 0x00, 0xc4, 0x00,
0xc4, 0x00, 0xc4, 0x00, 0x2a, 0x22, 0x2a, 0x22, 0x2a, 0x22, 0x2a, 0x22, 0x2a, 0x22, 0x2a, 0x22, 0x2a, 0x22, 0x2a, 0x22, 0x2a, 0x22, 0x2a, 0x22,
0x2a, 0x22, 0x2a, 0x22, 0x2a, 0x22, 0x2a, 0x22, 0x2a, 0x22, 0x2a, 0x22, 0x2a, 0x22, 0x2a, 0x22, 0x2a, 0x22, 0x2a, 0x22, 0x2a, 0x22, 0x2a, 0x22,
0x2a, 0x22, 0x2a, 0x22, 0x2a, 0x22, 0x2a, 0x22, 0x2a, 0x22, 0x2a, 0x22, 0x2a, 0x22, 0x2a, 0x22, 0x2a, 0x22, 0x2a, 0x22, 0x2a, 0x22, 0x2a, 0x22,
0x2a, 0x22, 0x2a, 0x22, 0x2a, 0x22, 0x2a, 0x22, 0x2a, 0x22, 0x2a, 0x22, 0xea, 0xc4, 0xc4, 0x00, 0x2a, 0x22, 0x2a, 0x22, 0x2a, 0x22, 0x2a, 0x22,
0x2a, 0x22, 0x2a, 0x22, 0x2a, 0x22, 0x2a, 0x22, 0x2a, 0x22, 0x2a, 0x22, 0x2a, 0x22, 0x2a, 0x22, 0x2a, 0x22, 0x2a, 0x22, 0x2a, 0x22, 0x2a, 0x22,
0x2a, 0x22, 0x2a, 0x22, 0x2a, 0x22, 0x2a, 0x22, 0x2a, 0x22, 0x2a, 0x22, 0x2a, 0x22, 0x2a, 0x22, 0x2a, 0x22, 0x2a, 0x22, 0x2a, 0x22, 0x2a, 0x22,
0x2a, 0x22, 0x2a, 0x22, 0x2a, 0x22, 0x2a, 0x22, 0x2a, 0x22, 0x2a, 0x22, 0x2a, 0x22, 0x2a, 0x22, 0x2a, 0x22, 0x2a, 0x22, 0x2a, 0x22, 0xc4, 0x00,
0x2a, 0x22, 0xc4, 0x00, 0xc4, 0x00, 0xc4, 0x00, 0xc4, 0x00, 0xc4, 0x00, 0xc4, 0x00, 0xc4, 0x00, 0xc4, 0x00, 0xc4, 0x00, 0xc4, 0x00, 0xc4, 0x00,
0xc4, 0x00, 0xc4, 0x00, 0xc4, 0x00, 0xc4, 0x00, 0xc4, 0x00, 0xc4, 0x00, 0xc4, 0x00, 0xc4, 0x00, 0xc4, 0x00, 0xc4, 0x00, 0xc4, 0x00, 0xc4, 0x00,
0xc4, 0x00, 0xc4, 0x00, 0xc4, 0x00, 0xc4, 0x00, 0xc4, 0x00, 0xc4, 0x00, 0xc4, 0x00, 0xc4, 0x00, 0xc4, 0x00, 0xc4, 0x00, 0xc4, 0x00, 0xc4, 0x00,
0xc4, 0x00, 0xc4, 0x00, 0xc4, 0x00, 0xc4, 0x00, 0xc4, 0x00, 0xc4, 0x00, 0xc4, 0x00, 0xc4, 0x00, 0xc4, 0x00, 0xc4, 0x00, 0xc4, 0x00, 0xc4, 0x00,
0xc4, 0x00, 0xc4, 0x00, 0xc4, 0x00, 0xc4, 0x00, 0xc4, 0x00, 0xc4, 0x00, 0xc4, 0x00, 0xc4, 0x00, 0xc4, 0x00, 0xc4, 0x00, 0xc4, 0x00, 0xc4, 0x00,
0xc4, 0x00, 0xc4, 0x00, 0xc4, 0x00, 0xc4, 0x00, 0xc4, 0x00, 0xc4, 0x00, 0xc4, 0x00, 0xc4, 0x00, 0xc4, 0x00, 0xc4, 0x00, 0xc4, 0x00, 0xc4, 0x00,
0xc4, 0x00, 0xc4, 0x00, 0xc4, 0x00, 0xc4, 0x00, 0x2a, 0x22, 0x2a, 0x22, 0xc4, 0x00, 0x2a, 0x22, 0x2a, 0x22, 0x2a, 0x22, 0x2a, 0x22, 0x2a, 0x22,
0x2a, 0x22, 0x2a, 0x22, 0xc4, 0x00, 0xc4, 0x00, 0xc4, 0x00, 0xc4, 0x00, 0xc4, 0x00, 0xc4, 0x00, 0xc4, 0x00, 0xc4, 0x00, 0xc4, 0x00, 0xc4, 0x00,
0x2a, 0x22, 0x37, 0x4f, 0xc4, 0x00, 0xc4, 0x00, 0xc4, 0x00, 0xc4, 0x00, 0xc4, 0x00, 0xc4, 0x00, 0xc4, 0x00, 0xc4, 0x00, 0xc4, 0x00, 0xc4, 0x00,
0xc4, 0x00, 0xc4, 0x00, 0xc4, 0x00, 0xc4, 0x00, 0xc4, 0x00, 0xc4, 0x00, 0xc4, 0x00, 0xc4, 0x00, 0xc4, 0x00, 0xc4, 0x00, 0xc4, 0x00, 0xc4, 0x00,
0xc4, 0x00, 0xc4, 0x00, 0xc4, 0x00, 0xc4, 0x00, 0xc4, 0x00, 0xc4, 0x00, 0xc4, 0x00, 0xc4, 0x00, 0xc4, 0x00, 0xc4, 0x00, 0xc4, 0x00, 0xc4, 0x00,
0xc4, 0x00, 0x2a, 0x22, 0x2a, 0x22, 0x2a, 0x22, 0x2a, 0x22, 0x2a, 0x22, 0x2a, 0x22, 0x2a, 0x22, 0x2a, 0x22, 0x2a, 0x22, 0x2a, 0x22, 0x2a, 0x22,
0x2a, 0x22, 0x2a, 0x22, 0x2a, 0x22, 0x2a, 0x22, 0x2a, 0x22, 0x2a, 0x22, 0x2a, 0x22, 0x2a, 0x22, 0x2a, 0x22, 0x2a, 0x22, 0x2a, 0x22, 0x2a, 0x22,
0x2a, 0x22, 0x2a, 0x22, 0x2a, 0x22, 0x2a, 0x22, 0x2a, 0x22, 0x2a, 0x22, 0x2a, 0x22, 0x2a, 0x22, 0x2a, 0x22, 0x2a, 0x22, 0x2a, 0x22, 0x2a, 0x22,
0x2a, 0x22, 0x2a, 0x22, 0x2a, 0x22, 0xea, 0xc4, 0x2a, 0x22, 0x2a, 0x22, 0xea, 0xc4, 0x2a, 0x22, 0xea, 0xc4, 0x2a, 0x22, 0x2a, 0x22, 0xc4, 0x00,
0xc4, 0x00, 0xc4, 0x00, 0xc4, 0x00, 0x2a, 0x22, 0x2a, 0x22, 0x2a, 0x22, 0x2a, 0x22, 0x2a, 0x22, 0x2a, 0x22, 0x2a, 0x22, 0x2a, 0x22, 0x2a, 0x22,
0x2a, 0x22, 0x2a, 0x22, 0x2a, 0x22, 0x2a, 0x22, 0x2a, 0x22, 0x2a, 0x22, 0x2a, 0x22, 0x2a, 0x22, 0x2a, 0x22, 0x2a, 0x22, 0x2a, 0x22, 0x2a, 0x22,
0x2a, 0x22, 0x2a, 0x22, 0x2a, 0x22, 0x2a, 0x22, 0x2a, 0x22, 0x2a, 0x22, 0x2a, 0x22, 0x2a, 0x22, 0x2a, 0x22, 0x2a, 0x22, 0x2a, 0x22, 0x2a, 0x22,
0x2a, 0x22, 0xc4, 0x00, 0xc4, 0x00, 0xc4, 0x00, 0xc4, 0x00, 0xc4, 0x00, 0xc4, 0x00, 0xc4, 0x00, 0xc4, 0x00, 0xc4, 0x00, 0xc4, 0x00, 0xc4, 0x00,
0xc4, 0x00, 0xc4, 0x00, 0xc4, 0x00, 0xc4, 0x00, 0xc4, 0x00, 0xc4, 0x00, 0xc4, 0x00, 0xc4, 0x00, 0xc4, 0x00, 0xc4, 0x00, 0xc4, 0x00, 0xc4, 0x00,
0xc4, 0x00, 0xc4, 0x00, 0xc4, 0x00, 0xc4, 0x00, 0xc4, 0x00, 0xc4, 0x00, 0xc4, 0x00, 0xc4, 0x00, 0xc4, 0x00, 0xc4, 0x00, 0xc4, 0x00, 0xc4, 0x00,
0xc4, 0x00, 0xc4, 0x00, 0xc4, 0x00, 0xc4, 0x00, 0xc4, 0x00, 0xc4, 0x00, 0xc4, 0x00, 0xc4, 0x00, 0xc4, 0x00, 0xc4, 0x00, 0xc4, 0x00, 0xc4, 0x00,
0x2a, 0x22, 0xc4, 0x00, 0xc4, 0x00, 0xc4, 0x00, 0xc4, 0x00, 0xc4, 0x00, 0xc4, 0x00, 0xc4, 0x00, 0xc4, 0x00, 0xc4, 0x00, 0xc4, 0x00, 0xc4, 0x00,
0xc4, 0x00, 0xc4, 0x00, 0xc4, 0x00, 0xc4, 0x00, 0xc4, 0x00, 0xc4, 0x00, 0xc4, 0x00, 0xc4, 0x00, 0xc4, 0x00, 0xc4, 0x00, 0xc4, 0x00, 0xc4, 0x00,
0xc4, 0x00, 0xc4, 0x00, 0xc4, 0x00, 0xc4, 0x00, 0xc4, 0x00, 0x2a, 0x22, 0x37, 0x4f, 0xc4, 0x00, 0x37, 0x4f, 0x2a, 0x22, 0x2a, 0x22, 0x2a, 0x22,
0x2a, 0x22, 0x2a, 0x22, 0xc4, 0x00, 0xc4, 0x00, 0xc4, 0x00, 0xc4, 0x00, 0xc4, 0x00, 0xc4, 0x00, 0xc4, 0x00, 0x2a, 0x22, 0xea, 0xc4, 0x2a, 0x22,
0x2a, 0x22, 0xc4, 0x00, 0xc4, 0x00, 0xc4, 0x00, 0xc4, 0x00, 0xc4, 0x00, 0xc4, 0x00, 0xc4, 0x00, 0xc4, 0x00, 0xc4, 0x00, 0xc4, 0x00, 0xc4, 0x00,
0xc4, 0x00, 0xc4, 0x00, 0xc4, 0x00, 0xc4, 0x00, 0xc4, 0x00, 0xc4, 0x00, 0xc4, 0x00, 0xc4, 0x00, 0xc4, 0x00, 0xc4, 0x00, 0xc4, 0x00, 0xc4, 0x00,
0xc4, 0x00, 0xc4, 0x00, 0xc4, 0x00, 0xc4, 0x00, 0xc4, 0x00, 0xc4, 0x00, 0xc4, 0x00, 0xc4, 0x00, 0xc4, 0x00, 0xc4, 0x00, 0xc4, 0x00, 0xc4, 0x00,
0xc4, 0x00, 0x2a, 0x22, 0x2a, 0x22, 0x2a, 0x22, 0x2a, 0x22, 0x2a, 0x22, 0x2a, 0x22, 0x2a, 0x22, 0x2a, 0x22, 0x2a, 0x22, 0x2a, 0x22, 0x2a, 0x22,
0x2a, 0x22, 0x2a, 0x22, 0x2a, 0x22, 0x2a, 0x22, 0x2a, 0x22, 0x2a, 0x22, 0x2a, 0x22, 0x2a, 0x22, 0x2a, 0x22, 0x2a, 0x22, 0x2a, 0x22, 0x2a, 0x22,
0x2a, 0x22, 0x2a, 0x22, 0x2a, 0x22, 0x2a, 0x22, 0x2a, 0x22, 0x2a, 0x22, 0x2a, 0x22, 0x2a, 0x22, 0x2a, 0x22, 0x2a, 0x22, 0x2a, 0x22, 0x2a, 0x22,
0x2a, 0x22, 0x2a, 0x22, 0x2a, 0x22, 0x2a, 0x22, 0x2a, 0x22, 0x2a, 0x22, 0x2a, 0x22, 0x2a, 0x22, 0x2a, 0x22, 0x2a, 0x22, 0xea, 0xc4, 0x2a, 0x22,
0xc4, 0x00, 0xc4, 0x00, 0xc4, 0x00, 0xc4, 0x00, 0x2a, 0x22, 0x2a, 0x22, 0x2a, 0x22, 0x2a, 0x22, 0x2a, 0x22, 0x2a, 0x22, 0x2a, 0x22, 0x2a, 0x22,
0x2a, 0x22, 0x2a, 0x22, 0x2a, 0x22, 0x2a, 0x22, 0x2a, 0x22, 0xea, 0xc4, 0x2a, 0x22, 0x2a, 0x22, 0x2a, 0x22, 0x2a, 0x22, 0x2a, 0x22, 0x2a, 0x22,
0x2a, 0x22, 0x2a, 0x22, 0x2a, 0x22, 0x2a, 0x22, 0x2a, 0x22, 0x2a, 0x22, 0x2a, 0x22, 0x2a, 0x22, 0x2a, 0x22, 0xc4, 0x00, 0xc4, 0x00, 0x2a, 0x22,
0xc4, 0x00, 0xc4, 0x00, 0xc4, 0x00, 0xc4, 0x00, 0xc4, 0x00, 0xc4, 0x00, 0xc4, 0x00, 0xc4, 0x00, 0xc4, 0x00, 0xc4, 0x00, 0xc4, 0x00, 0xc4, 0x00,
0xc4, 0x00, 0xc4, 0x00, 0xc4, 0x00, 0xc4, 0x00, 0xc4, 0x00, 0xc4, 0x00, 0xc4, 0x00, 0xc4, 0x00, 0xc4, 0x00, 0xc4, 0x00, 0xc4, 0x00, 0xc4, 0x00,
0xc4, 0x00, 0xc4, 0x00, 0xc4, 0x00, 0xc4, 0x00, 0xc4, 0x00, 0xc4, 0x00, 0xc4, 0x00, 0xc4, 0x00, 0xc4, 0x00, 0xc4, 0x00, 0xc4, 0x00, 0xc4, 0x00,
0xc4, 0x00, 0xc4, 0x00, 0xc4, 0x00, 0xc4, 0x00, 0xc4, 0x00, 0xc4, 0x00, 0xc4, 0x00, 0xc4, 0x00, 0xc4, 0x00, 0xc4, 0x00, 0xc4, 0x00, 0xc4, 0x00,
0x2a, 0x22, 0x2a, 0x22, 0x2a, 0x22, 0xc4, 0x00, 0xc4, 0x00, 0xc4, 0x00, 0xc4, 0x00, 0xc4, 0x00, 0xc4, 0x00, 0xc4, 0x00, 0xc4, 0x00, 0xc4, 0x00,
0xc4, 0x00, 0xc4, 0x00, 0xc4, 0x00, 0xc4, 0x00, 0xc4, 0x00, 0xc4, 0x00, 0xc4, 0x00, 0xc4, 0x00, 0xc4, 0x00, 0xc4, 0x00, 0xc4, 0x00, 0xc4, 0x00,
0xc4, 0x00, 0xc4, 0x00, 0xc4, 0x00, 0xc4, 0x00, 0xc4, 0x00, 0xc4, 0x00, 0xc4, 0x00, 0xc4, 0x00, 0x2a, 0x22, 0x2a, 0x22, 0x2a, 0x22, 0x37, 0x4f,
0x2a, 0x22, 0x2a, 0x22, 0xc4, 0x00, 0xc4, 0x00, 0xc4, 0x00, 0x2a, 0x22, 0x2a, 0x22, 0x2a, 0x22, 0x2a, 0x22, 0x2a, 0x22, 0xc4, 0x00, 0x2a, 0x22,
0x2a, 0x22, 0x2a, 0x22, 0x2a, 0x22, 0xc4, 0x00, 0xc4, 0x00, 0xc4, 0x00, 0xc4, 0x00, 0xc4, 0x00, 0xc4, 0x00, 0xc4, 0x00, 0xc4, 0x00, 0xc4, 0x00,
0xc4, 0x00, 0xc4, 0x00, 0xc4, 0x00, 0xc4, 0x00, 0xc4, 0x00, 0xc4, 0x00, 0xc4, 0x00, 0xc4, 0x00, 0xc4, 0x00, 0xc4, 0x00, 0xc4, 0x00, 0xc4, 0x00,
0xc4, 0x00, 0xc4, 0x00, 0xc4, 0x00, 0xc4, 0x00, 0xc4, 0x00, 0xc4, 0x00, 0xc4, 0x00, 0xc4, 0x00, 0xc4, 0x00, 0xc4, 0x00, 0xc4, 0x00, 0xc4, 0x00,
0xc4, 0x00, 0x2a, 0x22, 0x2a, 0x22, 0x2a, 0x22, 0x2a, 0x22, 0x2a, 0x22, 0x2a, 0x22, 0x2a, 0x22, 0x2a, 0x22, 0x2a, 0x22, 0x2a, 0x22, 0x2a, 0x22,
0x2a, 0x22, 0x2a, 0x22, 0x2a, 0x22, 0x2a, 0x22, 0x2a, 0x22, 0x2a, 0x22, 0x2a, 0x22, 0x2a, 0x22, 0x2a, 0x22, 0x2a, 0x22, 0x2a, 0x22, 0x2a, 0x22,
0x2a, 0x22, 0x2a, 0x22, 0x2a, 0x22, 0x2a, 0x22, 0x2a, 0x22, 0x2a, 0x22, 0x2a, 0x22, 0x2a, 0x22, 0x2a, 0x22, 0x2a, 0x22, 0x2a, 0x22, 0x2a, 0x22,
0x2a, 0x22, 0x2a, 0x22, 0x2a, 0x22, 0x2a, 0x22, 0x2a, 0x22, 0x2a, 0x22, 0x2a, 0x22, 0x2a, 0x22, 0x2a, 0x22, 0x2a, 0x22, 0x2a, 0x22, 0x2a, 0x22,
0xc4, 0x00, 0xc4, 0x00, 0xc4, 0x00, 0xc4, 0x00, 0xc4, 0x00, 0x2a, 0x22, 0x2a, 0x22, 0x2a, 0x22, 0x2a, 0x22, 0x2a, 0x22, 0x2a, 0x22, 0x2a, 0x22,
0x2a, 0x22, 0x2a, 0x22, 0x2a, 0x22, 0x2a, 0x22, 0x2a, 0x22, 0x2a, 0x22, 0x2a, 0x22, 0x2a, 0x22, 0x2a, 0x22, 0x2a, 0x22, 0x2a, 0x22, 0x2a, 0x22,
0x2a, 0x22, 0x2a, 0x22, 0x2a, 0x22, 0x2a, 0x22, 0x2a, 0x22, 0x2a, 0x22, 0x2a, 0x22, 0xc4, 0x00, 0x37, 0x4f, 0xc4, 0x00, 0xc4, 0x00, 0xc4, 0x00,
0xc4, 0x00, 0xc4, 0x00, 0xc4, 0x00, 0xc4, 0x00, 0xc4, 0x00, 0xc4, 0x00, 0xc4, 0x00, 0xc4, 0x00, 0xc4, 0x00, 0xc4, 0x00, 0xc4, 0x00, 0xc4, 0x00,
0xc4, 0x00, 0xc4, 0x00, 0xc4, 0x00, 0xc4, 0x00, 0xc4, 0x00, 0xc4, 0x00, 0xc4, 0x00, 0xc4, 0x00, 0xc4, 0x00, 0xc4, 0x00, 0xc4, 0x00, 0xc4, 0x00,
0xc4, 0x00, 0xc4, 0x00, 0xc4, 0x00, 0xc4, 0x00, 0xc4, 0x00, 0xc4, 0x00, 0xc4, 0x00, 0xc4, 0x00, 0xc4, 0x00, 0xc4, 0x00, 0xc4, 0x00, 0xc4, 0x00,
0xc4, 0x00, 0xc4, 0x00, 0xc4, 0x00, 0xc4, 0x00, 0xc4, 0x00, 0xc4, 0x00, 0xc4, 0x00, 0xc4, 0x00, 0xc4, 0x00, 0xc4, 0x00, 0xc4, 0x00, 0xc4, 0x00,
0xc4, 0x00, 0xc4, 0x00, 0x37, 0x4f, 0x2a, 0x22, 0xc4, 0x00, 0xc4, 0x00, 0xc4, 0x00, 0xc4, 0x00, 0xc4, 0x00, 0xc4, 0x00, 0xc4, 0x00, 0xc4, 0x00,
0xc4, 0x00, 0xc4, 0x00, 0xc4, 0x00, 0xc4, 0x00, 0xc4, 0x00, 0xc4, 0x00, 0xc4, 0x00, 0xc4, 0x00, 0xc4, 0x00, 0xc4, 0x00, 0xc4, 0x00, 0xc4, 0x00,
0xc4, 0x00, 0xc4, 0x00, 0xc4, 0x00, 0xc4, 0x00, 0xc4, 0x00, 0xc4, 0x00, 0xc4, 0x00, 0xc4, 0x00, 0x2a, 0x22, 0x37, 0x4f, 0x2a, 0x22, 0x2a, 0x22,
0x2a, 0x22, 0x2a, 0x22, 0xc4, 0x00, 0xc4, 0x00, 0xc4, 0x00, 0x2a, 0x22, 0x2a, 0x22, 0x37, 0x4f, 0x37, 0x4f, 0xc4, 0x00, 0xc4, 0x00, 0xc4, 0x00,
0xc4, 0x00, 0x2a, 0x22, 0x2a, 0x22, 0x2a, 0x22, 0x2a, 0x22, 0x2a, 0x22, 0x2a, 0x22, 0xc4, 0x00, 0xc4, 0x00, 0xc4, 0x00, 0xc4, 0x00, 0xc4, 0x00,
0xc4, 0x00, 0xc4, 0x00, 0xc4, 0x00, 0xc4, 0x00, 0xc4, 0x00, 0xc4, 0x00, 0xc4, 0x00, 0xc4, 0x00, 0xc4, 0x00, 0xc4, 0x00, 0xc4, 0x00, 0xc4, 0x00,
0xc4, 0x00, 0xc4, 0x00, 0xc4, 0x00, 0xc4, 0x00, 0xc4, 0x00, 0xc4, 0x00, 0xc4, 0x00, 0xc4, 0x00, 0xc4, 0x00, 0xc4, 0x00, 0xc4, 0x00, 0xc4, 0x00,
0xc4, 0x00, 0x2a, 0x22, 0x2a, 0x22, 0x2a, 0x22, 0x2a, 0x22, 0x2a, 0x22, 0x2a, 0x22, 0x2a, 0x22, 0x2a, 0x22, 0x2a, 0x22, 0x2a, 0x22, 0x2a, 0x22,
0x2a, 0x22, 0x2a, 0x22, 0x2a, 0x22, 0x2a, 0x22, 0x2a, 0x22, 0x2a, 0x22, 0x2a, 0x22, 0x2a, 0x22, 0x2a, 0x22, 0x2a, 0x22, 0x2a, 0x22, 0x2a, 0x22,
0x2a, 0x22, 0x2a, 0x22, 0x2a, 0x22, 0x2a, 0x22, 0x2a, 0x22, 0x2a, 0x22, 0x2a, 0x22, 0x2a, 0x22, 0x2a, 0x22, 0x2a, 0x22, 0xc4, 0x00, 0x2a, 0x22,
0x2a, 0x22, 0x2a, 0x22, 0x2a, 0x22, 0x2a, 0x22, 0x2a, 0x22, 0x2a, 0x22, 0x2a, 0x22, 0x2a, 0x22, 0x2a, 0x22, 0x2a, 0x22, 0x2a, 0x22, 0xc4, 0x00,
0xc4, 0x00, 0xc4, 0x00, 0xc4, 0x00, 0xc4, 0x00, 0xc4, 0x00, 0xc4, 0x00, 0x2a, 0x22, 0x2a, 0x22, 0x2a, 0x22, 0x2a, 0x22, 0x2a, 0x22, 0x2a, 0x22,
0x2a, 0x22, 0x2a, 0x22, 0x2a, 0x22, 0x2a, 0x22, 0xc4, 0x00, 0xc4, 0x00, 0xc4, 0x00, 0x2a, 0x22, 0x2a, 0x22, 0x2a, 0x22, 0x2a, 0x22, 0x2a, 0x22,
0x2a, 0x22, 0x2a, 0x22, 0x2a, 0x22, 0xea, 0xc4, 0x2a, 0x22, 0x2a, 0x22, 0xc4, 0x00, 0xc4, 0x00, 0xc4, 0x00, 0xc4, 0x00, 0xc4, 0x00, 0xc4, 0x00,
0xc4, 0x00, 0xc4, 0x00, 0xc4, 0x00, 0xc4, 0x00, 0xc4, 0x00, 0xc4, 0x00, 0xc4, 0x00, 0xc4, 0x00, 0xc4, 0x00, 0xc4, 0x00, 0xc4, 0x00, 0xc4, 0x00,
0xc4, 0x00, 0xc4, 0x00, 0xc4, 0x00, 0xc4, 0x00, 0xc4, 0x00, 0xc4, 0x00, 0xc4, 0x00, 0xc4, 0x00, 0xc4, 0x00, 0xc4, 0x00, 0xc4, 0x00, 0xc4, 0x00,
0xc4, 0x00, 0xc4, 0x00, 0xc4, 0x00, 0xc4, 0x00, 0xc4, 0x00, 0xc4, 0x00, 0xc4, 0x00, 0xc4, 0x00, 0xc4, 0x00, 0xc4, 0x00, 0xc4, 0x00, 0xc4, 0x00,
0xc4, 0x00, 0xc4, 0x00, 0xc4, 0x00, 0xc4, 0x00, 0xc4, 0x00, 0xc4, 0x00, 0xc4, 0x00, 0xc4, 0x00, 0xc4, 0x00, 0xc4, 0x00, 0xc4, 0x00, 0xc4, 0x00,
0xc4, 0x00, 0xc4, 0x00, 0x2a, 0x22, 0xc4, 0x00, 0xc4, 0x00, 0xc4, 0x00, 0xc4, 0x00, 0xc4, 0x00, 0xc4, 0x00, 0xc4, 0x00, 0xc4, 0x00, 0xc4, 0x00,
0xc4, 0x00, 0xc4, 0x00, 0xc4, 0x00, 0xc4, 0x00, 0xc4, 0x00, 0xc4, 0x00, 0xc4, 0x00, 0xc4, 0x00, 0xc4, 0x00, 0xc4, 0x00, 0xc4, 0x00, 0xc4, 0x00,
0xc4, 0x00, 0xc4, 0x00, 0xc4, 0x00, 0xc4, 0x00, 0xc4, 0x00, 0xc4, 0x00, 0xc4, 0x00, 0xc4, 0x00, 0xc4, 0x00, 0x2a, 0x22, 0x2a, 0x22, 0x2a, 0x22,
0x37, 0x4f, 0x37, 0x4f, 0x2a, 0x22, 0x2a, 0x22, 0x2a, 0x22, 0x2a, 0x22, 0x2a, 0x22, 0x2a, 0x22, 0xc4, 0x00, 0xc4, 0x00, 0xc4, 0x00, 0xc4, 0x00,
0x2a, 0x22, 0x2a, 0x22, 0xc4, 0x00, 0x2a, 0x22, 0xea, 0xc4, 0x37, 0x4f, 0xea, 0xc4, 0x2a, 0x22, 0x37, 0x4f, 0xc4, 0x00, 0xc4, 0x00, 0xc4, 0x00,
0xc4, 0x00, 0xc4, 0x00, 0xc4, 0x00, 0xc4, 0x00, 0xc4, 0x00, 0xc4, 0x00, 0xc4, 0x00, 0xc4, 0x00, 0xc4, 0x00, 0xc4, 0x00, 0xc4, 0x00, 0xc4, 0x00,
0xc4, 0x00, 0xc4, 0x00, 0xc4, 0x00, 0xc4, 0x00, 0xc4, 0x00, 0xc4, 0x00, 0xc4, 0x00, 0xc4, 0x00, 0xc4, 0x00, 0xc4, 0x00, 0xc4, 0x00, 0xc4, 0x00,
0xc4, 0x00, 0x2a, 0x22, 0x2a, 0x22, 0x2a, 0x22, 0x2a, 0x22, 0x2a, 0x22, 0x2a, 0x22, 0x2a, 0x22, 0x2a, 0x22, 0x2a, 0x22, 0x2a, 0x22, 0x2a, 0x22,
0x2a, 0x22, 0x2a, 0x22, 0x2a, 0x22, 0x2a, 0x22, 0x2a, 0x22, 0x2a, 0x22, 0x2a, 0x22, 0x2a, 0x22, 0x2a, 0x22, 0x2a, 0x22, 0x2a, 0x22, 0x2a, 0x22,
0x2a, 0x22, 0x2a, 0x22, 0x2a, 0x22, 0x2a, 0x22, 0x2a, 0x22, 0x2a, 0x22, 0x2a, 0x22, 0x2a, 0x22, 0x2a, 0x22, 0x2a, 0x22, 0x2a, 0x22, 0xc4, 0x00,
0x2a, 0x22, 0x2a, 0x22, 0x2a, 0x22, 0x2a, 0x22, 0x2a, 0x22, 0x2a, 0x22, 0x2a, 0x22, 0x2a, 0x22, 0x2a, 0x22, 0x2a, 0x22, 0x2a, 0x22, 0xc4, 0x00,
0xc4, 0x00, 0xc4, 0x00, 0xc4, 0x00, 0xc4, 0x00, 0xc4, 0x00, 0xc4, 0x00, 0xc4, 0x00, 0x2a, 0x22, 0x2a, 0x22, 0x2a, 0x22, 0x2a, 0x22, 0x2a, 0x22,
0x2a, 0x22, 0x2a, 0x22, 0xc4, 0x00, 0xc4, 0x00, 0xc4, 0x00, 0xc4, 0x00, 0xc4, 0x00, 0x2a, 0x22, 0x2a, 0x22, 0xea, 0xc4, 0x2a, 0x22, 0x2a, 0x22,
0x2a, 0x22, 0x2a, 0x22, 0x2a, 0x22, 0x2a, 0x22, 0x2a, 0x22, 0x2a, 0x22, 0xc4, 0x00, 0xc4, 0x00, 0xc4, 0x00, 0xc4, 0x00, 0xc4, 0x00, 0x2a, 0x22,
0x2a, 0x22, 0xc4, 0x00, 0xc4, 0x00, 0xc4, 0x00, 0xc4, 0x00, 0xc4, 0x00, 0xc4, 0x00, 0xc4, 0x00, 0xc4, 0x00, 0xc4, 0x00, 0xc4, 0x00, 0xc4, 0x00,
0xc4, 0x00, 0xc4, 0x00, 0xc4, 0x00, 0xc4, 0x00, 0xc4, 0x00, 0xc4, 0x00, 0xc4, 0x00, 0xc4, 0x00, 0xc4, 0x00, 0xc4, 0x00, 0xc4, 0x00, 0xc4, 0x00,
0xc4, 0x00, 0xc4, 0x00, 0xc4, 0x00, 0xc4, 0x00, 0xc4, 0x00, 0xc4, 0x00, 0xc4, 0x00, 0xc4, 0x00, 0xc4, 0x00, 0xc4, 0x00, 0xc4, 0x00, 0xc4, 0x00,
0xc4, 0x00, 0xc4, 0x00, 0xc4, 0x00, 0xc4, 0x00, 0xc4, 0x00, 0xc4, 0x00, 0xc4, 0x00, 0xc4, 0x00, 0xc4, 0x00, 0xc4, 0x00, 0xc4, 0x00, 0xc4, 0x00,
0xc4, 0x00, 0xc4, 0x00, 0xc4, 0x00, 0xc4, 0x00, 0xc4, 0x00, 0xc4, 0x00, 0xc4, 0x00, 0xc4, 0x00, 0xc4, 0x00, 0xc4, 0x00, 0xc4, 0x00, 0xc4, 0x00,
0xc4, 0x00, 0xc4, 0x00, 0xc4, 0x00, 0xc4, 0x00, 0xc4, 0x00, 0xc4, 0x00, 0xc4, 0x00, 0xc4, 0x00, 0xc4, 0x00, 0xc4, 0x00, 0xc4, 0x00, 0xc4, 0x00,
0xc4, 0x00, 0xc4, 0x00, 0xc4, 0x00, 0xc4, 0x00, 0xc4, 0x00, 0xc4, 0x00, 0xc4, 0x00, 0xc4, 0x00, 0xc4, 0x00, 0xc4, 0x00, 0x2a, 0x22, 0x37, 0x4f,
0x2a, 0x22, 0x2a, 0x22, 0x37, 0x4f, 0x2a, 0x22, 0x2a, 0x22, 0x2a, 0x22, 0xea, 0xc4, 0xc4, 0x00, 0xc4, 0x00, 0xc4, 0x00, 0xc4, 0x00, 0xc4, 0x00,
0xc4, 0x00, 0x2a, 0x22, 0xea, 0xc4, 0xc4, 0x00, 0x2a, 0x22, 0x37, 0x4f, 0x37, 0x4f, 0xc4, 0x00, 0xc4, 0x00, 0x37, 0x4f, 0x37, 0x4f, 0xea, 0xc4,
0xc4, 0x00, 0xc4, 0x00, 0xc4, 0x00, 0xc4, 0x00, 0xc4, 0x00, 0xc4, 0x00, 0xc4, 0x00, 0xc4, 0x00, 0xc4, 0x00, 0xc4, 0x00, 0xc4, 0x00, 0xc4, 0x00,
0xc4, 0x00, 0xc4, 0x00, 0xc4, 0x00, 0xc4, 0x00, 0xc4, 0x00, 0xc4, 0x00, 0xc4, 0x00, 0xc4, 0x00, 0xc4, 0x00, 0xc4, 0x00, 0xc4, 0x00, 0xc4, 0x00,
0xc4, 0x00, 0x2a, 0x22, 0xea, 0xc4, 0x2a, 0x22, 0x2a, 0x22, 0x2a, 0x22, 0x2a, 0x22, 0x2a, 0x22, 0x2a, 0x22, 0x2a, 0x22, 0x2a, 0x22, 0x2a, 0x22,
0x2a, 0x22, 0x2a, 0x22, 0x2a, 0x22, 0x2a, 0x22, 0x2a, 0x22, 0x2a, 0x22, 0x2a, 0x22, 0x2a, 0x22, 0x2a, 0x22, 0x2a, 0x22, 0x2a, 0x22, 0x2a, 0x22,
0x2a, 0x22, 0x2a, 0x22, 0x2a, 0x22, 0x2a, 0x22, 0x2a, 0x22, 0x2a, 0x22, 0x2a, 0x22, 0x2a, 0x22, 0x2a, 0x22, 0x2a, 0x22, 0x2a, 0x22, 0xc4, 0x00,
0x2a, 0x22, 0x2a, 0x22, 0x2a, 0x22, 0x2a, 0x22, 0x2a, 0x22, 0x2a, 0x22, 0x2a, 0x22, 0x2a, 0x22, 0x2a, 0x22, 0xc4, 0x00, 0xc4, 0x00, 0xc4, 0x00,
0xc4, 0x00, 0xc4, 0x00, 0xc4, 0x00, 0xc4, 0x00, 0xc4, 0x00, 0xc4, 0x00, 0xc4, 0x00, 0x2a, 0x22, 0x2a, 0x22, 0x2a, 0x22, 0x2a, 0x22, 0x2a, 0x22,
0x2a, 0x22, 0x2a, 0x22, 0xc4, 0x00, 0xc4, 0x00, 0xc4, 0x00, 0xc4, 0x00, 0xc4, 0x00, 0x2a, 0x22, 0x2a, 0x22, 0x2a, 0x22, 0x2a, 0x22, 0x2a, 0x22,
0x2a, 0x22, 0xea, 0xc4, 0x2a, 0x22, 0x2a, 0x22, 0xc4, 0x00, 0xc4, 0x00, 0xc4, 0x00, 0xc4, 0x00, 0xc4, 0x00, 0xc4, 0x00, 0xc4, 0x00, 0x2a, 0x22,
0x2a, 0x22, 0xc4, 0x00, 0xc4, 0x00, 0xc4, 0x00, 0xc4, 0x00, 0xc4, 0x00, 0xc4, 0x00, 0xc4, 0x00, 0xc4, 0x00, 0xc4, 0x00, 0xc4, 0x00, 0xc4, 0x00,
0xc4, 0x00, 0xc4, 0x00, 0xc4, 0x00, 0xc4, 0x00, 0xc4, 0x00, 0xc4, 0x00, 0xc4, 0x00, 0xc4, 0x00, 0xc4, 0x00, 0xc4, 0x00, 0xc4, 0x00, 0xc4, 0x00,
0xc4, 0x00, 0xc4, 0x00, 0xc4, 0x00, 0xc4, 0x00, 0xc4, 0x00, 0xc4, 0x00, 0xc4, 0x00, 0xc4, 0x00, 0xc4, 0x00, 0xc4, 0x00, 0xc4, 0x00, 0xc4, 0x00,
0xc4, 0x00, 0xc4, 0x00, 0xc4, 0x00, 0xc4, 0x00, 0xc4, 0x00, 0xc4, 0x00, 0xc4, 0x00, 0xc4, 0x00, 0xc4, 0x00, 0xc4, 0x00, 0xc4, 0x00, 0xc4, 0x00,
0xc4, 0x00, 0xc4, 0x00, 0xc4, 0x00, 0xc4, 0x00, 0xc4, 0x00, 0xc4, 0x00, 0xc4, 0x00, 0xc4, 0x00, 0xc4, 0x00, 0xc4, 0x00, 0xc4, 0x00, 0xc4, 0x00,
0xc4, 0x00, 0xc4, 0x00, 0xc4, 0x00, 0xc4, 0x00, 0xc4, 0x00, 0xc4, 0x00, 0xc4, 0x00, 0xc4, 0x00, 0xc4, 0x00, 0xc4, 0x00, 0xc4, 0x00, 0xc4, 0x00,
0xc4, 0x00, 0xc4, 0x00, 0xc4, 0x00, 0xc4, 0x00, 0xc4, 0x00, 0xc4, 0x00, 0xc4, 0x00, 0xc4, 0x00, 0xc4, 0x00, 0xc4, 0x00, 0xc4, 0x00, 0xc4, 0x00,
0x37, 0x4f, 0x2a, 0x22, 0x2a, 0x22, 0x2a, 0x22, 0x2a, 0x22, 0x2a, 0x22, 0x2a, 0x22, 0x2a, 0x22, 0x2a, 0x22, 0x2a, 0x22, 0xc4, 0x00, 0xc4, 0x00,
0xc4, 0x00, 0xc4, 0x00, 0xc4, 0x00, 0xc4, 0x00, 0xc4, 0x00, 0xc4, 0x00, 0xc4, 0x00, 0xc4, 0x00, 0xc4, 0x00, 0xc4, 0x00, 0xc4, 0x00, 0xc4, 0x00,
0xc4, 0x00, 0xc4, 0x00, 0xc4, 0x00, 0xc4, 0x00, 0xc4, 0x00, 0xc4, 0x00, 0xc4, 0x00, 0xc4, 0x00, 0xc4, 0x00, 0xc4, 0x00, 0xc4, 0x00, 0xc4, 0x00,
0xc4, 0x00, 0xc4, 0x00, 0xc4, 0x00, 0xc4, 0x00, 0xc4, 0x00, 0xc4, 0x00, 0xc4, 0x00, 0xc4, 0x00, 0xc4, 0x00, 0xc4, 0x00, 0xc4, 0x00, 0xc4, 0x00,
0xc4, 0x00, 0x2a, 0x22, 0x2a, 0x22, 0x2a, 0x22, 0x2a, 0x22, 0x2a, 0x22, 0x2a, 0x22, 0x2a, 0x22, 0x2a, 0x22, 0x2a, 0x22, 0x2a, 0x22, 0x2a, 0x22,
0x2a, 0x22, 0x2a, 0x22, 0x2a, 0x22, 0x2a, 0x22, 0x2a, 0x22, 0x2a, 0x22, 0x2a, 0x22, 0x2a, 0x22, 0x2a, 0x22, 0x2a, 0x22, 0x2a, 0x22, 0x2a, 0x22,
0x2a, 0x22, 0x2a, 0x22, 0x2a, 0x22, 0x2a, 0x22, 0x2a, 0x22, 0x2a, 0x22, 0x2a, 0x22, 0x2a, 0x22, 0x2a, 0x22, 0x2a, 0x22, 0x2a, 0x22, 0x2a, 0x22,
0x2a, 0x22, 0x2a, 0x22, 0x2a, 0x22, 0x2a, 0x22, 0x2a, 0x22, 0x2a, 0x22, 0x2a, 0x22, 0xc4, 0x00, 0xc4, 0x00, 0xc4, 0x00, 0xc4, 0x00, 0xc4, 0x00,
0xc4, 0x00, 0xc4, 0x00, 0xc4, 0x00, 0xc4, 0x00, 0xc4, 0x00, 0xc4, 0x00, 0xc4, 0x00, 0x2a, 0x22, 0x2a, 0x22, 0x2a, 0x22, 0x2a, 0x22, 0x2a, 0x22,
0xc4, 0x00, 0xc4, 0x00, 0xc4, 0x00, 0xc4, 0x00, 0xc4, 0x00, 0xc4, 0x00, 0xc4, 0x00, 0x2a, 0x22, 0x2a, 0x22, 0x2a, 0x22, 0x2a, 0x22, 0x2a, 0x22,
0x2a, 0x22, 0x2a, 0x22, 0x2a, 0x22, 0x2a, 0x22, 0x37, 0x4f, 0xc4, 0x00, 0xc4, 0x00, 0xc4, 0x00, 0xc4, 0x00, 0xc4, 0x00, 0xc4, 0x00, 0x2a, 0x22,
0x2a, 0x22, 0xc4, 0x00, 0xc4, 0x00, 0xc4, 0x00, 0xc4, 0x00, 0xc4, 0x00, 0xc4, 0x00, 0xc4, 0x00, 0xc4, 0x00, 0xc4, 0x00, 0xc4, 0x00, 0xc4, 0x00,
0xc4, 0x00, 0xc4, 0x00, 0xc4, 0x00, 0xc4, 0x00, 0xc4, 0x00, 0xc4, 0x00, 0xc4, 0x00, 0xc4, 0x00, 0xc4, 0x00, 0xc4, 0x00, 0xc4, 0x00, 0xc4, 0x00,
0xc4, 0x00, 0xc4, 0x00, 0xc4, 0x00, 0xc4, 0x00, 0xc4, 0x00, 0xc4, 0x00, 0xc4, 0x00, 0xc4, 0x00, 0xc4, 0x00, 0xc4, 0x00, 0xc4, 0x00, 0xc4, 0x00,
0xc4, 0x00, 0xc4, 0x00, 0xc4, 0x00, 0xc4, 0x00, 0xc4, 0x00, 0xc4, 0x00, 0xc4, 0x00, 0xc4, 0x00, 0xc4, 0x00, 0xc4, 0x00, 0xc4, 0x00, 0xc4, 0x00,
0xc4, 0x00, 0xc4, 0x00, 0xc4, 0x00, 0xc4, 0x00, 0xc4, 0x00, 0xc4, 0x00, 0xc4, 0x00, 0xc4, 0x00, 0xc4, 0x00, 0xc4, 0x00, 0xc4, 0x00, 0xc4, 0x00,
0xc4, 0x00, 0xc4, 0x00, 0xc4, 0x00, 0xc4, 0x00, 0xc4, 0x00, 0xc4, 0x00, 0xc4, 0x00, 0xc4, 0x00, 0xc4, 0x00, 0xc4, 0x00, 0xc4, 0x00, 0xc4, 0x00,
0xc4, 0x00, 0xc4, 0x00, 0xc4, 0x00, 0xc4, 0x00, 0xc4, 0x00, 0xc4, 0x00, 0xc4, 0x00, 0xc4, 0x00, 0xc4, 0x00, 0xc4, 0x00, 0xc4, 0x00, 0xc4, 0x00,
0xc4, 0x00, 0xc4, 0x00, 0xc4, 0x00, 0xc4, 0x00, 0x2a, 0x22, 0x37, 0x4f, 0x2a, 0x22, 0x2a, 0x22, 0x2a, 0x22, 0x2a, 0x22, 0xc4, 0x00, 0xc4, 0x00,
0xc4, 0x00, 0xc4, 0x00, 0xc4, 0x00, 0xc4, 0x00, 0xc4, 0x00, 0xc4, 0x00, 0xc4, 0x00, 0xc4, 0x00, 0xc4, 0x00, 0xc4, 0x00, 0xc4, 0x00, 0xea, 0xc4,
0xc4, 0x00, 0xc4, 0x00, 0xc4, 0x00, 0xc4, 0x00, 0xc4, 0x00, 0xc4, 0x00, 0xc4, 0x00, 0xc4, 0x00, 0xc4, 0x00, 0xc4, 0x00, 0xc4, 0x00, 0xc4, 0x00,
0xc4, 0x00, 0xc4, 0x00, 0xc4, 0x00, 0xc4, 0x00, 0xc4, 0x00, 0xc4, 0x00, 0xc4, 0x00, 0xc4, 0x00, 0xc4, 0x00, 0xea, 0xc4, 0xc4, 0x00, 0xc4, 0x00,
0x2a, 0x22, 0x37, 0x4f, 0x2a, 0x22, 0x2a, 0x22, 0x2a, 0x22, 0x2a, 0x22, 0x2a, 0x22, 0x2a, 0x22, 0x2a, 0x22, 0x2a, 0x22, 0x2a, 0x22, 0x2a, 0x22,
0x2a, 0x22, 0x2a, 0x22, 0x2a, 0x22, 0x2a, 0x22, 0x2a, 0x22, 0x2a, 0x22, 0x2a, 0x22, 0x2a, 0x22, 0x2a, 0x22, 0x2a, 0x22, 0x2a, 0x22, 0x2a, 0x22,
0x2a, 0x22, 0x2a, 0x22, 0x2a, 0x22, 0x2a, 0x22, 0x2a, 0x22, 0x2a, 0x22, 0x2a, 0x22, 0xea, 0xc4, 0x2a, 0x22, 0x2a, 0x22, 0x2a, 0x22, 0xea, 0xc4,
0x2a, 0x22, 0x2a, 0x22, 0xea, 0xc4, 0x2a, 0x22, 0x2a, 0x22, 0x2a, 0x22, 0xc4, 0x00, 0xc4, 0x00, 0xc4, 0x00, 0xc4, 0x00, 0xc4, 0x00, 0xc4, 0x00,
0xc4, 0x00, 0xc4, 0x00, 0xc4, 0x00, 0xc4, 0x00, 0xc4, 0x00, 0xc4, 0x00, 0xc4, 0x00, 0x2a, 0x22, 0x2a, 0x22, 0x2a, 0x22, 0x2a, 0x22, 0x2a, 0x22,
0xc4, 0x00, 0xc4, 0x00, 0xc4, 0x00, 0xc4, 0x00, 0xc4, 0x00, 0xc4, 0x00, 0xc4, 0x00, 0xc4, 0x00, 0xc4, 0x00, 0x2a, 0x22, 0x2a, 0x22, 0x2a, 0x22,
0x2a, 0x22, 0x2a, 0x22, 0x2a, 0x22, 0x2a, 0x22, 0x2a, 0x22, 0xc4, 0x00, 0xc4, 0x00, 0xc4, 0x00, 0xc4, 0x00, 0xc4, 0x00, 0xc4, 0x00, 0x2a, 0x22,
0xea, 0xc4, 0x2a, 0x22, 0xc4, 0x00, 0xc4, 0x00, 0xc4, 0x00, 0xc4, 0x00, 0xc4, 0x00, 0xc4, 0x00, 0xc4, 0x00, 0xc4, 0x00, 0xc4, 0x00, 0xc4, 0x00,
0xc4, 0x00, 0xc4, 0x00, 0xc4, 0x00, 0xc4, 0x00, 0xc4, 0x00, 0xc4, 0x00, 0xc4, 0x00, 0xc4, 0x00, 0xc4, 0x00, 0xc4, 0x00, 0xc4, 0x00, 0xc4, 0x00,
0xc4, 0x00, 0xc4, 0x00, 0xc4, 0x00, 0xc4, 0x00, 0xc4, 0x00, 0xc4, 0x00, 0xc4, 0x00, 0xc4, 0x00, 0xc4, 0x00, 0xc4, 0x00, 0xc4, 0x00, 0xc4, 0x00,
0xc4, 0x00, 0xc4, 0x00, 0xc4, 0x00, 0xc4, 0x00, 0xc4, 0x00, 0xc4, 0x00, 0xc4, 0x00, 0xc4, 0x00, 0xc4, 0x00, 0xc4, 0x00, 0xc4, 0x00, 0xc4, 0x00,
0xc4, 0x00, 0xc4, 0x00, 0xc4, 0x00, 0xc4, 0x00, 0xc4, 0x00, 0xc4, 0x00, 0xc4, 0x00, 0xc4, 0x00, 0xc4, 0x00, 0xc4, 0x00, 0xc4, 0x00, 0xc4, 0x00,
0xc4, 0x00, 0xc4, 0x00, 0xc4, 0x00, 0xc4, 0x00, 0xc4, 0x00, 0xc4, 0x00, 0xc4, 0x00, 0xc4, 0x00, 0xc4, 0x00, 0xc4, 0x00, 0xc4, 0x00, 0xc4, 0x00,
0xc4, 0x00, 0xc4, 0x00, 0xc4, 0x00, 0xc4, 0x00, 0xc4, 0x00, 0xc4, 0x00, 0xc4, 0x00, 0xc4, 0x00, 0xc4, 0x00, 0xc4, 0x00, 0xc4, 0x00, 0xc4, 0x00,
0xc4, 0x00, 0xc4, 0x00, 0xc4, 0x00, 0xc4, 0x00, 0xc4, 0x00, 0xc4, 0x00, 0x37, 0x4f, 0x37, 0x4f, 0x2a, 0x22, 0x2a, 0x22, 0xc4, 0x00, 0xc4, 0x00,
0xc4, 0x00, 0xc4, 0x00, 0xc4, 0x00, 0xc4, 0x00, 0x2a, 0x22, 0x2a, 0x22, 0xc4, 0x00, 0xc4, 0x00, 0xc4, 0x00, 0xc4, 0x00, 0xc4, 0x00, 0xea, 0xc4,
0xea, 0xc4, 0xc4, 0x00, 0xc4, 0x00, 0xc4, 0x00, 0xc4, 0x00, 0xc4, 0x00, 0xc4, 0x00, 0xc4, 0x00, 0xc4, 0x00, 0xc4, 0x00, 0xc4, 0x00, 0xc4, 0x00,
0xc4, 0x00, 0xc4, 0x00, 0xc4, 0x00, 0xc4, 0x00, 0xc4, 0x00, 0xc4, 0x00, 0xc4, 0x00, 0xc4, 0x00, 0xc4, 0x00, 0xc4, 0x00, 0xc4, 0x00, 0xc4, 0x00,
0xc4, 0x00, 0x2a, 0x22, 0xea, 0xc4, 0x2a, 0x22, 0x2a, 0x22, 0x2a, 0x22, 0x2a, 0x22, 0x2a, 0x22, 0x2a, 0x22, 0x2a, 0x22, 0x2a, 0x22, 0x2a, 0x22,
0x2a, 0x22, 0xea, 0xc4, 0x2a, 0x22, 0x2a, 0x22, 0x2a, 0x22, 0x2a, 0x22, 0x2a, 0x22, 0x2a, 0x22, 0x2a, 0x22, 0x2a, 0x22, 0x2a, 0x22, 0x2a, 0x22,
0x2a, 0x22, 0x2a, 0x22, 0x2a, 0x22, 0x2a, 0x22, 0x2a, 0x22, 0x2a, 0x22, 0x2a, 0x22, 0x2a, 0x22, 0x2a, 0x22, 0x2a, 0x22, 0x2a, 0x22, 0x2a, 0x22,
0x2a, 0x22, 0x2a, 0x22, 0x2a, 0x22, 0x2a, 0x22, 0xc4, 0x00, 0xc4, 0x00, 0xc4, 0x00, 0xc4, 0x00, 0xc4, 0x00, 0xc4, 0x00, 0xc4, 0x00, 0xc4, 0x00,
0xc4, 0x00, 0xc4, 0x00, 0xc4, 0x00, 0xc4, 0x00, 0xc4, 0x00, 0xc4, 0x00, 0xc4, 0x00, 0xc4, 0x00, 0x2a, 0x22, 0x2a, 0x22, 0x2a, 0x22, 0x2a, 0x22,
0xc4, 0x00, 0xc4, 0x00, 0xc4, 0x00, 0xc4, 0x00, 0xc4, 0x00, 0xc4, 0x00, 0xc4, 0x00, 0xc4, 0x00, 0xc4, 0x00, 0xc4, 0x00, 0x2a, 0x22, 0x2a, 0x22,
0x37, 0x4f, 0x2a, 0x22, 0x2a, 0x22, 0x2a, 0x22, 0x2a, 0x22, 0xc4, 0x00, 0xc4, 0x00, 0xc4, 0x00, 0xc4, 0x00, 0xc4, 0x00, 0xc4, 0x00, 0x2a, 0x22,
0x2a, 0x22, 0x2a, 0x22, 0x2a, 0x22, 0xc4, 0x00, 0xc4, 0x00, 0xc4, 0x00, 0xc4, 0x00, 0xc4, 0x00, 0xc4, 0x00, 0xc4, 0x00, 0xc4, 0x00, 0xc4, 0x00,
0xc4, 0x00, 0xc4, 0x00, 0xc4, 0x00, 0xc4, 0x00, 0xc4, 0x00, 0xc4, 0x00, 0xc4, 0x00, 0xc4, 0x00, 0xc4, 0x00, 0xc4, 0x00, 0xc4, 0x00, 0xc4, 0x00,
0xc4, 0x00, 0xc4, 0x00, 0xc4, 0x00, 0xc4, 0x00, 0xc4, 0x00, 0xc4, 0x00, 0xc4, 0x00, 0xc4, 0x00, 0xc4, 0x00, 0xc4, 0x00, 0xc4, 0x00, 0xc4, 0x00,
0xc4, 0x00, 0xc4, 0x00, 0xc4, 0x00, 0xc4, 0x00, 0xc4, 0x00, 0xc4, 0x00, 0xc4, 0x00, 0xc4, 0x00, 0xc4, 0x00, 0xc4, 0x00, 0xc4, 0x00, 0xc4, 0x00,
0xc4, 0x00, 0xc4, 0x00, 0xc4, 0x00, 0xc4, 0x00, 0xc4, 0x00, 0xc4, 0x00, 0xc4, 0x00, 0xc4, 0x00, 0xc4, 0x00, 0xc4, 0x00, 0xc4, 0x00, 0xc4, 0x00,
0xc4, 0x00, 0xc4, 0x00, 0xc4, 0x00, 0xc4, 0x00, 0xc4, 0x00, 0xc4, 0x00, 0xc4, 0x00, 0xc4, 0x00, 0xc4, 0x00, 0xc4, 0x00, 0xc4, 0x00, 0xc4, 0x00,
0xc4, 0x00, 0xc4, 0x00, 0xc4, 0x00, 0xc4, 0x00, 0xc4, 0x00, 0xc4, 0x00, 0xc4, 0x00, 0xc4, 0x00, 0xc4, 0x00, 0xc4, 0x00, 0xc4, 0x00, 0xc4, 0x00,
0xc4, 0x00, 0xc4, 0x00, 0xc4, 0x00, 0xc4, 0x00, 0xc4, 0x00, 0xc4, 0x00, 0xc4, 0x00, 0x2a, 0x22, 0xea, 0xc4, 0x2a, 0x22, 0xc4, 0x00, 0xc4, 0x00,
0xc4, 0x00, 0xc4, 0x00, 0x2a, 0x22, 0x2a, 0x22, 0x2a, 0x22, 0x2a, 0x22, 0x2a, 0x22, 0x37, 0x4f, 0xc4, 0x00, 0x2a, 0x22, 0x2a, 0x22, 0x37, 0x4f,
0xc4, 0x00, 0xc4, 0x00, 0xc4, 0x00, 0xc4, 0x00, 0xc4, 0x00, 0xc4, 0x00, 0xc4, 0x00, 0xc4, 0x00, 0xc4, 0x00, 0xc4, 0x00, 0xc4, 0x00, 0xc4, 0x00,
0xc4, 0x00, 0xc4, 0x00, 0xc4, 0x00, 0xc4, 0x00, 0xc4, 0x00, 0xc4, 0x00, 0xc4, 0x00, 0xc4, 0x00, 0xc4, 0x00, 0xc4, 0x00, 0xc4, 0x00, 0xc4, 0x00,
0xc4, 0x00, 0x2a, 0x22, 0xea, 0xc4, 0x2a, 0x22, 0x2a, 0x22, 0x2a, 0x22, 0x2a, 0x22, 0xea, 0xc4, 0x2a, 0x22, 0x2a, 0x22, 0x2a, 0x22, 0xea, 0xc4,
0x2a, 0x22, 0x2a, 0x22, 0x2a, 0x22, 0x2a, 0x22, 0x2a, 0x22, 0x2a, 0x22, 0x2a, 0x22, 0x2a, 0x22, 0xea, 0xc4, 0x2a, 0x22, 0x2a, 0x22, 0x2a, 0x22,
0x2a, 0x22, 0x2a, 0x22, 0x2a, 0x22, 0x2a, 0x22, 0x2a, 0x22, 0x2a, 0x22, 0x2a, 0x22, 0x2a, 0x22, 0x2a, 0x22, 0x2a, 0x22, 0x2a, 0x22, 0x2a, 0x22,
0x2a, 0x22, 0xea, 0xc4, 0x2a, 0x22, 0x2a, 0x22, 0x2a, 0x22, 0x2a, 0x22, 0x2a, 0x22, 0xc4, 0x00, 0xc4, 0x00, 0xc4, 0x00, 0xc4, 0x00, 0xc4, 0x00,
0xc4, 0x00, 0xc4, 0x00, 0xc4, 0x00, 0xc4, 0x00, 0xc4, 0x00, 0xc4, 0x00, 0xc4, 0x00, 0xc4, 0x00, 0x2a, 0x22, 0x2a, 0x22, 0x2a, 0x22, 0x2a, 0x22,
0xc4, 0x00, 0xc4, 0x00, 0xc4, 0x00, 0xc4, 0x00, 0xc4, 0x00, 0xc4, 0x00, 0xc4, 0x00, 0xc4, 0x00, 0xc4, 0x00, 0xc4, 0x00, 0x2a, 0x22, 0xc4, 0x00,
0xc4, 0x00, 0x2a, 0x22, 0xea, 0xc4, 0x2a, 0x22, 0x2a, 0x22, 0x37, 0x4f, 0xc4, 0x00, 0xc4, 0x00, 0xc4, 0x00, 0xc4, 0x00, 0x2a, 0x22, 0xc4, 0x00,
0x2a, 0x22, 0x2a, 0x22, 0x2a, 0x22, 0xc4, 0x00, 0xc4, 0x00, 0xc4, 0x00, 0xc4, 0x00, 0xc4, 0x00, 0xc4, 0x00, 0xc4, 0x00, 0xc4, 0x00, 0xc4, 0x00,
0xc4, 0x00, 0xc4, 0x00, 0xc4, 0x00, 0xc4, 0x00, 0xc4, 0x00, 0xc4, 0x00, 0xc4, 0x00, 0xc4, 0x00, 0xc4, 0x00, 0xc4, 0x00, 0xc4, 0x00, 0xc4, 0x00,
0xc4, 0x00, 0xc4, 0x00, 0xc4, 0x00, 0xc4, 0x00, 0xc4, 0x00, 0xc4, 0x00, 0xc4, 0x00, 0xc4, 0x00, 0xc4, 0x00, 0xc4, 0x00, 0xc4, 0x00, 0xc4, 0x00,
0xc4, 0x00, 0xc4, 0x00, 0xc4, 0x00, 0xc4, 0x00, 0xc4, 0x00, 0xc4, 0x00, 0xc4, 0x00, 0xc4, 0x00, 0xc4, 0x00, 0xc4, 0x00, 0xc4, 0x00, 0xc4, 0x00,
0xc4, 0x00, 0xc4, 0x00, 0xc4, 0x00, 0xc4, 0x00, 0xc4, 0x00, 0xc4, 0x00, 0xc4, 0x00, 0xc4, 0x00, 0xc4, 0x00, 0xc4, 0x00, 0xc4, 0x00, 0xc4, 0x00,
0xc4, 0x00, 0xc4, 0x00, 0xc4, 0x00, 0xc4, 0x00, 0xc4, 0x00, 0xc4, 0x00, 0xc4, 0x00, 0xc4, 0x00, 0xc4, 0x00, 0xc4, 0x00, 0xc4, 0x00, 0xc4, 0x00,
0xc4, 0x00, 0xc4, 0x00, 0xc4, 0x00, 0xc4, 0x00, 0xc4, 0x00, 0xc4, 0x00, 0xc4, 0x00, 0xc4, 0x00, 0xc4, 0x00, 0xc4, 0x00, 0xc4, 0x00, 0xc4, 0x00,
0xc4, 0x00, 0xc4, 0x00, 0xc4, 0x00, 0xc4, 0x00, 0xc4, 0x00, 0xc4, 0x00, 0xc4, 0x00, 0xc4, 0x00, 0x2a, 0x22, 0x37, 0x4f, 0x2a, 0x22, 0x2a, 0x22,
0x2a, 0x22, 0xc4, 0x00, 0x2a, 0x22, 0x2a, 0x22, 0x2a, 0x22, 0x2a, 0x22, 0x2a, 0x22, 0x2a, 0x22, 0xea, 0xc4, 0x2a, 0x22, 0x2a, 0x22, 0xea, 0xc4,
0xc4, 0x00, 0xc4, 0x00, 0xc4, 0x00, 0xc4, 0x00, 0xc4, 0x00, 0xc4, 0x00, 0xc4, 0x00, 0xc4, 0x00, 0xc4, 0x00, 0xc4, 0x00, 0xc4, 0x00, 0xc4, 0x00,
0xc4, 0x00, 0xc4, 0x00, 0xc4, 0x00, 0xc4, 0x00, 0xc4, 0x00, 0xc4, 0x00, 0xc4, 0x00, 0xc4, 0x00, 0xc4, 0x00, 0xc4, 0x00, 0xc4, 0x00, 0xc4, 0x00,
0xc4, 0x00, 0xc4, 0x00, 0x2a, 0x22, 0x2a, 0x22, 0x2a, 0x22, 0x2a, 0x22, 0x2a, 0x22, 0x2a, 0x22, 0x2a, 0x22, 0x2a, 0x22, 0x2a, 0x22, 0x2a, 0x22,
0x2a, 0x22, 0x2a, 0x22, 0x2a, 0x22, 0x2a, 0x22, 0x2a, 0x22, 0x2a, 0x22, 0x2a, 0x22, 0x2a, 0x22, 0x2a, 0x22, 0x2a, 0x22, 0x2a, 0x22, 0x2a, 0x22,
0x2a, 0x22, 0x2a, 0x22, 0x2a, 0x22, 0x2a, 0x22, 0x2a, 0x22, 0x2a, 0x22, 0x2a, 0x22, 0x2a, 0x22, 0x2a, 0x22, 0x2a, 0x22, 0x2a, 0x22, 0x2a, 0x22,
0x2a, 0x22, 0x2a, 0x22, 0x2a, 0x22, 0x2a, 0x22, 0x2a, 0x22, 0x2a, 0x22, 0xc4, 0x00, 0xc4, 0x00, 0xc4, 0x00, 0xc4, 0x00, 0xc4, 0x00, 0xc4, 0x00,
0xc4, 0x00, 0xc4, 0x00, 0xc4, 0x00, 0xc4, 0x00, 0xc4, 0x00, 0xc4, 0x00, 0xc4, 0x00, 0xc4, 0x00, 0x2a, 0x22, 0x2a, 0x22, 0x2a, 0x22, 0x2a, 0x22,
0xc4, 0x00, 0xc4, 0x00, 0xc4, 0x00, 0xc4, 0x00, 0xc4, 0x00, 0xc4, 0x00, 0xc4, 0x00, 0xc4, 0x00, 0xc4, 0x00, 0xc4, 0x00, 0x2a, 0x22, 0xc4, 0x00,
0xc4, 0x00, 0x2a, 0x22, 0x2a, 0x22, 0x2a, 0x22, 0xc4, 0x00, 0xc4, 0x00, 0xc4, 0x00, 0xc4, 0x00, 0xc4, 0x00, 0xc4, 0x00, 0x2a, 0x22, 0x37, 0x4f,
0x2a, 0x22, 0x2a, 0x22, 0x2a, 0x22, 0xc4, 0x00, 0xc4, 0x00, 0xc4, 0x00, 0xc4, 0x00, 0xc4, 0x00, 0xc4, 0x00, 0xc4, 0x00, 0xc4, 0x00, 0xc4, 0x00,
0xc4, 0x00, 0xc4, 0x00, 0xc4, 0x00, 0xc4, 0x00, 0xc4, 0x00, 0xc4, 0x00, 0xc4, 0x00, 0xc4, 0x00, 0xc4, 0x00, 0xc4, 0x00, 0xc4, 0x00, 0xc4, 0x00,
0xc4, 0x00, 0xc4, 0x00, 0xc4, 0x00, 0xc4, 0x00, 0xc4, 0x00, 0xc4, 0x00, 0xc4, 0x00, 0xc4, 0x00, 0xc4, 0x00, 0xc4, 0x00, 0xc4, 0x00, 0xc4, 0x00,
0xc4, 0x00, 0xc4, 0x00, 0xc4, 0x00, 0xc4, 0x00, 0xc4, 0x00, 0xc4, 0x00, 0xc4, 0x00, 0xc4, 0x00, 0xc4, 0x00, 0xc4, 0x00, 0xc4, 0x00, 0xc4, 0x00,
0xc4, 0x00, 0xc4, 0x00, 0xc4, 0x00, 0xc4, 0x00, 0xc4, 0x00, 0xc4, 0x00, 0xc4, 0x00, 0xc4, 0x00, 0xc4, 0x00, 0xc4, 0x00, 0xc4, 0x00, 0xc4, 0x00,
0xc4, 0x00, 0xc4, 0x00, 0xc4, 0x00, 0xc4, 0x00, 0xc4, 0x00, 0xc4, 0x00, 0xc4, 0x00, 0xc4, 0x00, 0xc4, 0x00, 0xc4, 0x00, 0xc4, 0x00, 0xc4, 0x00,
0xc4, 0x00, 0xc4, 0x00, 0xc4, 0x00, 0xc4, 0x00, 0xc4, 0x00, 0xc4, 0x00, 0xc4, 0x00, 0xc4, 0x00, 0xc4, 0x00, 0xc4, 0x00, 0xc4, 0x00, 0xc4, 0x00,
0xc4, 0x00, 0xc4, 0x00, 0xc4, 0x00, 0xc4, 0x00, 0xc4, 0x00, 0xc4, 0x00, 0xc4, 0x00, 0xc4, 0x00, 0xc4, 0x00, 0x2a, 0x22, 0x2a, 0x22, 0x2a, 0x22,
0x37, 0x4f, 0x2a, 0x22, 0x2a, 0x22, 0x2a, 0x22, 0x2a, 0x22, 0x2a, 0x22, 0x2a, 0x22, 0x2a, 0x22, 0x2a, 0x22, 0x2a, 0x22, 0x2a, 0x22, 0x2a, 0x22,
0x2a, 0x22, 0xc4, 0x00, 0xc4, 0x00, 0xc4, 0x00, 0xc4, 0x00, 0xc4, 0x00, 0xc4, 0x00, 0xc4, 0x00, 0xc4, 0x00, 0xc4, 0x00, 0xc4, 0x00, 0xc4, 0x00,
0xc4, 0x00, 0xc4, 0x00, 0xc4, 0x00, 0xc4, 0x00, 0xc4, 0x00, 0xc4, 0x00, 0xc4, 0x00, 0xc4, 0x00, 0xc4, 0x00, 0xc4, 0x00, 0xc4, 0x00, 0xc4, 0x00,
0xc4, 0x00, 0xc4, 0x00, 0xc4, 0x00, 0xea, 0xc4, 0x2a, 0x22, 0x2a, 0x22, 0x2a, 0x22, 0x2a, 0x22, 0x2a, 0x22, 0x2a, 0x22, 0x2a, 0x22, 0x2a, 0x22,
0x2a, 0x22, 0x2a, 0x22, 0x2a, 0x22, 0x2a, 0x22, 0xea, 0xc4, 0x2a, 0x22, 0x2a, 0x22, 0x2a, 0x22, 0x2a, 0x22, 0x2a, 0x22, 0x2a, 0x22, 0x2a, 0x22,
0x2a, 0x22, 0x2a, 0x22, 0x2a, 0x22, 0x2a, 0x22, 0x2a, 0x22, 0x2a, 0x22, 0x2a, 0x22, 0x2a, 0x22, 0x2a, 0x22, 0x2a, 0x22, 0x2a, 0x22, 0xea, 0xc4,
0x2a, 0x22, 0x2a, 0x22, 0x2a, 0x22, 0x2a, 0x22, 0x2a, 0x22, 0x2a, 0x22, 0xc4, 0x00, 0xc4, 0x00, 0xc4, 0x00, 0xc4, 0x00, 0xc4, 0x00, 0xc4, 0x00,
0xc4, 0x00, 0xc4, 0x00, 0xc4, 0x00, 0xc4, 0x00, 0xc4, 0x00, 0xc4, 0x00, 0xc4, 0x00, 0xc4, 0x00, 0xc4, 0x00, 0x2a, 0x22, 0x2a, 0x22, 0x2a, 0x22,
0x2a, 0x22, 0xc4, 0x00, 0xc4, 0x00, 0xc4, 0x00, 0xc4, 0x00, 0xc4, 0x00, 0xc4, 0x00, 0xc4, 0x00, 0xc4, 0x00, 0xc4, 0x00, 0x2a, 0x22, 0x37, 0x4f,
0xc4, 0x00, 0xc4, 0x00, 0x2a, 0x22, 0xc4, 0x00, 0xc4, 0x00, 0xc4, 0x00, 0xc4, 0x00, 0xc4, 0x00, 0xc4, 0x00, 0x2a, 0x22, 0xc4, 0x00, 0xc4, 0x00,
0x2a, 0x22, 0x2a, 0x22, 0x2a, 0x22, 0xc4, 0x00, 0xc4, 0x00, 0xc4, 0x00, 0xc4, 0x00, 0xc4, 0x00, 0xc4, 0x00, 0xc4, 0x00, 0xc4, 0x00, 0xc4, 0x00,
0xc4, 0x00, 0xc4, 0x00, 0xc4, 0x00, 0xc4, 0x00, 0xc4, 0x00, 0xc4, 0x00, 0xc4, 0x00, 0xc4, 0x00, 0xc4, 0x00, 0xc4, 0x00, 0xc4, 0x00, 0xc4, 0x00,
0xc4, 0x00, 0xc4, 0x00, 0xc4, 0x00, 0xc4, 0x00, 0xc4, 0x00, 0xc4, 0x00, 0xc4, 0x00, 0xc4, 0x00, 0xc4, 0x00, 0xc4, 0x00, 0xc4, 0x00, 0xc4, 0x00,
0xc4, 0x00, 0xc4, 0x00, 0xc4, 0x00, 0xc4, 0x00, 0xc4, 0x00, 0xc4, 0x00, 0xc4, 0x00, 0xc4, 0x00, 0xc4, 0x00, 0xc4, 0x00, 0xc4, 0x00, 0xc4, 0x00,
0xc4, 0x00, 0xc4, 0x00, 0xc4, 0x00, 0xc4, 0x00, 0xc4, 0x00, 0xc4, 0x00, 0xc4, 0x00, 0xc4, 0x00, 0xc4, 0x00, 0xc4, 0x00, 0xc4, 0x00, 0xc4, 0x00,
0xc4, 0x00, 0xc4, 0x00, 0xc4, 0x00, 0xc4, 0x00, 0xc4, 0x00, 0xc4, 0x00, 0xc4, 0x00, 0xc4, 0x00, 0xc4, 0x00, 0xc4, 0x00, 0xc4, 0x00, 0xc4, 0x00,
0xc4, 0x00, 0xc4, 0x00, 0xc4, 0x00, 0xc4, 0x00, 0xc4, 0x00, 0xc4, 0x00, 0xc4, 0x00, 0xc4, 0x00, 0xc4, 0x00, 0xc4, 0x00, 0xc4, 0x00, 0xc4, 0x00,
0xc4, 0x00, 0xc4, 0x00, 0xc4, 0x00, 0xc4, 0x00, 0xc4, 0x00, 0xc4, 0x00, 0xc4, 0x00, 0xc4, 0x00, 0xc4, 0x00, 0xc4, 0x00, 0x2a, 0x22, 0x2a, 0x22,
0x2a, 0x22, 0x2a, 0x22, 0x2a, 0x22, 0x2a, 0x22, 0x2a, 0x22, 0x2a, 0x22, 0x2a, 0x22, 0x2a, 0x22, 0x2a, 0x22, 0x2a, 0x22, 0x2a, 0x22, 0x2a, 0x22,
0x2a, 0x22, 0xc4, 0x00, 0xc4, 0x00, 0xc4, 0x00, 0xc4, 0x00, 0xc4, 0x00, 0xc4, 0x00, 0xc4, 0x00, 0xc4, 0x00, 0xc4, 0x00, 0xc4, 0x00, 0xc4, 0x00,
0xc4, 0x00, 0xc4, 0x00, 0xc4, 0x00, 0xc4, 0x00, 0xc4, 0x00, 0xc4, 0x00, 0xc4, 0x00, 0xc4, 0x00, 0xc4, 0x00, 0xc4, 0x00, 0xc4, 0x00, 0xc4, 0x00,
0xc4, 0x00, 0xc4, 0x00, 0xc4, 0x00, 0xc4, 0x00, 0xea, 0xc4, 0x2a, 0x22, 0x2a, 0x22, 0x2a, 0x22, 0x2a, 0x22, 0x2a, 0x22, 0x2a, 0x22, 0x2a, 0x22,
0x2a, 0x22, 0x2a, 0x22, 0x2a, 0x22, 0x2a, 0x22, 0x2a, 0x22, 0x2a, 0x22, 0x2a, 0x22, 0x2a, 0x22, 0x2a, 0x22, 0x2a, 0x22, 0x2a, 0x22, 0x2a, 0x22,
0x2a, 0x22, 0x2a, 0x22, 0x2a, 0x22, 0x2a, 0x22, 0x2a, 0x22, 0x2a, 0x22, 0x2a, 0x22, 0x2a, 0x22, 0x2a, 0x22, 0x2a, 0x22, 0x2a, 0x22, 0x2a, 0x22,
0x2a, 0x22, 0x2a, 0x22, 0x2a, 0x22, 0x2a, 0x22, 0x2a, 0x22, 0x2a, 0x22, 0xc4, 0x00, 0xc4, 0x00, 0xc4, 0x00, 0xc4, 0x00, 0xc4, 0x00, 0xc4, 0x00,
0xc4, 0x00, 0xc4, 0x00, 0xc4, 0x00, 0xc4, 0x00, 0xc4, 0x00, 0xc4, 0x00, 0xc4, 0x00, 0xc4, 0x00, 0xc4, 0x00, 0xc4, 0x00, 0xc4, 0x00, 0x2a, 0x22,
0x2a, 0x22, 0xc4, 0x00, 0xc4, 0x00, 0xc4, 0x00, 0xc4, 0x00, 0xc4, 0x00, 0xc4, 0x00, 0xc4, 0x00, 0xc4, 0x00, 0xc4, 0x00, 0x37, 0x4f, 0x2a, 0x22,
0x2a, 0x22, 0xc4, 0x00, 0xc4, 0x00, 0xc4, 0x00, 0xc4, 0x00, 0xc4, 0x00, 0xc4, 0x00, 0xc4, 0x00, 0xc4, 0x00, 0x2a, 0x22, 0xc4, 0x00, 0xc4, 0x00,
0x2a, 0x22, 0x2a, 0x22, 0x2a, 0x22, 0x2a, 0x22, 0xc4, 0x00, 0xc4, 0x00, 0xc4, 0x00, 0xc4, 0x00, 0xea, 0xc4, 0xc4, 0x00, 0xc4, 0x00, 0xc4, 0x00,
0xc4, 0x00, 0xc4, 0x00, 0xc4, 0x00, 0xc4, 0x00, 0xc4, 0x00, 0xc4, 0x00, 0xc4, 0x00, 0xc4, 0x00, 0xc4, 0x00, 0xc4, 0x00, 0xc4, 0x00, 0xc4, 0x00,
0xc4, 0x00, 0xc4, 0x00, 0xc4, 0x00, 0xc4, 0x00, 0xc4, 0x00, 0xc4, 0x00, 0xea, 0xc4, 0xc4, 0x00, 0xc4, 0x00, 0xc4, 0x00, 0xc4, 0x00, 0xc4, 0x00,
0xc4, 0x00, 0xc4, 0x00, 0xc4, 0x00, 0xc4, 0x00, 0xc4, 0x00, 0xc4, 0x00, 0xc4, 0x00, 0xc4, 0x00, 0xc4, 0x00, 0xc4, 0x00, 0xc4, 0x00, 0xc4, 0x00,
0xc4, 0x00, 0xc4, 0x00, 0xc4, 0x00, 0xc4, 0x00, 0xc4, 0x00, 0xc4, 0x00, 0xc4, 0x00, 0xc4, 0x00, 0xc4, 0x00, 0xc4, 0x00, 0xc4, 0x00, 0xc4, 0x00,
0xc4, 0x00, 0xc4, 0x00, 0xc4, 0x00, 0xc4, 0x00, 0xc4, 0x00, 0xc4, 0x00, 0xc4, 0x00, 0xc4, 0x00, 0xc4, 0x00, 0xc4, 0x00, 0xc4, 0x00, 0xc4, 0x00,
0xc4, 0x00, 0xc4, 0x00, 0xc4, 0x00, 0xc4, 0x00, 0xc4, 0x00, 0xc4, 0x00, 0xc4, 0x00, 0xc4, 0x00, 0xc4, 0x00, 0xc4, 0x00, 0xc4, 0x00, 0xc4, 0x00,
0xc4, 0x00, 0xc4, 0x00, 0xc4, 0x00, 0xc4, 0x00, 0xc4, 0x00, 0xc4, 0x00, 0xc4, 0x00, 0xc4, 0x00, 0xc4, 0x00, 0xc4, 0x00, 0xc4, 0x00, 0xc4, 0x00,
0xc4, 0x00, 0x2a, 0x22, 0x2a, 0x22, 0x2a, 0x22, 0x2a, 0x22, 0x2a, 0x22, 0x2a, 0x22, 0x2a, 0x22, 0x2a, 0x22, 0x2a, 0x22, 0x2a, 0x22, 0x2a, 0x22,
0x2a, 0x22, 0xea, 0xc4, 0x2a, 0x22, 0xea, 0xc4, 0xc4, 0x00, 0xc4, 0x00, 0xc4, 0x00, 0xc4, 0x00, 0xc4, 0x00, 0xc4, 0x00, 0xc4, 0x00, 0xc4, 0x00,
0xc4, 0x00, 0xc4, 0x00, 0xc4, 0x00, 0xc4, 0x00, 0xc4, 0x00, 0xc4, 0x00, 0xc4, 0x00, 0xc4, 0x00, 0xc4, 0x00, 0xc4, 0x00, 0xc4, 0x00, 0xc4, 0x00,
0xc4, 0x00, 0xc4, 0x00, 0xc4, 0x00, 0xc4, 0x00, 0xc4, 0x00, 0xea, 0xc4, 0x2a, 0x22, 0x2a, 0x22, 0xea, 0xc4, 0x2a, 0x22, 0x2a, 0x22, 0x2a, 0x22,
0xea, 0xc4, 0xea, 0xc4, 0x2a, 0x22, 0x2a, 0x22, 0x2a, 0x22, 0x2a, 0x22, 0x2a, 0x22, 0x2a, 0x22, 0x2a, 0x22, 0x2a, 0x22, 0x2a, 0x22, 0x2a, 0x22,
0x2a, 0x22, 0x2a, 0x22, 0x2a, 0x22, 0x2a, 0x22, 0x2a, 0x22, 0x2a, 0x22, 0x2a, 0x22, 0x2a, 0x22, 0x2a, 0x22, 0x2a, 0x22, 0x2a, 0x22, 0x2a, 0x22,
0x2a, 0x22, 0x2a, 0x22, 0x2a, 0x22, 0x2a, 0x22, 0x2a, 0x22, 0xc4, 0x00, 0xc4, 0x00, 0xc4, 0x00, 0xc4, 0x00, 0xc4, 0x00, 0xc4, 0x00, 0xc4, 0x00,
0xc4, 0x00, 0xc4, 0x00, 0xc4, 0x00, 0xc4, 0x00, 0xc4, 0x00, 0xc4, 0x00, 0xc4, 0x00, 0xc4, 0x00, 0xc4, 0x00, 0xc4, 0x00, 0xc4, 0x00, 0xea, 0xc4,
0x2a, 0x22, 0xc4, 0x00, 0xc4, 0x00, 0xc4, 0x00, 0xc4, 0x00, 0xc4, 0x00, 0xc4, 0x00, 0xc4, 0x00, 0x2a, 0x22, 0x2a, 0x22, 0xc4, 0x00, 0x2a, 0x22,
0x2a, 0x22, 0xc4, 0x00, 0xc4, 0x00, 0xc4, 0x00, 0xc4, 0x00, 0xc4, 0x00, 0xc4, 0x00, 0xc4, 0x00, 0x2a, 0x22, 0x2a, 0x22, 0x2a, 0x22, 0xc4, 0x00,
0xc4, 0x00, 0x2a, 0x22, 0x2a, 0x22, 0x37, 0x4f, 0xc4, 0x00, 0xc4, 0x00, 0xc4, 0x00, 0xc4, 0x00, 0xc4, 0x00, 0xc4, 0x00, 0xc4, 0x00, 0xc4, 0x00,
0xc4, 0x00, 0xc4, 0x00, 0xc4, 0x00, 0xc4, 0x00, 0xc4, 0x00, 0xc4, 0x00, 0xc4, 0x00, 0xc4, 0x00, 0xc4, 0x00, 0xc4, 0x00, 0xea, 0xc4, 0xc4, 0x00,
0xc4, 0x00, 0xc4, 0x00, 0xc4, 0x00, 0xc4, 0x00, 0xc4, 0x00, 0xc4, 0x00, 0xc4, 0x00, 0xc4, 0x00, 0xc4, 0x00, 0xc4, 0x00, 0xc4, 0x00, 0xc4, 0x00,
0xc4, 0x00, 0xc4, 0x00, 0xc4, 0x00, 0xc4, 0x00, 0xc4, 0x00, 0xc4, 0x00, 0xc4, 0x00, 0xc4, 0x00, 0xc4, 0x00, 0xc4, 0x00, 0xc4, 0x00, 0xc4, 0x00,
0xc4, 0x00, 0xc4, 0x00, 0xc4, 0x00, 0xc4, 0x00, 0xc4, 0x00, 0xc4, 0x00, 0xc4, 0x00, 0xc4, 0x00, 0xc4, 0x00, 0xc4, 0x00, 0xc4, 0x00, 0xc4, 0x00,
0xc4, 0x00, 0xc4, 0x00, 0xc4, 0x00, 0xc4, 0x00, 0xc4, 0x00, 0xc4, 0x00, 0xc4, 0x00, 0xc4, 0x00, 0xc4, 0x00, 0xc4, 0x00, 0xc4, 0x00, 0xc4, 0x00,
0xc4, 0x00, 0xc4, 0x00, 0xc4, 0x00, 0xc4, 0x00, 0xc4, 0x00, 0xc4, 0x00, 0xc4, 0x00, 0xc4, 0x00, 0xc4, 0x00, 0xc4, 0x00, 0xc4, 0x00, 0xc4, 0x00,
0xc4, 0x00, 0xc4, 0x00, 0xc4, 0x00, 0xc4, 0x00, 0xc4, 0x00, 0xc4, 0x00, 0xc4, 0x00, 0xc4, 0x00, 0xc4, 0x00, 0xc4, 0x00, 0xc4, 0x00, 0xc4, 0x00,
0xc4, 0x00, 0x2a, 0x22, 0x2a, 0x22, 0xea, 0xc4, 0x2a, 0x22, 0x2a, 0x22, 0x2a, 0x22, 0x2a, 0x22, 0x2a, 0x22, 0x2a, 0x22, 0x2a, 0x22, 0x2a, 0x22,
0x2a, 0x22, 0x2a, 0x22, 0x2a, 0x22, 0x2a, 0x22, 0x2a, 0x22, 0xc4, 0x00, 0xc4, 0x00, 0xc4, 0x00, 0xc4, 0x00, 0xc4, 0x00, 0xc4, 0x00, 0xc4, 0x00,
0xc4, 0x00, 0xc4, 0x00, 0xc4, 0x00, 0xc4, 0x00, 0xc4, 0x00, 0xc4, 0x00, 0xc4, 0x00, 0xc4, 0x00, 0xc4, 0x00, 0xc4, 0x00, 0xc4, 0x00, 0xc4, 0x00,
0xc4, 0x00, 0xc4, 0x00, 0xc4, 0x00, 0xc4, 0x00, 0xc4, 0x00, 0xc4, 0x00, 0x2a, 0x22, 0x2a, 0x22, 0xc4, 0x00, 0xc4, 0x00, 0x2a, 0x22, 0xea, 0xc4,
0xc4, 0x00, 0xc4, 0x00, 0x2a, 0x22, 0x2a, 0x22, 0x2a, 0x22, 0x2a, 0x22, 0x2a, 0x22, 0x2a, 0x22, 0x2a, 0x22, 0x2a, 0x22, 0x2a, 0x22, 0xea, 0xc4,
0x2a, 0x22, 0x2a, 0x22, 0x2a, 0x22, 0x2a, 0x22, 0x2a, 0x22, 0x2a, 0x22, 0xea, 0xc4, 0x2a, 0x22, 0x2a, 0x22, 0x2a, 0x22, 0x2a, 0x22, 0x2a, 0x22,
0x2a, 0x22, 0x2a, 0x22, 0x2a, 0x22, 0x2a, 0x22, 0x2a, 0x22, 0xc4, 0x00, 0xc4, 0x00, 0xc4, 0x00, 0xc4, 0x00, 0xc4, 0x00, 0xc4, 0x00, 0xc4, 0x00,
0xc4, 0x00, 0xc4, 0x00, 0xc4, 0x00, 0xc4, 0x00, 0xc4, 0x00, 0xc4, 0x00, 0xc4, 0x00, 0xc4, 0x00, 0xc4, 0x00, 0xc4, 0x00, 0xc4, 0x00, 0xc4, 0x00,
0xc4, 0x00, 0xc4, 0x00, 0xc4, 0x00, 0xc4, 0x00, 0xc4, 0x00, 0xc4, 0x00, 0xc4, 0x00, 0xc4, 0x00, 0xc4, 0x00, 0x2a, 0x22, 0x2a, 0x22, 0x2a, 0x22,
0x2a, 0x22, 0x2a, 0x22, 0xc4, 0x00, 0xc4, 0x00, 0xc4, 0x00, 0xc4, 0x00, 0xc4, 0x00, 0x2a, 0x22, 0xea, 0xc4, 0x2a, 0x22, 0x2a, 0x22, 0xc4, 0x00,
0xc4, 0x00, 0xc4, 0x00, 0xc4, 0x00, 0xc4, 0x00, 0xc4, 0x00, 0xc4, 0x00, 0xc4, 0x00, 0xc4, 0x00, 0xc4, 0x00, 0xc4, 0x00, 0xc4, 0x00, 0xc4, 0x00,
0xc4, 0x00, 0xc4, 0x00, 0xc4, 0x00, 0xc4, 0x00, 0xc4, 0x00, 0xc4, 0x00, 0xc4, 0x00, 0xc4, 0x00, 0xc4, 0x00, 0xc4, 0x00, 0xc4, 0x00, 0xc4, 0x00,
0xc4, 0x00, 0xc4, 0x00, 0xc4, 0x00, 0xc4, 0x00, 0xc4, 0x00, 0xc4, 0x00, 0xc4, 0x00, 0xc4, 0x00, 0xc4, 0x00, 0xc4, 0x00, 0xc4, 0x00, 0xc4, 0x00,
0xc4, 0x00, 0xc4, 0x00, 0xc4, 0x00, 0xc4, 0x00, 0xc4, 0x00, 0xc4, 0x00, 0xc4, 0x00, 0xc4, 0x00, 0xc4, 0x00, 0xc4, 0x00, 0xc4, 0x00, 0xc4, 0x00,
0xc4, 0x00, 0xc4, 0x00, 0xc4, 0x00, 0xc4, 0x00, 0xc4, 0x00, 0xc4, 0x00, 0xc4, 0x00, 0xc4, 0x00, 0xc4, 0x00, 0xc4, 0x00, 0xc4, 0x00, 0xc4, 0x00,
0xc4, 0x00, 0xc4, 0x00, 0xc4, 0x00, 0xc4, 0x00, 0xc4, 0x00, 0xc4, 0x00, 0xc4, 0x00, 0xc4, 0x00, 0xc4, 0x00, 0xc4, 0x00, 0xc4, 0x00, 0xc4, 0x00,
0xc4, 0x00, 0xc4, 0x00, 0xc4, 0x00, 0xc4, 0x00, 0xc4, 0x00, 0xc4, 0x00, 0xc4, 0x00, 0xc4, 0x00, 0xc4, 0x00, 0xc4, 0x00, 0xc4, 0x00, 0xc4, 0x00,
0xc4, 0x00, 0xc4, 0x00, 0xc4, 0x00, 0xc4, 0x00, 0xc4, 0x00, 0xc4, 0x00, 0xc4, 0x00, 0xc4, 0x00, 0xc4, 0x00, 0xc4, 0x00, 0xc4, 0x00, 0xc4, 0x00,
0x2a, 0x22, 0x2a, 0x22, 0x2a, 0x22, 0x2a, 0x22, 0x2a, 0x22, 0x2a, 0x22, 0x2a, 0x22, 0x2a, 0x22, 0x2a, 0x22, 0x2a, 0x22, 0x2a, 0x22, 0x2a, 0x22,
0x2a, 0x22, 0x2a, 0x22, 0x2a, 0x22, 0x2a, 0x22, 0x2a, 0x22, 0xc4, 0x00, 0xc4, 0x00, 0xc4, 0x00, 0xc4, 0x00, 0xc4, 0x00, 0xc4, 0x00, 0xc4, 0x00,
0xc4, 0x00, 0xc4, 0x00, 0xc4, 0x00, 0xc4, 0x00, 0xc4, 0x00, 0xc4, 0x00, 0xc4, 0x00, 0xc4, 0x00, 0xc4, 0x00, 0xc4, 0x00, 0xc4, 0x00, 0xc4, 0x00,
0xc4, 0x00, 0xc4, 0x00, 0xc4, 0x00, 0xc4, 0x00, 0xc4, 0x00, 0xc4, 0x00, 0xc4, 0x00, 0xc4, 0x00, 0xc4, 0x00, 0xc4, 0x00, 0xc4, 0x00, 0xc4, 0x00,
0xc4, 0x00, 0xc4, 0x00, 0xc4, 0x00, 0xc4, 0x00, 0xc4, 0x00, 0xea, 0xc4, 0xea, 0xc4, 0x2a, 0x22, 0x2a, 0x22, 0x2a, 0x22, 0x2a, 0x22, 0x2a, 0x22,
0x2a, 0x22, 0x2a, 0x22, 0x2a, 0x22, 0x2a, 0x22, 0x2a, 0x22, 0x2a, 0x22, 0x2a, 0x22, 0x2a, 0x22, 0x2a, 0x22, 0x2a, 0x22, 0x2a, 0x22, 0x2a, 0x22,
0x2a, 0x22, 0x2a, 0x22, 0x2a, 0x22, 0x2a, 0x22, 0xc4, 0x00, 0xc4, 0x00, 0xc4, 0x00, 0xc4, 0x00, 0xc4, 0x00, 0xc4, 0x00, 0xc4, 0x00, 0xc4, 0x00,
0xc4, 0x00, 0xc4, 0x00, 0xc4, 0x00, 0xc4, 0x00, 0xc4, 0x00, 0xc4, 0x00, 0xc4, 0x00, 0x37, 0x4f, 0xc4, 0x00, 0xc4, 0x00, 0xc4, 0x00, 0xc4, 0x00,
0xc4, 0x00, 0xc4, 0x00, 0xc4, 0x00, 0xc4, 0x00, 0xc4, 0x00, 0xc4, 0x00, 0xc4, 0x00, 0xc4, 0x00, 0xc4, 0x00, 0x2a, 0x22, 0x2a, 0x22, 0x2a, 0x22,
0xea, 0xc4, 0x2a, 0x22, 0xc4, 0x00, 0xc4, 0x00, 0xc4, 0x00, 0xc4, 0x00, 0x2a, 0x22, 0x2a, 0x22, 0x2a, 0x22, 0x2a, 0x22, 0x2a, 0x22, 0xc4, 0x00,
0xc4, 0x00, 0xc4, 0x00, 0xc4, 0x00, 0x2a, 0x22, 0xc4, 0x00, 0xc4, 0x00, 0xc4, 0x00, 0xc4, 0x00, 0xc4, 0x00, 0xc4, 0x00, 0xc4, 0x00, 0xc4, 0x00,
0xc4, 0x00, 0xc4, 0x00, 0xc4, 0x00, 0xc4, 0x00, 0xc4, 0x00, 0xc4, 0x00, 0xc4, 0x00, 0xc4, 0x00, 0xc4, 0x00, 0xc4, 0x00, 0xc4, 0x00, 0xc4, 0x00,
0xc4, 0x00, 0xc4, 0x00, 0xc4, 0x00, 0xc4, 0x00, 0xc4, 0x00, 0xc4, 0x00, 0xc4, 0x00, 0xc4, 0x00, 0xc4, 0x00, 0xc4, 0x00, 0xc4, 0x00, 0xc4, 0x00,
0xc4, 0x00, 0xc4, 0x00, 0xc4, 0x00, 0xc4, 0x00, 0xc4, 0x00, 0xc4, 0x00, 0xc4, 0x00, 0xc4, 0x00, 0xc4, 0x00, 0xc4, 0x00, 0xc4, 0x00, 0xc4, 0x00,
0xc4, 0x00, 0xc4, 0x00, 0xc4, 0x00, 0xc4, 0x00, 0xc4, 0x00, 0xc4, 0x00, 0xc4, 0x00, 0xc4, 0x00, 0xc4, 0x00, 0xc4, 0x00, 0xc4, 0x00, 0xc4, 0x00,
0xc4, 0x00, 0xc4, 0x00, 0xc4, 0x00, 0xc4, 0x00, 0xc4, 0x00, 0xc4, 0x00, 0xc4, 0x00, 0xc4, 0x00, 0xc4, 0x00, 0xc4, 0x00, 0xc4, 0x00, 0xc4, 0x00,
0xc4, 0x00, 0xc4, 0x00, 0xc4, 0x00, 0xc4, 0x00, 0xc4, 0x00, 0xc4, 0x00, 0xc4, 0x00, 0xc4, 0x00, 0xc4, 0x00, 0xc4, 0x00, 0xc4, 0x00, 0xc4, 0x00,
0xc4, 0x00, 0xc4, 0x00, 0xc4, 0x00, 0xc4, 0x00, 0xc4, 0x00, 0xc4, 0x00, 0xc4, 0x00, 0xc4, 0x00, 0xc4, 0x00, 0xc4, 0x00, 0xc4, 0x00, 0x2a, 0x22,
0x2a, 0x22, 0x2a, 0x22, 0x2a, 0x22, 0x2a, 0x22, 0x2a, 0x22, 0x2a, 0x22, 0x2a, 0x22, 0x2a, 0x22, 0x2a, 0x22, 0x2a, 0x22, 0x2a, 0x22, 0x2a, 0x22,
0x2a, 0x22, 0x2a, 0x22, 0x2a, 0x22, 0x2a, 0x22, 0x2a, 0x22, 0x2a, 0x22, 0xc4, 0x00, 0xc4, 0x00, 0xc4, 0x00, 0xc4, 0x00, 0xc4, 0x00, 0xc4, 0x00,
0xc4, 0x00, 0xc4, 0x00, 0xc4, 0x00, 0xc4, 0x00, 0xc4, 0x00, 0xc4, 0x00, 0xc4, 0x00, 0xc4, 0x00, 0xc4, 0x00, 0xc4, 0x00, 0xc4, 0x00, 0xc4, 0x00,
0xc4, 0x00, 0xc4, 0x00, 0xc4, 0x00, 0xc4, 0x00, 0xc4, 0x00, 0xc4, 0x00, 0xc4, 0x00, 0xc4, 0x00, 0xc4, 0x00, 0xc4, 0x00, 0xc4, 0x00, 0xc4, 0x00,
0xc4, 0x00, 0xc4, 0x00, 0xc4, 0x00, 0xc4, 0x00, 0xc4, 0x00, 0x2a, 0x22, 0x2a, 0x22, 0x2a, 0x22, 0x2a, 0x22, 0x2a, 0x22, 0x2a, 0x22, 0x2a, 0x22,
0x2a, 0x22, 0x2a, 0x22, 0x2a, 0x22, 0x2a, 0x22, 0x2a, 0x22, 0x2a, 0x22, 0x2a, 0x22, 0x2a, 0x22, 0x2a, 0x22, 0x2a, 0x22, 0x2a, 0x22, 0x2a, 0x22,
0x2a, 0x22, 0x2a, 0x22, 0x2a, 0x22, 0xea, 0xc4, 0xc4, 0x00, 0xc4, 0x00, 0xc4, 0x00, 0xc4, 0x00, 0xc4, 0x00, 0xc4, 0x00, 0xc4, 0x00, 0xc4, 0x00,
0xc4, 0x00, 0xc4, 0x00, 0xc4, 0x00, 0xc4, 0x00, 0xc4, 0x00, 0xc4, 0x00, 0xc4, 0x00, 0xc4, 0x00, 0xc4, 0x00, 0xc4, 0x00, 0xc4, 0x00, 0xc4, 0x00,
0xc4, 0x00, 0xc4, 0x00, 0xc4, 0x00, 0xc4, 0x00, 0xc4, 0x00, 0xc4, 0x00, 0xc4, 0x00, 0xc4, 0x00, 0xc4, 0x00, 0xc4, 0x00, 0x2a, 0x22, 0x2a, 0x22,
0x2a, 0x22, 0x2a, 0x22, 0xc4, 0x00, 0xc4, 0x00, 0x2a, 0x22, 0x2a, 0x22, 0x2a, 0x22, 0x2a, 0x22, 0x2a, 0x22, 0x2a, 0x22, 0x2a, 0x22, 0x2a, 0x22,
0x2a, 0x22, 0x2a, 0x22, 0x2a, 0x22, 0x2a, 0x22, 0x2a, 0x22, 0xc4, 0x00, 0xc4, 0x00, 0xc4, 0x00, 0xc4, 0x00, 0xc4, 0x00, 0xc4, 0x00, 0xc4, 0x00,
0xc4, 0x00, 0xc4, 0x00, 0xc4, 0x00, 0xc4, 0x00, 0xc4, 0x00, 0xc4, 0x00, 0xc4, 0x00, 0xc4, 0x00, 0xc4, 0x00, 0xc4, 0x00, 0xc4, 0x00, 0xc4, 0x00,
0xc4, 0x00, 0xc4, 0x00, 0xc4, 0x00, 0xc4, 0x00, 0xc4, 0x00, 0xc4, 0x00, 0xc4, 0x00, 0xc4, 0x00, 0xc4, 0x00, 0xc4, 0x00, 0xc4, 0x00, 0xc4, 0x00,
0xc4, 0x00, 0xc4, 0x00, 0xc4, 0x00, 0xc4, 0x00, 0xc4, 0x00, 0xc4, 0x00, 0xc4, 0x00, 0xc4, 0x00, 0xc4, 0x00, 0xc4, 0x00, 0xc4, 0x00, 0xc4, 0x00,
0xc4, 0x00, 0xc4, 0x00, 0xc4, 0x00, 0xc4, 0x00, 0xc4, 0x00, 0xc4, 0x00, 0xc4, 0x00, 0xc4, 0x00, 0xc4, 0x00, 0xc4, 0x00, 0xc4, 0x00, 0xc4, 0x00,
0xc4, 0x00, 0xc4, 0x00, 0xc4, 0x00, 0xc4, 0x00, 0xc4, 0x00, 0xc4, 0x00, 0xc4, 0x00, 0xc4, 0x00, 0xc4, 0x00, 0xc4, 0x00, 0xc4, 0x00, 0xc4, 0x00,
0xc4, 0x00, 0xc4, 0x00, 0xc4, 0x00, 0xc4, 0x00, 0xc4, 0x00, 0xc4, 0x00, 0xc4, 0x00, 0xc4, 0x00, 0xc4, 0x00, 0xc4, 0x00, 0xc4, 0x00, 0xc4, 0x00,
0xc4, 0x00, 0xc4, 0x00, 0xc4, 0x00, 0xc4, 0x00, 0xc4, 0x00, 0xc4, 0x00, 0xc4, 0x00, 0xc4, 0x00, 0xc4, 0x00, 0xc4, 0x00, 0xc4, 0x00, 0x2a, 0x22,
0x2a, 0x22, 0x2a, 0x22, 0x2a, 0x22, 0x2a, 0x22, 0x2a, 0x22, 0x2a, 0x22, 0x2a, 0x22, 0x2a, 0x22, 0x2a, 0x22, 0x2a, 0x22, 0x2a, 0x22, 0x2a, 0x22,
0x2a, 0x22, 0x2a, 0x22, 0x2a, 0x22, 0x2a, 0x22, 0x2a, 0x22, 0x2a, 0x22, 0x2a, 0x22, 0xc4, 0x00, 0xc4, 0x00, 0xc4, 0x00, 0xc4, 0x00, 0xc4, 0x00,
0xc4, 0x00, 0xc4, 0x00, 0xc4, 0x00, 0xc4, 0x00, 0xc4, 0x00, 0xc4, 0x00, 0xc4, 0x00, 0xc4, 0x00, 0xc4, 0x00, 0xc4, 0x00, 0xc4, 0x00, 0xc4, 0x00,
0xc4, 0x00, 0xc4, 0x00, 0xc4, 0x00, 0xc4, 0x00, 0xc4, 0x00, 0xc4, 0x00, 0xc4, 0x00, 0xc4, 0x00, 0xc4, 0x00, 0xc4, 0x00, 0xc4, 0x00, 0xc4, 0x00,
0xc4, 0x00, 0xc4, 0x00, 0xc4, 0x00, 0xc4, 0x00, 0xea, 0xc4, 0xea, 0xc4, 0x2a, 0x22, 0x2a, 0x22, 0x2a, 0x22, 0x2a, 0x22, 0x2a, 0x22, 0x2a, 0x22,
0x2a, 0x22, 0x2a, 0x22, 0x2a, 0x22, 0x2a, 0x22, 0x2a, 0x22, 0x2a, 0x22, 0x2a, 0x22, 0xea, 0xc4, 0x2a, 0x22, 0x2a, 0x22, 0x2a, 0x22, 0x2a, 0x22,
0x2a, 0x22, 0x2a, 0x22, 0xc4, 0x00, 0xc4, 0x00, 0xc4, 0x00, 0xc4, 0x00, 0xc4, 0x00, 0xc4, 0x00, 0xc4, 0x00, 0xc4, 0x00, 0xc4, 0x00, 0xc4, 0x00,
0xc4, 0x00, 0xc4, 0x00, 0xc4, 0x00, 0xc4, 0x00, 0xc4, 0x00, 0xc4, 0x00, 0xc4, 0x00, 0xc4, 0x00, 0xc4, 0x00, 0xc4, 0x00, 0xc4, 0x00, 0xc4, 0x00,
0xc4, 0x00, 0xc4, 0x00, 0xc4, 0x00, 0xc4, 0x00, 0xc4, 0x00, 0xc4, 0x00, 0xc4, 0x00, 0xc4, 0x00, 0xc4, 0x00, 0xc4, 0x00, 0x2a, 0x22, 0x2a, 0x22,
0x2a, 0x22, 0x2a, 0x22, 0x37, 0x4f, 0xc4, 0x00, 0x2a, 0x22, 0x2a, 0x22, 0x2a, 0x22, 0x2a, 0x22, 0x2a, 0x22, 0x2a, 0x22, 0xc4, 0x00, 0x2a, 0x22,
0x2a, 0x22, 0x2a, 0x22, 0xc4, 0x00, 0x2a, 0x22, 0x2a, 0x22, 0xc4, 0x00, 0x2a, 0x22, 0xc4, 0x00, 0xc4, 0x00, 0xc4, 0x00, 0xc4, 0x00, 0xc4, 0x00,
0xc4, 0x00, 0xc4, 0x00, 0xc4, 0x00, 0xc4, 0x00, 0xc4, 0x00, 0xc4, 0x00, 0xc4, 0x00, 0xc4, 0x00, 0xc4, 0x00, 0xc4, 0x00, 0xc4, 0x00, 0xc4, 0x00,
0xc4, 0x00, 0xc4, 0x00, 0xc4, 0x00, 0xc4, 0x00, 0xc4, 0x00, 0xc4, 0x00, 0xc4, 0x00, 0xea, 0xc4, 0xc4, 0x00, 0xc4, 0x00, 0xc4, 0x00, 0xc4, 0x00,
0xc4, 0x00, 0xc4, 0x00, 0xc4, 0x00, 0xc4, 0x00, 0xc4, 0x00, 0xc4, 0x00, 0xc4, 0x00, 0xc4, 0x00, 0xc4, 0x00, 0xc4, 0x00, 0xc4, 0x00, 0xc4, 0x00,
0xc4, 0x00, 0xc4, 0x00, 0xc4, 0x00, 0xc4, 0x00, 0xc4, 0x00, 0xc4, 0x00, 0xc4, 0x00, 0xc4, 0x00, 0xc4, 0x00, 0xc4, 0x00, 0xc4, 0x00, 0xc4, 0x00,
0xc4, 0x00, 0xc4, 0x00, 0xc4, 0x00, 0xc4, 0x00, 0xc4, 0x00, 0xc4, 0x00, 0xc4, 0x00, 0xc4, 0x00, 0xc4, 0x00, 0xc4, 0x00, 0xc4, 0x00, 0xc4, 0x00,
0xc4, 0x00, 0xc4, 0x00, 0xc4, 0x00, 0xc4, 0x00, 0xc4, 0x00, 0xc4, 0x00, 0xc4, 0x00, 0xc4, 0x00, 0xc4, 0x00, 0xc4, 0x00, 0xc4, 0x00, 0xc4, 0x00,
0xc4, 0x00, 0xc4, 0x00, 0xc4, 0x00, 0xc4, 0x00, 0xc4, 0x00, 0xc4, 0x00, 0xc4, 0x00, 0xc4, 0x00, 0xc4, 0x00, 0xc4, 0x00, 0xc4, 0x00, 0x2a, 0x22,
0x2a, 0x22, 0xea, 0xc4, 0x2a, 0x22, 0x2a, 0x22, 0x2a, 0x22, 0x2a, 0x22, 0x2a, 0x22, 0x2a, 0x22, 0x2a, 0x22, 0x2a, 0x22, 0x2a, 0x22, 0x2a, 0x22,
0x2a, 0x22, 0x2a, 0x22, 0x2a, 0x22, 0x2a, 0x22, 0x2a, 0x22, 0x2a, 0x22, 0x2a, 0x22, 0x2a, 0x22, 0x2a, 0x22, 0xc4, 0x00, 0xc4, 0x00, 0xc4, 0x00,
0xc4, 0x00, 0xc4, 0x00, 0xc4, 0x00, 0xc4, 0x00, 0xc4, 0x00, 0xc4, 0x00, 0xc4, 0x00, 0xc4, 0x00, 0xc4, 0x00, 0xc4, 0x00, 0xc4, 0x00, 0xc4, 0x00,
0xc4, 0x00, 0xc4, 0x00, 0xc4, 0x00, 0xc4, 0x00, 0xc4, 0x00, 0xc4, 0x00, 0xc4, 0x00, 0xc4, 0x00, 0xc4, 0x00, 0xc4, 0x00, 0xc4, 0x00, 0xc4, 0x00,
0xc4, 0x00, 0xc4, 0x00, 0xc4, 0x00, 0xc4, 0x00, 0x2a, 0x22, 0x2a, 0x22, 0x2a, 0x22, 0x2a, 0x22, 0x2a, 0x22, 0x2a, 0x22, 0x2a, 0x22, 0x2a, 0x22,
0x2a, 0x22, 0x2a, 0x22, 0x2a, 0x22, 0x2a, 0x22, 0x2a, 0x22, 0x2a, 0x22, 0x2a, 0x22, 0x2a, 0x22, 0x2a, 0x22, 0x37, 0x4f, 0x2a, 0x22, 0x2a, 0x22,
0x2a, 0x22, 0xc4, 0x00, 0xc4, 0x00, 0xc4, 0x00, 0xc4, 0x00, 0xc4, 0x00, 0xc4, 0x00, 0xc4, 0x00, 0xc4, 0x00, 0xc4, 0x00, 0xc4, 0x00, 0xc4, 0x00,
0xc4, 0x00, 0xc4, 0x00, 0xc4, 0x00, 0xc4, 0x00, 0xc4, 0x00, 0xc4, 0x00, 0xc4, 0x00, 0xc4, 0x00, 0xc4, 0x00, 0xc4, 0x00, 0xc4, 0x00, 0xc4, 0x00,
0xc4, 0x00, 0xc4, 0x00, 0xc4, 0x00, 0xc4, 0x00, 0xc4, 0x00, 0xc4, 0x00, 0xc4, 0x00, 0xc4, 0x00, 0xc4, 0x00, 0xc4, 0x00, 0xc4, 0x00, 0x2a, 0x22,
0x2a, 0x22, 0x2a, 0x22, 0xc4, 0x00, 0xc4, 0x00, 0x2a, 0x22, 0x2a, 0x22, 0x2a, 0x22, 0x2a, 0x22, 0x2a, 0x22, 0x2a, 0x22, 0x2a, 0x22, 0x2a, 0x22,
0x2a, 0x22, 0x2a, 0x22, 0xc4, 0x00, 0xc4, 0x00, 0x2a, 0x22, 0x2a, 0x22, 0x2a, 0x22, 0x2a, 0x22, 0xc4, 0x00, 0x2a, 0x22, 0x2a, 0x22, 0xc4, 0x00,
0xc4, 0x00, 0xc4, 0x00, 0xc4, 0x00, 0xc4, 0x00, 0xc4, 0x00, 0xc4, 0x00, 0xc4, 0x00, 0xc4, 0x00, 0xc4, 0x00, 0xc4, 0x00, 0xc4, 0x00, 0xc4, 0x00,
0xc4, 0x00, 0xc4, 0x00, 0xc4, 0x00, 0xea, 0xc4, 0xc4, 0x00, 0xc4, 0x00, 0xc4, 0x00, 0xc4, 0x00, 0xc4, 0x00, 0xc4, 0x00, 0xc4, 0x00, 0xc4, 0x00,
0xc4, 0x00, 0xc4, 0x00, 0xc4, 0x00, 0xc4, 0x00, 0xc4, 0x00, 0xc4, 0x00, 0xc4, 0x00, 0xc4, 0x00, 0xc4, 0x00, 0xc4, 0x00, 0xc4, 0x00, 0xc4, 0x00,
0xc4, 0x00, 0xc4, 0x00, 0xc4, 0x00, 0xc4, 0x00, 0xc4, 0x00, 0xc4, 0x00, 0xc4, 0x00, 0xc4, 0x00, 0xc4, 0x00, 0xc4, 0x00, 0xc4, 0x00, 0xc4, 0x00,
0xc4, 0x00, 0xc4, 0x00, 0xc4, 0x00, 0xc4, 0x00, 0xc4, 0x00, 0xc4, 0x00, 0xc4, 0x00, 0xc4, 0x00, 0xc4, 0x00, 0xc4, 0x00, 0xc4, 0x00, 0xc4, 0x00,
0xc4, 0x00, 0xc4, 0x00, 0xc4, 0x00, 0xc4, 0x00, 0xc4, 0x00, 0xc4, 0x00, 0xc4, 0x00, 0xc4, 0x00, 0xc4, 0x00, 0xc4, 0x00, 0xc4, 0x00, 0xc4, 0x00,
0xc4, 0x00, 0xc4, 0x00, 0xc4, 0x00, 0xc4, 0x00, 0xc4, 0x00, 0xc4, 0x00, 0xc4, 0x00, 0xc4, 0x00, 0xc4, 0x00, 0xc4, 0x00, 0xc4, 0x00, 0x37, 0x4f,
0x2a, 0x22, 0x2a, 0x22, 0x2a, 0x22, 0x2a, 0x22, 0x2a, 0x22, 0x2a, 0x22, 0x2a, 0x22, 0x2a, 0x22, 0x2a, 0x22, 0x2a, 0x22, 0x2a, 0x22, 0x2a, 0x22,
0x2a, 0x22, 0x2a, 0x22, 0x2a, 0x22, 0x2a, 0x22, 0x2a, 0x22, 0x2a, 0x22, 0x2a, 0x22, 0x2a, 0x22, 0x2a, 0x22, 0x2a, 0x22, 0x2a, 0x22, 0x2a, 0x22,
0xc4, 0x00, 0xc4, 0x00, 0xc4, 0x00, 0xc4, 0x00, 0xc4, 0x00, 0xc4, 0x00, 0xc4, 0x00, 0xc4, 0x00, 0xc4, 0x00, 0xc4, 0x00, 0xc4, 0x00, 0xc4, 0x00,
0xc4, 0x00, 0xc4, 0x00, 0xc4, 0x00, 0xc4, 0x00, 0xc4, 0x00, 0xc4, 0x00, 0xc4, 0x00, 0xc4, 0x00, 0xc4, 0x00, 0xc4, 0x00, 0xc4, 0x00, 0xc4, 0x00,
0xc4, 0x00, 0xc4, 0x00, 0xc4, 0x00, 0xc4, 0x00, 0xc4, 0x00, 0x2a, 0x22, 0x2a, 0x22, 0x2a, 0x22, 0x2a, 0x22, 0x2a, 0x22, 0x2a, 0x22, 0x2a, 0x22,
0x2a, 0x22, 0x2a, 0x22, 0x2a, 0x22, 0x2a, 0x22, 0x2a, 0x22, 0xea, 0xc4, 0x2a, 0x22, 0x2a, 0x22, 0x2a, 0x22, 0x2a, 0x22, 0x2a, 0x22, 0x2a, 0x22,
0xc4, 0x00, 0xc4, 0x00, 0xc4, 0x00, 0xc4, 0x00, 0xc4, 0x00, 0xc4, 0x00, 0xc4, 0x00, 0xc4, 0x00, 0xc4, 0x00, 0xc4, 0x00, 0xc4, 0x00, 0xc4, 0x00,
0xc4, 0x00, 0xc4, 0x00, 0xc4, 0x00, 0xc4, 0x00, 0xc4, 0x00, 0xc4, 0x00, 0xc4, 0x00, 0xc4, 0x00, 0xc4, 0x00, 0xc4, 0x00, 0xc4, 0x00, 0xc4, 0x00,
0xc4, 0x00, 0xc4, 0x00, 0xc4, 0x00, 0xc4, 0x00, 0xc4, 0x00, 0xc4, 0x00, 0xc4, 0x00, 0xc4, 0x00, 0xc4, 0x00, 0xc4, 0x00, 0xc4, 0x00, 0xc4, 0x00,
0x2a, 0x22, 0x2a, 0x22, 0x2a, 0x22, 0xc4, 0x00, 0xc4, 0x00, 0x2a, 0x22, 0x2a, 0x22, 0x2a, 0x22, 0x2a, 0x22, 0x2a, 0x22, 0x2a, 0x22, 0x2a, 0x22,
0x2a, 0x22, 0xc4, 0x00, 0x2a, 0x22, 0x2a, 0x22, 0x2a, 0x22, 0x2a, 0x22, 0x2a, 0x22, 0x2a, 0x22, 0x2a, 0x22, 0x2a, 0x22, 0x2a, 0x22, 0x2a, 0x22,
0x2a, 0x22, 0xc4, 0x00, 0xc4, 0x00, 0xc4, 0x00, 0xc4, 0x00, 0x2a, 0x22, 0x2a, 0x22, 0xc4, 0x00, 0xc4, 0x00, 0xc4, 0x00, 0xc4, 0x00, 0xc4, 0x00,
0xc4, 0x00, 0xc4, 0x00, 0xc4, 0x00, 0xc4, 0x00, 0xc4, 0x00, 0xc4, 0x00, 0xc4, 0x00, 0xc4, 0x00, 0xc4, 0x00, 0xc4, 0x00, 0xc4, 0x00, 0xc4, 0x00,
0xc4, 0x00, 0xc4, 0x00, 0xc4, 0x00, 0xc4, 0x00, 0xc4, 0x00, 0xc4, 0x00, 0xc4, 0x00, 0xc4, 0x00, 0xc4, 0x00, 0xc4, 0x00, 0xc4, 0x00, 0xc4, 0x00,
0xc4, 0x00, 0xc4, 0x00, 0xc4, 0x00, 0xc4, 0x00, 0xc4, 0x00, 0xc4, 0x00, 0xc4, 0x00, 0xc4, 0x00, 0xc4, 0x00, 0xc4, 0x00, 0xc4, 0x00, 0xc4, 0x00,
0xc4, 0x00, 0xc4, 0x00, 0xc4, 0x00, 0xc4, 0x00, 0xc4, 0x00, 0xc4, 0x00, 0xc4, 0x00, 0xc4, 0x00, 0xc4, 0x00, 0xc4, 0x00, 0xc4, 0x00, 0xc4, 0x00,
0xc4, 0x00, 0xc4, 0x00, 0xc4, 0x00, 0xc4, 0x00, 0xc4, 0x00, 0xc4, 0x00, 0xc4, 0x00, 0xc4, 0x00, 0xc4, 0x00, 0xc4, 0x00, 0xc4, 0x00, 0xc4, 0x00,
0xc4, 0x00, 0xc4, 0x00, 0xc4, 0x00, 0xc4, 0x00, 0xc4, 0x00, 0xc4, 0x00, 0xc4, 0x00, 0xc4, 0x00, 0xc4, 0x00, 0xc4, 0x00, 0x2a, 0x22, 0x2a, 0x22,
0x2a, 0x22, 0x2a, 0x22, 0x2a, 0x22, 0x2a, 0x22, 0x2a, 0x22, 0x2a, 0x22, 0x2a, 0x22, 0x2a, 0x22, 0x2a, 0x22, 0x2a, 0x22, 0x2a, 0x22, 0x2a, 0x22,
0x37, 0x4f, 0x2a, 0x22, 0x2a, 0x22, 0x2a, 0x22, 0x2a, 0x22, 0x2a, 0x22, 0x2a, 0x22, 0x2a, 0x22, 0x2a, 0x22, 0x2a, 0x22, 0x2a, 0x22, 0x2a, 0x22,
0x2a, 0x22, 0x2a, 0x22, 0xc4, 0x00, 0xc4, 0x00, 0xc4, 0x00, 0xc4, 0x00, 0xc4, 0x00, 0xc4, 0x00, 0xc4, 0x00, 0xc4, 0x00, 0xc4, 0x00, 0xc4, 0x00,
0xc4, 0x00, 0xc4, 0x00, 0xc4, 0x00, 0xc4, 0x00, 0xc4, 0x00, 0xc4, 0x00, 0xc4, 0x00, 0xc4, 0x00, 0xc4, 0x00, 0xc4, 0x00, 0xc4, 0x00, 0xc4, 0x00,
0xc4, 0x00, 0xc4, 0x00, 0xc4, 0x00, 0xc4, 0x00, 0xc4, 0x00, 0xc4, 0x00, 0x2a, 0x22, 0x2a, 0x22, 0x2a, 0x22, 0x2a, 0x22, 0x2a, 0x22, 0x2a, 0x22,
0x2a, 0x22, 0x2a, 0x22, 0x2a, 0x22, 0x2a, 0x22, 0x2a, 0x22, 0xea, 0xc4, 0x2a, 0x22, 0x2a, 0x22, 0x2a, 0x22, 0x2a, 0x22, 0x2a, 0x22, 0x37, 0x4f,
0xc4, 0x00, 0xc4, 0x00, 0xc4, 0x00, 0xc4, 0x00, 0xc4, 0x00, 0xc4, 0x00, 0xc4, 0x00, 0xc4, 0x00, 0xc4, 0x00, 0xc4, 0x00, 0xc4, 0x00, 0xc4, 0x00,
0xc4, 0x00, 0xc4, 0x00, 0xc4, 0x00, 0xc4, 0x00, 0xc4, 0x00, 0xc4, 0x00, 0xc4, 0x00, 0xc4, 0x00, 0xc4, 0x00, 0xc4, 0x00, 0xc4, 0x00, 0xc4, 0x00,
0xc4, 0x00, 0xc4, 0x00, 0xc4, 0x00, 0xc4, 0x00, 0xc4, 0x00, 0xc4, 0x00, 0xc4, 0x00, 0xc4, 0x00, 0xc4, 0x00, 0xc4, 0x00, 0xc4, 0x00, 0xc4, 0x00,
0x2a, 0x22, 0x2a, 0x22, 0x2a, 0x22, 0xc4, 0x00, 0xc4, 0x00, 0xc4, 0x00, 0xc4, 0x00, 0xc4, 0x00, 0x2a, 0x22, 0xc4, 0x00, 0x2a, 0x22, 0x2a, 0x22,
0x2a, 0x22, 0x2a, 0x22, 0x2a, 0x22, 0x2a, 0x22, 0xc4, 0x00, 0x2a, 0x22, 0x2a, 0x22, 0x2a, 0x22, 0x2a, 0x22, 0x2a, 0x22, 0x2a, 0x22, 0x2a, 0x22,
0x2a, 0x22, 0x2a, 0x22, 0x2a, 0x22, 0xc4, 0x00, 0xc4, 0x00, 0xc4, 0x00, 0x2a, 0x22, 0xc4, 0x00, 0xc4, 0x00, 0xc4, 0x00, 0xc4, 0x00, 0xc4, 0x00,
0xc4, 0x00, 0xc4, 0x00, 0xc4, 0x00, 0xc4, 0x00, 0xc4, 0x00, 0xc4, 0x00, 0xc4, 0x00, 0xc4, 0x00, 0xc4, 0x00, 0xc4, 0x00, 0xc4, 0x00, 0xc4, 0x00,
0xc4, 0x00, 0xc4, 0x00, 0xc4, 0x00, 0xc4, 0x00, 0xc4, 0x00, 0xc4, 0x00, 0xc4, 0x00, 0xc4, 0x00, 0xc4, 0x00, 0xc4, 0x00, 0xc4, 0x00, 0xc4, 0x00,
0xc4, 0x00, 0xc4, 0x00, 0xc4, 0x00, 0xc4, 0x00, 0xc4, 0x00, 0xc4, 0x00, 0xc4, 0x00, 0xc4, 0x00, 0xc4, 0x00, 0xc4, 0x00, 0xc4, 0x00, 0xc4, 0x00,
0xc4, 0x00, 0xc4, 0x00, 0xc4, 0x00, 0xc4, 0x00, 0xc4, 0x00, 0xc4, 0x00, 0xc4, 0x00, 0xc4, 0x00, 0xc4, 0x00, 0xc4, 0x00, 0xc4, 0x00, 0xc4, 0x00,
0xc4, 0x00, 0xc4, 0x00, 0xc4, 0x00, 0xc4, 0x00, 0xc4, 0x00, 0xc4, 0x00, 0xc4, 0x00, 0xc4, 0x00, 0xc4, 0x00, 0xc4, 0x00, 0xc4, 0x00, 0xc4, 0x00,
0xc4, 0x00, 0xc4, 0x00, 0xc4, 0x00, 0xc4, 0x00, 0xc4, 0x00, 0xc4, 0x00, 0xc4, 0x00, 0xc4, 0x00, 0xc4, 0x00, 0xc4, 0x00, 0x2a, 0x22, 0x37, 0x4f,
0x2a, 0x22, 0x2a, 0x22, 0x2a, 0x22, 0x2a, 0x22, 0x2a, 0x22, 0x2a, 0x22, 0x2a, 0x22, 0x2a, 0x22, 0x2a, 0x22, 0x2a, 0x22, 0x2a, 0x22, 0x2a, 0x22,
0x2a, 0x22, 0x2a, 0x22, 0x2a, 0x22, 0x2a, 0x22, 0x2a, 0x22, 0x2a, 0x22, 0x2a, 0x22, 0x2a, 0x22, 0x2a, 0x22, 0x2a, 0x22, 0x2a, 0x22, 0x2a, 0x22,
0x2a, 0x22, 0x2a, 0x22, 0x2a, 0x22, 0xc4, 0x00, 0xc4, 0x00, 0xc4, 0x00, 0xc4, 0x00, 0xc4, 0x00, 0xc4, 0x00, 0xc4, 0x00, 0xc4, 0x00, 0xc4, 0x00,
0xc4, 0x00, 0xc4, 0x00, 0xc4, 0x00, 0xc4, 0x00, 0xc4, 0x00, 0xc4, 0x00, 0xc4, 0x00, 0xc4, 0x00, 0xc4, 0x00, 0xc4, 0x00, 0xc4, 0x00, 0xc4, 0x00,
0xc4, 0x00, 0xc4, 0x00, 0xc4, 0x00, 0xc4, 0x00, 0xc4, 0x00, 0xc4, 0x00, 0x2a, 0x22, 0x2a, 0x22, 0x2a, 0x22, 0xea, 0xc4, 0x2a, 0x22, 0x2a, 0x22,
0x2a, 0x22, 0x2a, 0x22, 0x2a, 0x22, 0x2a, 0x22, 0x2a, 0x22, 0x2a, 0x22, 0x2a, 0x22, 0x2a, 0x22, 0x2a, 0x22, 0x2a, 0x22, 0x2a, 0x22, 0xc4, 0x00,
0xc4, 0x00, 0xc4, 0x00, 0xc4, 0x00, 0xc4, 0x00, 0xc4, 0x00, 0xc4, 0x00, 0xc4, 0x00, 0xc4, 0x00, 0xc4, 0x00, 0x37, 0x4f, 0xc4, 0x00, 0xc4, 0x00,
0xc4, 0x00, 0xc4, 0x00, 0xc4, 0x00, 0xc4, 0x00, 0xc4, 0x00, 0xc4, 0x00, 0xc4, 0x00, 0xc4, 0x00, 0xc4, 0x00, 0xc4, 0x00, 0xc4, 0x00, 0xc4, 0x00,
0xc4, 0x00, 0xc4, 0x00, 0xc4, 0x00, 0xc4, 0x00, 0xc4, 0x00, 0xc4, 0x00, 0xc4, 0x00, 0xc4, 0x00, 0xc4, 0x00, 0xc4, 0x00, 0xc4, 0x00, 0xc4, 0x00,
0xc4, 0x00, 0x2a, 0x22, 0x2a, 0x22, 0x2a, 0x22, 0x2a, 0x22, 0xc4, 0x00, 0xc4, 0x00, 0xc4, 0x00, 0xc4, 0x00, 0xc4, 0x00, 0x2a, 0x22, 0x2a, 0x22,
0x2a, 0x22, 0x2a, 0x22, 0xc4, 0x00, 0xc4, 0x00, 0xc4, 0x00, 0xc4, 0x00, 0xc4, 0x00, 0x2a, 0x22, 0xc4, 0x00, 0x2a, 0x22, 0x2a, 0x22, 0x2a, 0x22,
0x2a, 0x22, 0x2a, 0x22, 0x2a, 0x22, 0x2a, 0x22, 0x2a, 0x22, 0x2a, 0x22, 0x2a, 0x22, 0x2a, 0x22, 0x2a, 0x22, 0xc4, 0x00, 0xc4, 0x00, 0xc4, 0x00,
0xc4, 0x00, 0xc4, 0x00, 0xc4, 0x00, 0xc4, 0x00, 0xc4, 0x00, 0xc4, 0x00, 0xc4, 0x00, 0xc4, 0x00, 0xc4, 0x00, 0xc4, 0x00, 0xc4, 0x00, 0xc4, 0x00,
0xc4, 0x00, 0xc4, 0x00, 0xc4, 0x00, 0xc4, 0x00, 0xc4, 0x00, 0xc4, 0x00, 0xc4, 0x00, 0xc4, 0x00, 0xc4, 0x00, 0xc4, 0x00, 0xc4, 0x00, 0xc4, 0x00,
0xc4, 0x00, 0xc4, 0x00, 0xc4, 0x00, 0xc4, 0x00, 0xc4, 0x00, 0xc4, 0x00, 0xc4, 0x00, 0xc4, 0x00, 0xc4, 0x00, 0xc4, 0x00, 0xc4, 0x00, 0xc4, 0x00,
0xc4, 0x00, 0xc4, 0x00, 0xc4, 0x00, 0xc4, 0x00, 0xc4, 0x00, 0xc4, 0x00, 0xc4, 0x00, 0xc4, 0x00, 0xc4, 0x00, 0xc4, 0x00, 0xc4, 0x00, 0xc4, 0x00,
0xc4, 0x00, 0xc4, 0x00, 0xc4, 0x00, 0xc4, 0x00, 0xc4, 0x00, 0xc4, 0x00, 0xc4, 0x00, 0xc4, 0x00, 0xc4, 0x00, 0xc4, 0x00, 0xc4, 0x00, 0xc4, 0x00,
0xc4, 0x00, 0xc4, 0x00, 0xc4, 0x00, 0xc4, 0x00, 0xc4, 0x00, 0xc4, 0x00, 0xc4, 0x00, 0xc4, 0x00, 0xc4, 0x00, 0xc4, 0x00, 0xc4, 0x00, 0x2a, 0x22,
0x37, 0x4f, 0x37, 0x4f, 0x2a, 0x22, 0x2a, 0x22, 0x2a, 0x22, 0x2a, 0x22, 0x2a, 0x22, 0x2a, 0x22, 0x2a, 0x22, 0x2a, 0x22, 0x2a, 0x22, 0x2a, 0x22,
0x2a, 0x22, 0x2a, 0x22, 0x2a, 0x22, 0x2a, 0x22, 0x2a, 0x22, 0x2a, 0x22, 0x2a, 0x22, 0x2a, 0x22, 0x2a, 0x22, 0x2a, 0x22, 0x2a, 0x22, 0x2a, 0x22,
0x2a, 0x22, 0x2a, 0x22, 0x2a, 0x22, 0xc4, 0x00, 0xc4, 0x00, 0xc4, 0x00, 0xc4, 0x00, 0xc4, 0x00, 0xc4, 0x00, 0xc4, 0x00, 0xc4, 0x00, 0xc4, 0x00,
0xc4, 0x00, 0xc4, 0x00, 0xc4, 0x00, 0xc4, 0x00, 0xc4, 0x00, 0xc4, 0x00, 0xc4, 0x00, 0xc4, 0x00, 0xc4, 0x00, 0xc4, 0x00, 0xc4, 0x00, 0xc4, 0x00,
0xc4, 0x00, 0xc4, 0x00, 0xc4, 0x00, 0xc4, 0x00, 0xc4, 0x00, 0xc4, 0x00, 0xc4, 0x00, 0x2a, 0x22, 0x2a, 0x22, 0x2a, 0x22, 0x2a, 0x22, 0x2a, 0x22,
0x2a, 0x22, 0x2a, 0x22, 0x2a, 0x22, 0x2a, 0x22, 0x2a, 0x22, 0x2a, 0x22, 0x2a, 0x22, 0x2a, 0x22, 0x2a, 0x22, 0xea, 0xc4, 0x2a, 0x22, 0x37, 0x4f,
0xc4, 0x00, 0xc4, 0x00, 0xc4, 0x00, 0xc4, 0x00, 0xc4, 0x00, 0xc4, 0x00, 0xc4, 0x00, 0xc4, 0x00, 0xc4, 0x00, 0xc4, 0x00, 0xc4, 0x00, 0xc4, 0x00,
0xc4, 0x00, 0xc4, 0x00, 0xc4, 0x00, 0xc4, 0x00, 0xc4, 0x00, 0xc4, 0x00, 0xc4, 0x00, 0xc4, 0x00, 0xc4, 0x00, 0xc4, 0x00, 0xc4, 0x00, 0xc4, 0x00,
0xc4, 0x00, 0xc4, 0x00, 0xc4, 0x00, 0xc4, 0x00, 0xc4, 0x00, 0xc4, 0x00, 0xc4, 0x00, 0xc4, 0x00, 0xc4, 0x00, 0xc4, 0x00, 0xc4, 0x00, 0xc4, 0x00,
0xc4, 0x00, 0xc4, 0x00, 0x2a, 0x22, 0x37, 0x4f, 0x2a, 0x22, 0x2a, 0x22, 0x2a, 0x22, 0x2a, 0x22, 0xc4, 0x00, 0xc4, 0x00, 0xc4, 0x00, 0xc4, 0x00,
0xc4, 0x00, 0xc4, 0x00, 0xc4, 0x00, 0xc4, 0x00, 0xc4, 0x00, 0xc4, 0x00, 0xc4, 0x00, 0x2a, 0x22, 0xc4, 0x00, 0x2a, 0x22, 0x2a, 0x22, 0x2a, 0x22,
0x2a, 0x22, 0x2a, 0x22, 0x2a, 0x22, 0x2a, 0x22, 0xc4, 0x00, 0xc4, 0x00, 0xc4, 0x00, 0xc4, 0x00, 0x2a, 0x22, 0x2a, 0x22, 0x2a, 0x22, 0xc4, 0x00,
0xc4, 0x00, 0xc4, 0x00, 0xc4, 0x00, 0xc4, 0x00, 0xc4, 0x00, 0xc4, 0x00, 0xc4, 0x00, 0xc4, 0x00, 0xc4, 0x00, 0xc4, 0x00, 0xc4, 0x00, 0xc4, 0x00,
0xc4, 0x00, 0xc4, 0x00, 0xc4, 0x00, 0xc4, 0x00, 0xc4, 0x00, 0xc4, 0x00, 0xc4, 0x00, 0xc4, 0x00, 0xc4, 0x00, 0xc4, 0x00, 0xc4, 0x00, 0xc4, 0x00,
0xc4, 0x00, 0xc4, 0x00, 0xc4, 0x00, 0xc4, 0x00, 0xc4, 0x00, 0xc4, 0x00, 0xc4, 0x00, 0xc4, 0x00, 0xc4, 0x00, 0xc4, 0x00, 0xc4, 0x00, 0xc4, 0x00,
0xc4, 0x00, 0xc4, 0x00, 0xc4, 0x00, 0xc4, 0x00, 0xc4, 0x00, 0xc4, 0x00, 0xc4, 0x00, 0xc4, 0x00, 0xc4, 0x00, 0xc4, 0x00, 0xc4, 0x00, 0xc4, 0x00,
0xc4, 0x00, 0xc4, 0x00, 0xc4, 0x00, 0xc4, 0x00, 0xc4, 0x00, 0xc4, 0x00, 0xc4, 0x00, 0xc4, 0x00, 0xc4, 0x00, 0xc4, 0x00, 0xc4, 0x00, 0xc4, 0x00,
0xc4, 0x00, 0xc4, 0x00, 0xc4, 0x00, 0xc4, 0x00, 0xc4, 0x00, 0xc4, 0x00, 0xc4, 0x00, 0xc4, 0x00, 0xc4, 0x00, 0xc4, 0x00, 0xc4, 0x00, 0xc4, 0x00,
0x37, 0x4f, 0x37, 0x4f, 0x2a, 0x22, 0x2a, 0x22, 0x2a, 0x22, 0x2a, 0x22, 0x2a, 0x22, 0x2a, 0x22, 0x2a, 0x22, 0x2a, 0x22, 0x2a, 0x22, 0x2a, 0x22,
0x2a, 0x22, 0x2a, 0x22, 0x2a, 0x22, 0x2a, 0x22, 0x2a, 0x22, 0x2a, 0x22, 0x2a, 0x22, 0x2a, 0x22, 0x2a, 0x22, 0x2a, 0x22, 0x2a, 0x22, 0x2a, 0x22,
0x2a, 0x22, 0x2a, 0x22, 0x37, 0x4f, 0x37, 0x4f, 0xc4, 0x00, 0xc4, 0x00, 0xc4, 0x00, 0xc4, 0x00, 0xc4, 0x00, 0xc4, 0x00, 0xc4, 0x00, 0xc4, 0x00,
0xc4, 0x00, 0xc4, 0x00, 0xc4, 0x00, 0xc4, 0x00, 0xc4, 0x00, 0xc4, 0x00, 0xc4, 0x00, 0xc4, 0x00, 0xc4, 0x00, 0xc4, 0x00, 0xc4, 0x00, 0xc4, 0x00,
0xc4, 0x00, 0xc4, 0x00, 0xc4, 0x00, 0xc4, 0x00, 0xc4, 0x00, 0xc4, 0x00, 0xc4, 0x00, 0x2a, 0x22, 0x2a, 0x22, 0x2a, 0x22, 0x2a, 0x22, 0x2a, 0x22,
0x2a, 0x22, 0x2a, 0x22, 0x2a, 0x22, 0x2a, 0x22, 0x2a, 0x22, 0x2a, 0x22, 0x2a, 0x22, 0x2a, 0x22, 0x2a, 0x22, 0x2a, 0x22, 0x2a, 0x22, 0x2a, 0x22,
0xc4, 0x00, 0xc4, 0x00, 0xc4, 0x00, 0xc4, 0x00, 0xc4, 0x00, 0xc4, 0x00, 0xc4, 0x00, 0xc4, 0x00, 0xc4, 0x00, 0xc4, 0x00, 0xc4, 0x00, 0xc4, 0x00,
0xc4, 0x00, 0xc4, 0x00, 0xc4, 0x00, 0xc4, 0x00, 0xc4, 0x00, 0xc4, 0x00, 0xc4, 0x00, 0xc4, 0x00, 0xc4, 0x00, 0xc4, 0x00, 0xc4, 0x00, 0xc4, 0x00,
0xc4, 0x00, 0xc4, 0x00, 0xc4, 0x00, 0xc4, 0x00, 0xc4, 0x00, 0xc4, 0x00, 0xc4, 0x00, 0xc4, 0x00, 0xc4, 0x00, 0xc4, 0x00, 0xc4, 0x00, 0xc4, 0x00,
0xc4, 0x00, 0xc4, 0x00, 0xc4, 0x00, 0xc4, 0x00, 0xc4, 0x00, 0x2a, 0x22, 0x2a, 0x22, 0x2a, 0x22, 0x2a, 0x22, 0x2a, 0x22, 0x2a, 0x22, 0x2a, 0x22,
0x2a, 0x22, 0xc4, 0x00, 0x2a, 0x22, 0x2a, 0x22, 0xc4, 0x00, 0xc4, 0x00, 0xc4, 0x00, 0xc4, 0x00, 0xc4, 0x00, 0x2a, 0x22, 0x2a, 0x22, 0x2a, 0x22,
0x2a, 0x22, 0x2a, 0x22, 0x2a, 0x22, 0x2a, 0x22, 0x2a, 0x22, 0xc4, 0x00, 0xc4, 0x00, 0xc4, 0x00, 0xc4, 0x00, 0xc4, 0x00, 0x2a, 0x22, 0x2a, 0x22,
0xc4, 0x00, 0xc4, 0x00, 0xc4, 0x00, 0xc4, 0x00, 0xc4, 0x00, 0xc4, 0x00, 0xc4, 0x00, 0xc4, 0x00, 0xc4, 0x00, 0xc4, 0x00, 0xc4, 0x00, 0xc4, 0x00,
0xc4, 0x00, 0xc4, 0x00, 0xc4, 0x00, 0xc4, 0x00, 0xc4, 0x00, 0xc4, 0x00, 0xc4, 0x00, 0xc4, 0x00, 0xc4, 0x00, 0xc4, 0x00, 0xc4, 0x00, 0xc4, 0x00,
0xc4, 0x00, 0xc4, 0x00, 0xc4, 0x00, 0xc4, 0x00, 0xc4, 0x00, 0xc4, 0x00, 0xc4, 0x00, 0xc4, 0x00, 0xc4, 0x00, 0xc4, 0x00, 0xc4, 0x00, 0xc4, 0x00,
0xc4, 0x00, 0xc4, 0x00, 0xc4, 0x00, 0xc4, 0x00, 0xc4, 0x00, 0xc4, 0x00, 0xc4, 0x00, 0xc4, 0x00, 0xc4, 0x00, 0xc4, 0x00, 0xc4, 0x00, 0xc4, 0x00,
0xc4, 0x00, 0xc4, 0x00, 0xc4, 0x00, 0xc4, 0x00, 0xc4, 0x00, 0xc4, 0x00, 0xc4, 0x00, 0xc4, 0x00, 0xc4, 0x00, 0xc4, 0x00, 0xc4, 0x00, 0xc4, 0x00,
0xc4, 0x00, 0xc4, 0x00, 0xc4, 0x00, 0xc4, 0x00, 0xc4, 0x00, 0xc4, 0x00, 0xc4, 0x00, 0xc4, 0x00, 0xc4, 0x00, 0xc4, 0x00, 0xc4, 0x00, 0xc4, 0x00,
0x2a, 0x22, 0x2a, 0x22, 0x2a, 0x22, 0x2a, 0x22, 0x2a, 0x22, 0x2a, 0x22, 0x2a, 0x22, 0x2a, 0x22, 0x2a, 0x22, 0x2a, 0x22, 0x2a, 0x22, 0x2a, 0x22,
0x2a, 0x22, 0x2a, 0x22, 0x2a, 0x22, 0x2a, 0x22, 0x2a, 0x22, 0x2a, 0x22, 0x2a, 0x22, 0x2a, 0x22, 0x2a, 0x22, 0x2a, 0x22, 0x2a, 0x22, 0x2a, 0x22,
0x2a, 0x22, 0x2a, 0x22, 0x37, 0x4f, 0xc4, 0x00, 0xc4, 0x00, 0xc4, 0x00, 0xc4, 0x00, 0xc4, 0x00, 0xc4, 0x00, 0xc4, 0x00, 0xc4, 0x00, 0xc4, 0x00,
0xc4, 0x00, 0xc4, 0x00, 0xc4, 0x00, 0xc4, 0x00, 0xc4, 0x00, 0xc4, 0x00, 0xc4, 0x00, 0xc4, 0x00, 0xc4, 0x00, 0xc4, 0x00, 0xc4, 0x00, 0xc4, 0x00,
0xc4, 0x00, 0xc4, 0x00, 0xc4, 0x00, 0xc4, 0x00, 0xc4, 0x00, 0xc4, 0x00, 0xc4, 0x00, 0xea, 0xc4, 0x2a, 0x22, 0x2a, 0x22, 0x2a, 0x22, 0x2a, 0x22,
0x2a, 0x22, 0x2a, 0x22, 0x2a, 0x22, 0x2a, 0x22, 0x2a, 0x22, 0x2a, 0x22, 0x2a, 0x22, 0x2a, 0x22, 0x2a, 0x22, 0x2a, 0x22, 0x2a, 0x22, 0x2a, 0x22,
0xc4, 0x00, 0xc4, 0x00, 0xc4, 0x00, 0xc4, 0x00, 0xc4, 0x00, 0xc4, 0x00, 0xc4, 0x00, 0xc4, 0x00, 0xc4, 0x00, 0xc4, 0x00, 0xc4, 0x00, 0xc4, 0x00,
0xc4, 0x00, 0xc4, 0x00, 0xc4, 0x00, 0xc4, 0x00, 0xc4, 0x00, 0xc4, 0x00, 0xc4, 0x00, 0xc4, 0x00, 0xc4, 0x00, 0xc4, 0x00, 0xc4, 0x00, 0xc4, 0x00,
0xc4, 0x00, 0xc4, 0x00, 0xc4, 0x00, 0xc4, 0x00, 0xc4, 0x00, 0xc4, 0x00, 0xc4, 0x00, 0xc4, 0x00, 0xc4, 0x00, 0xc4, 0x00, 0xc4, 0x00, 0xc4, 0x00,
0xc4, 0x00, 0xc4, 0x00, 0xc4, 0x00, 0xc4, 0x00, 0xc4, 0x00, 0xc4, 0x00, 0xc4, 0x00, 0xc4, 0x00, 0xc4, 0x00, 0xc4, 0x00, 0x2a, 0x22, 0x2a, 0x22,
0xc4, 0x00, 0x2a, 0x22, 0xea, 0xc4, 0xc4, 0x00, 0xc4, 0x00, 0xc4, 0x00, 0xc4, 0x00, 0xc4, 0x00, 0xc4, 0x00, 0xc4, 0x00, 0xc4, 0x00, 0xc4, 0x00,
0x2a, 0x22, 0xc4, 0x00, 0xc4, 0x00, 0xea, 0xc4, 0x2a, 0x22, 0x2a, 0x22, 0xc4, 0x00, 0xc4, 0x00, 0xc4, 0x00, 0xc4, 0x00, 0x2a, 0x22, 0xea, 0xc4,
0x2a, 0x22, 0xc4, 0x00, 0xc4, 0x00, 0xc4, 0x00, 0xc4, 0x00, 0xc4, 0x00, 0xc4, 0x00, 0xc4, 0x00, 0xc4, 0x00, 0xc4, 0x00, 0xc4, 0x00, 0xea, 0xc4,
0xc4, 0x00, 0xc4, 0x00, 0xc4, 0x00, 0xc4, 0x00, 0xc4, 0x00, 0xc4, 0x00, 0xc4, 0x00, 0xc4, 0x00, 0xc4, 0x00, 0xc4, 0x00, 0xc4, 0x00, 0xc4, 0x00,
0xc4, 0x00, 0xc4, 0x00, 0xc4, 0x00, 0xc4, 0x00, 0xc4, 0x00, 0xc4, 0x00, 0xc4, 0x00, 0xc4, 0x00, 0xc4, 0x00, 0xc4, 0x00, 0xc4, 0x00, 0xc4, 0x00,
0xc4, 0x00, 0xc4, 0x00, 0xc4, 0x00, 0xc4, 0x00, 0xc4, 0x00, 0xc4, 0x00, 0xc4, 0x00, 0xc4, 0x00, 0xc4, 0x00, 0xc4, 0x00, 0xc4, 0x00, 0xc4, 0x00,
0xc4, 0x00, 0xc4, 0x00, 0xc4, 0x00, 0xc4, 0x00, 0xc4, 0x00, 0xc4, 0x00, 0xc4, 0x00, 0xc4, 0x00, 0xc4, 0x00, 0xc4, 0x00, 0xc4, 0x00, 0xc4, 0x00,
0xc4, 0x00, 0xc4, 0x00, 0xc4, 0x00, 0xc4, 0x00, 0xc4, 0x00, 0xc4, 0x00, 0xc4, 0x00, 0xc4, 0x00, 0xc4, 0x00, 0xc4, 0x00, 0xc4, 0x00, 0xc4, 0x00,
0xc4, 0x00, 0x2a, 0x22, 0x2a, 0x22, 0x2a, 0x22, 0x2a, 0x22, 0x2a, 0x22, 0x2a, 0x22, 0x2a, 0x22, 0x2a, 0x22, 0x2a, 0x22, 0x2a, 0x22, 0x2a, 0x22,
0x2a, 0x22, 0x2a, 0x22, 0x2a, 0x22, 0x2a, 0x22, 0x2a, 0x22, 0x2a, 0x22, 0x2a, 0x22, 0x2a, 0x22, 0x2a, 0x22, 0x2a, 0x22, 0x2a, 0x22, 0x2a, 0x22,
0x2a, 0x22, 0x2a, 0x22, 0xc4, 0x00, 0xc4, 0x00, 0xc4, 0x00, 0xc4, 0x00, 0xc4, 0x00, 0xc4, 0x00, 0xc4, 0x00, 0xc4, 0x00, 0xc4, 0x00, 0xc4, 0x00,
0xc4, 0x00, 0xc4, 0x00, 0xc4, 0x00, 0xc4, 0x00, 0xc4, 0x00, 0xc4, 0x00, 0xc4, 0x00, 0xc4, 0x00, 0xc4, 0x00, 0xc4, 0x00, 0xc4, 0x00, 0xc4, 0x00,
0xc4, 0x00, 0xc4, 0x00, 0xc4, 0x00, 0xc4, 0x00, 0xc4, 0x00, 0xc4, 0x00, 0xc4, 0x00, 0x2a, 0x22, 0x2a, 0x22, 0x2a, 0x22, 0x2a, 0x22, 0x2a, 0x22,
0x2a, 0x22, 0x2a, 0x22, 0x2a, 0x22, 0x2a, 0x22, 0x2a, 0x22, 0x2a, 0x22, 0x2a, 0x22, 0x2a, 0x22, 0x2a, 0x22, 0x2a, 0x22, 0x2a, 0x22, 0x2a, 0x22,
0xc4, 0x00, 0xc4, 0x00, 0xc4, 0x00, 0xc4, 0x00, 0x2a, 0x22, 0xc4, 0x00, 0xc4, 0x00, 0xc4, 0x00, 0xc4, 0x00, 0xc4, 0x00, 0xc4, 0x00, 0xc4, 0x00,
0xc4, 0x00, 0xc4, 0x00, 0xc4, 0x00, 0xc4, 0x00, 0xc4, 0x00, 0xc4, 0x00, 0xc4, 0x00, 0xc4, 0x00, 0xc4, 0x00, 0xc4, 0x00, 0xc4, 0x00, 0xc4, 0x00,
0xc4, 0x00, 0xc4, 0x00, 0xc4, 0x00, 0xc4, 0x00, 0xc4, 0x00, 0xc4, 0x00, 0xc4, 0x00, 0xc4, 0x00, 0xc4, 0x00, 0xc4, 0x00, 0xc4, 0x00, 0xc4, 0x00,
0xc4, 0x00, 0xc4, 0x00, 0xc4, 0x00, 0xc4, 0x00, 0xc4, 0x00, 0xc4, 0x00, 0xc4, 0x00, 0xc4, 0x00, 0xc4, 0x00, 0xc4, 0x00, 0xc4, 0x00, 0xc4, 0x00,
0xc4, 0x00, 0xc4, 0x00, 0xc4, 0x00, 0xc4, 0x00, 0xc4, 0x00, 0xc4, 0x00, 0x2a, 0x22, 0x2a, 0x22, 0x2a, 0x22, 0x2a, 0x22, 0xc4, 0x00, 0xc4, 0x00,
0x2a, 0x22, 0xc4, 0x00, 0xc4, 0x00, 0xc4, 0x00, 0xc4, 0x00, 0x2a, 0x22, 0xc4, 0x00, 0xc4, 0x00, 0xc4, 0x00, 0xc4, 0x00, 0xc4, 0x00, 0xc4, 0x00,
0x2a, 0x22, 0xc4, 0x00, 0xc4, 0x00, 0xc4, 0x00, 0xc4, 0x00, 0xc4, 0x00, 0xc4, 0x00, 0xc4, 0x00, 0xc4, 0x00, 0xc4, 0x00, 0xc4, 0x00, 0xc4, 0x00,
0xc4, 0x00, 0xc4, 0x00, 0xc4, 0x00, 0xc4, 0x00, 0xc4, 0x00, 0xc4, 0x00, 0xc4, 0x00, 0xc4, 0x00, 0xc4, 0x00, 0xc4, 0x00, 0xc4, 0x00, 0xc4, 0x00,
0xc4, 0x00, 0xc4, 0x00, 0xc4, 0x00, 0xc4, 0x00, 0xc4, 0x00, 0xc4, 0x00, 0xc4, 0x00, 0xc4, 0x00, 0xc4, 0x00, 0xc4, 0x00, 0xc4, 0x00, 0xc4, 0x00,
0xc4, 0x00, 0xc4, 0x00, 0xc4, 0x00, 0xc4, 0x00, 0xc4, 0x00, 0xc4, 0x00, 0xc4, 0x00, 0xc4, 0x00, 0xc4, 0x00, 0xc4, 0x00, 0xc4, 0x00, 0xc4, 0x00,
0xc4, 0x00, 0xc4, 0x00, 0xc4, 0x00, 0xc4, 0x00, 0xc4, 0x00, 0xc4, 0x00, 0xc4, 0x00, 0xc4, 0x00, 0xc4, 0x00, 0xc4, 0x00, 0xc4, 0x00, 0xc4, 0x00,
0xc4, 0x00, 0xc4, 0x00, 0xc4, 0x00, 0xc4, 0x00, 0xc4, 0x00, 0xc4, 0x00, 0xc4, 0x00, 0xc4, 0x00, 0xc4, 0x00, 0xc4, 0x00, 0xc4, 0x00, 0xc4, 0x00,
0xc4, 0x00, 0x37, 0x4f, 0x2a, 0x22, 0x2a, 0x22, 0x2a, 0x22, 0x2a, 0x22, 0x2a, 0x22, 0x2a, 0x22, 0x2a, 0x22, 0x2a, 0x22, 0x2a, 0x22, 0x2a, 0x22,
0x2a, 0x22, 0x2a, 0x22, 0x2a, 0x22, 0x2a, 0x22, 0x2a, 0x22, 0x2a, 0x22, 0x2a, 0x22, 0x2a, 0x22, 0x2a, 0x22, 0x2a, 0x22, 0x2a, 0x22, 0x2a, 0x22,
0x2a, 0x22, 0xc4, 0x00, 0xc4, 0x00, 0xc4, 0x00, 0xc4, 0x00, 0xc4, 0x00, 0xc4, 0x00, 0xc4, 0x00, 0xc4, 0x00, 0xc4, 0x00, 0xc4, 0x00, 0xc4, 0x00,
0xc4, 0x00, 0xc4, 0x00, 0xc4, 0x00, 0xc4, 0x00, 0xc4, 0x00, 0xc4, 0x00, 0xc4, 0x00, 0xc4, 0x00, 0xc4, 0x00, 0xc4, 0x00, 0xc4, 0x00, 0xc4, 0x00,
0xc4, 0x00, 0xc4, 0x00, 0xc4, 0x00, 0xc4, 0x00, 0xc4, 0x00, 0xc4, 0x00, 0xc4, 0x00, 0x2a, 0x22, 0x2a, 0x22, 0x2a, 0x22, 0x2a, 0x22, 0x2a, 0x22,
0x2a, 0x22, 0x2a, 0x22, 0x2a, 0x22, 0x2a, 0x22, 0x2a, 0x22, 0x2a, 0x22, 0x2a, 0x22, 0x2a, 0x22, 0x2a, 0x22, 0x2a, 0x22, 0x2a, 0x22, 0x2a, 0x22,
0xc4, 0x00, 0xea, 0xc4, 0xc4, 0x00, 0xc4, 0x00, 0x2a, 0x22, 0x2a, 0x22, 0xc4, 0x00, 0xc4, 0x00, 0xc4, 0x00, 0xc4, 0x00, 0xc4, 0x00, 0xc4, 0x00,
0xc4, 0x00, 0xc4, 0x00, 0xc4, 0x00, 0xc4, 0x00, 0xc4, 0x00, 0xc4, 0x00, 0xc4, 0x00, 0xc4, 0x00, 0xc4, 0x00, 0xc4, 0x00, 0xc4, 0x00, 0xc4, 0x00,
0xc4, 0x00, 0xc4, 0x00, 0xc4, 0x00, 0xc4, 0x00, 0xc4, 0x00, 0xc4, 0x00, 0xc4, 0x00, 0xc4, 0x00, 0xc4, 0x00, 0xc4, 0x00, 0xc4, 0x00, 0xc4, 0x00,
0xc4, 0x00, 0xc4, 0x00, 0xc4, 0x00, 0xc4, 0x00, 0xc4, 0x00, 0xc4, 0x00, 0xc4, 0x00, 0xc4, 0x00, 0xc4, 0x00, 0xc4, 0x00, 0xc4, 0x00, 0xc4, 0x00,
0xc4, 0x00, 0xc4, 0x00, 0xc4, 0x00, 0xc4, 0x00, 0xc4, 0x00, 0x2a, 0x22, 0x2a, 0x22, 0x2a, 0x22, 0x2a, 0x22, 0x2a, 0x22, 0xc4, 0x00, 0xc4, 0x00,
0x2a, 0x22, 0x2a, 0x22, 0xc4, 0x00, 0xc4, 0x00, 0xc4, 0x00, 0xc4, 0x00, 0xc4, 0x00, 0xc4, 0x00, 0xc4, 0x00, 0xc4, 0x00, 0xc4, 0x00, 0xc4, 0x00,
0xc4, 0x00, 0xc4, 0x00, 0xc4, 0x00, 0xc4, 0x00, 0xc4, 0x00, 0xc4, 0x00, 0xc4, 0x00, 0xc4, 0x00, 0xc4, 0x00, 0xc4, 0x00, 0xc4, 0x00, 0xc4, 0x00,
0xc4, 0x00, 0xc4, 0x00, 0xc4, 0x00, 0xc4, 0x00, 0xc4, 0x00, 0xea, 0xc4, 0xc4, 0x00, 0xc4, 0x00, 0xc4, 0x00, 0xc4, 0x00, 0xc4, 0x00, 0xc4, 0x00,
0xc4, 0x00, 0xc4, 0x00, 0xc4, 0x00, 0xc4, 0x00, 0xc4, 0x00, 0xc4, 0x00, 0xc4, 0x00, 0xc4, 0x00, 0xc4, 0x00, 0xc4, 0x00, 0xc4, 0x00, 0xc4, 0x00,
0xc4, 0x00, 0xc4, 0x00, 0xc4, 0x00, 0xc4, 0x00, 0xc4, 0x00, 0xc4, 0x00, 0xc4, 0x00, 0xc4, 0x00, 0xc4, 0x00, 0xc4, 0x00, 0xc4, 0x00, 0xc4, 0x00,
0xc4, 0x00, 0xc4, 0x00, 0xc4, 0x00, 0xc4, 0x00, 0xc4, 0x00, 0xc4, 0x00, 0xc4, 0x00, 0xc4, 0x00, 0xc4, 0x00, 0xc4, 0x00, 0xc4, 0x00, 0xc4, 0x00,
0xc4, 0x00, 0xc4, 0x00, 0xc4, 0x00, 0xc4, 0x00, 0xc4, 0x00, 0xc4, 0x00, 0xc4, 0x00, 0xc4, 0x00, 0xc4, 0x00, 0xc4, 0x00, 0xc4, 0x00, 0xc4, 0x00,
0xc4, 0x00, 0x2a, 0x22, 0x37, 0x4f, 0x2a, 0x22, 0x2a, 0x22, 0x37, 0x4f, 0x2a, 0x22, 0x2a, 0x22, 0x2a, 0x22, 0x2a, 0x22, 0x2a, 0x22, 0x2a, 0x22,
0x2a, 0x22, 0x2a, 0x22, 0x2a, 0x22, 0x2a, 0x22, 0x2a, 0x22, 0x2a, 0x22, 0x2a, 0x22, 0x2a, 0x22, 0x2a, 0x22, 0x2a, 0x22, 0x2a, 0x22, 0x2a, 0x22,
0x37, 0x4f, 0xc4, 0x00, 0xc4, 0x00, 0xc4, 0x00, 0xc4, 0x00, 0xc4, 0x00, 0xc4, 0x00, 0xc4, 0x00, 0xc4, 0x00, 0xc4, 0x00, 0xc4, 0x00, 0xc4, 0x00,
0xc4, 0x00, 0xc4, 0x00, 0xc4, 0x00, 0xc4, 0x00, 0xc4, 0x00, 0xc4, 0x00, 0xc4, 0x00, 0xc4, 0x00, 0xc4, 0x00, 0xc4, 0x00, 0xc4, 0x00, 0xc4, 0x00,
0xc4, 0x00, 0xc4, 0x00, 0xc4, 0x00, 0xc4, 0x00, 0xc4, 0x00, 0xc4, 0x00, 0x2a, 0x22, 0x2a, 0x22, 0x2a, 0x22, 0x2a, 0x22, 0x2a, 0x22, 0x2a, 0x22,
0x2a, 0x22, 0x2a, 0x22, 0x2a, 0x22, 0x2a, 0x22, 0x2a, 0x22, 0x2a, 0x22, 0x2a, 0x22, 0x2a, 0x22, 0xea, 0xc4, 0x2a, 0x22, 0x2a, 0x22, 0x2a, 0x22,
0xc4, 0x00, 0xc4, 0x00, 0xc4, 0x00, 0x2a, 0x22, 0x2a, 0x22, 0x2a, 0x22, 0xc4, 0x00, 0xc4, 0x00, 0xc4, 0x00, 0xc4, 0x00, 0xc4, 0x00, 0xc4, 0x00,
0xc4, 0x00, 0xc4, 0x00, 0xc4, 0x00, 0xc4, 0x00, 0xc4, 0x00, 0xc4, 0x00, 0xc4, 0x00, 0xc4, 0x00, 0xc4, 0x00, 0xc4, 0x00, 0xc4, 0x00, 0xc4, 0x00,
0xc4, 0x00, 0xc4, 0x00, 0xc4, 0x00, 0xc4, 0x00, 0xc4, 0x00, 0xc4, 0x00, 0xc4, 0x00, 0xc4, 0x00, 0xc4, 0x00, 0xc4, 0x00, 0xc4, 0x00, 0xc4, 0x00,
0xc4, 0x00, 0xc4, 0x00, 0xc4, 0x00, 0xc4, 0x00, 0xc4, 0x00, 0xc4, 0x00, 0xc4, 0x00, 0xc4, 0x00, 0xc4, 0x00, 0xc4, 0x00, 0xc4, 0x00, 0xc4, 0x00,
0xc4, 0x00, 0xc4, 0x00, 0x2a, 0x22, 0x2a, 0x22, 0x2a, 0x22, 0x2a, 0x22, 0x2a, 0x22, 0x2a, 0x22, 0x2a, 0x22, 0xc4, 0x00, 0xc4, 0x00, 0xc4, 0x00,
0x2a, 0x22, 0x2a, 0x22, 0x2a, 0x22, 0xc4, 0x00, 0xc4, 0x00, 0xc4, 0x00, 0xc4, 0x00, 0xc4, 0x00, 0xc4, 0x00, 0xc4, 0x00, 0xc4, 0x00, 0xc4, 0x00,
0xc4, 0x00, 0xc4, 0x00, 0xc4, 0x00, 0x2a, 0x22, 0xc4, 0x00, 0xc4, 0x00, 0xc4, 0x00, 0xc4, 0x00, 0xc4, 0x00, 0xc4, 0x00, 0xc4, 0x00, 0xc4, 0x00,
0x2a, 0x22, 0xc4, 0x00, 0xc4, 0x00, 0xc4, 0x00, 0xc4, 0x00, 0xc4, 0x00, 0xc4, 0x00, 0xc4, 0x00, 0xc4, 0x00, 0xc4, 0x00, 0xc4, 0x00, 0xc4, 0x00,
0xc4, 0x00, 0xc4, 0x00, 0xc4, 0x00, 0xc4, 0x00, 0xc4, 0x00, 0xc4, 0x00, 0xc4, 0x00, 0xc4, 0x00, 0xc4, 0x00, 0xc4, 0x00, 0xc4, 0x00, 0xc4, 0x00,
0xc4, 0x00, 0xc4, 0x00, 0xc4, 0x00, 0xc4, 0x00, 0xc4, 0x00, 0xc4, 0x00, 0xc4, 0x00, 0xc4, 0x00, 0xc4, 0x00, 0xc4, 0x00, 0xc4, 0x00, 0xc4, 0x00,
0xc4, 0x00, 0xc4, 0x00, 0xc4, 0x00, 0xc4, 0x00, 0xc4, 0x00, 0xc4, 0x00, 0xc4, 0x00, 0xc4, 0x00, 0xc4, 0x00, 0xc4, 0x00, 0xc4, 0x00, 0xc4, 0x00,
0xc4, 0x00, 0xc4, 0x00, 0xc4, 0x00, 0xc4, 0x00, 0xc4, 0x00, 0xc4, 0x00, 0xc4, 0x00, 0xc4, 0x00, 0xc4, 0x00, 0xc4, 0x00, 0xc4, 0x00, 0xc4, 0x00,
0xc4, 0x00, 0xc4, 0x00, 0x2a, 0x22, 0x2a, 0x22, 0x2a, 0x22, 0x2a, 0x22, 0x2a, 0x22, 0x2a, 0x22, 0x2a, 0x22, 0x2a, 0x22, 0x2a, 0x22, 0x2a, 0x22,
0x2a, 0x22, 0x2a, 0x22, 0x2a, 0x22, 0x2a, 0x22, 0x2a, 0x22, 0x2a, 0x22, 0x2a, 0x22, 0x2a, 0x22, 0x2a, 0x22, 0x2a, 0x22, 0x2a, 0x22, 0x2a, 0x22,
0x2a, 0x22, 0xc4, 0x00, 0xc4, 0x00, 0xc4, 0x00, 0xc4, 0x00, 0xc4, 0x00, 0xc4, 0x00, 0xc4, 0x00, 0xc4, 0x00, 0xc4, 0x00, 0xc4, 0x00, 0xc4, 0x00,
0xc4, 0x00, 0xc4, 0x00, 0xc4, 0x00, 0xc4, 0x00, 0xc4, 0x00, 0xc4, 0x00, 0xc4, 0x00, 0xc4, 0x00, 0xc4, 0x00, 0xc4, 0x00, 0xc4, 0x00, 0xc4, 0x00,
0xc4, 0x00, 0xc4, 0x00, 0xc4, 0x00, 0xc4, 0x00, 0xc4, 0x00, 0xc4, 0x00, 0x2a, 0x22, 0x2a, 0x22, 0x2a, 0x22, 0x2a, 0x22, 0x2a, 0x22, 0x2a, 0x22,
0x2a, 0x22, 0x2a, 0x22, 0x2a, 0x22, 0x2a, 0x22, 0xea, 0xc4, 0x2a, 0x22, 0x2a, 0x22, 0x2a, 0x22, 0x2a, 0x22, 0x2a, 0x22, 0x2a, 0x22, 0x2a, 0x22,
0xc4, 0x00, 0xc4, 0x00, 0x2a, 0x22, 0x2a, 0x22, 0x2a, 0x22, 0x2a, 0x22, 0xc4, 0x00, 0xc4, 0x00, 0xc4, 0x00, 0xc4, 0x00, 0xc4, 0x00, 0xc4, 0x00,
0xc4, 0x00, 0xc4, 0x00, 0xc4, 0x00, 0xc4, 0x00, 0xc4, 0x00, 0xc4, 0x00, 0xc4, 0x00, 0xc4, 0x00, 0xc4, 0x00, 0xc4, 0x00, 0xc4, 0x00, 0xc4, 0x00,
0xc4, 0x00, 0xc4, 0x00, 0xc4, 0x00, 0xc4, 0x00, 0xc4, 0x00, 0xc4, 0x00, 0xc4, 0x00, 0xc4, 0x00, 0xc4, 0x00, 0xc4, 0x00, 0xc4, 0x00, 0xc4, 0x00,
0xc4, 0x00, 0xc4, 0x00, 0xc4, 0x00, 0xc4, 0x00, 0xc4, 0x00, 0xc4, 0x00, 0xc4, 0x00, 0xc4, 0x00, 0xc4, 0x00, 0xc4, 0x00, 0xc4, 0x00, 0xc4, 0x00,
0xc4, 0x00, 0x2a, 0x22, 0x2a, 0x22, 0x2a, 0x22, 0x2a, 0x22, 0x2a, 0x22, 0x2a, 0x22, 0x2a, 0x22, 0x2a, 0x22, 0x2a, 0x22, 0xc4, 0x00, 0x2a, 0x22,
0x2a, 0x22, 0x2a, 0x22, 0x2a, 0x22, 0xc4, 0x00, 0xc4, 0x00, 0xc4, 0x00, 0xc4, 0x00, 0xc4, 0x00, 0xc4, 0x00, 0xc4, 0x00, 0xc4, 0x00, 0xc4, 0x00,
0xc4, 0x00, 0xc4, 0x00, 0xc4, 0x00, 0x2a, 0x22, 0xc4, 0x00, 0xc4, 0x00, 0xc4, 0x00, 0xc4, 0x00, 0xc4, 0x00, 0xc4, 0x00, 0xc4, 0x00, 0x2a, 0x22,
0x2a, 0x22, 0xc4, 0x00, 0xc4, 0x00, 0xc4, 0x00, 0xc4, 0x00, 0xc4, 0x00, 0xc4, 0x00, 0xc4, 0x00, 0xc4, 0x00, 0xc4, 0x00, 0xc4, 0x00, 0xc4, 0x00,
0xc4, 0x00, 0xc4, 0x00, 0xc4, 0x00, 0xc4, 0x00, 0xc4, 0x00, 0xc4, 0x00, 0xc4, 0x00, 0xc4, 0x00, 0xc4, 0x00, 0xc4, 0x00, 0xc4, 0x00, 0xc4, 0x00,
0xc4, 0x00, 0xc4, 0x00, 0xc4, 0x00, 0xc4, 0x00, 0xc4, 0x00, 0xc4, 0x00, 0xc4, 0x00, 0xc4, 0x00, 0xc4, 0x00, 0xc4, 0x00, 0xc4, 0x00, 0xc4, 0x00,
0xc4, 0x00, 0xc4, 0x00, 0xc4, 0x00, 0xc4, 0x00, 0xc4, 0x00, 0xc4, 0x00, 0xc4, 0x00, 0xc4, 0x00, 0xc4, 0x00, 0xc4, 0x00, 0xc4, 0x00, 0xc4, 0x00,
0xc4, 0x00, 0xc4, 0x00, 0xc4, 0x00, 0xc4, 0x00, 0xc4, 0x00, 0xc4, 0x00, 0xc4, 0x00, 0xc4, 0x00, 0xc4, 0x00, 0xc4, 0x00, 0xc4, 0x00, 0xc4, 0x00,
0xc4, 0x00, 0xc4, 0x00, 0xc4, 0x00, 0x2a, 0x22, 0x2a, 0x22, 0x37, 0x4f, 0x2a, 0x22, 0x2a, 0x22, 0x2a, 0x22, 0x2a, 0x22, 0x2a, 0x22, 0x2a, 0x22,
0x2a, 0x22, 0x2a, 0x22, 0x2a, 0x22, 0x2a, 0x22, 0x2a, 0x22, 0x2a, 0x22, 0x2a, 0x22, 0x37, 0x4f, 0x2a, 0x22, 0x2a, 0x22, 0x2a, 0x22, 0x2a, 0x22,
0x2a, 0x22, 0xc4, 0x00, 0xc4, 0x00, 0xc4, 0x00, 0xc4, 0x00, 0xc4, 0x00, 0xc4, 0x00, 0xc4, 0x00, 0xc4, 0x00, 0xc4, 0x00, 0xc4, 0x00, 0xc4, 0x00,
0xc4, 0x00, 0xc4, 0x00, 0xc4, 0x00, 0xc4, 0x00, 0xc4, 0x00, 0xc4, 0x00, 0xc4, 0x00, 0xc4, 0x00, 0xc4, 0x00, 0xc4, 0x00, 0xc4, 0x00, 0xc4, 0x00,
0xc4, 0x00, 0xc4, 0x00, 0xc4, 0x00, 0xc4, 0x00, 0xc4, 0x00, 0xc4, 0x00, 0x2a, 0x22, 0x2a, 0x22, 0x2a, 0x22, 0x2a, 0x22, 0x2a, 0x22, 0x2a, 0x22,
0x2a, 0x22, 0x2a, 0x22, 0x2a, 0x22, 0x2a, 0x22, 0x2a, 0x22, 0x2a, 0x22, 0x2a, 0x22, 0x2a, 0x22, 0x2a, 0x22, 0x2a, 0x22, 0x2a, 0x22, 0x2a, 0x22,
0xc4, 0x00, 0x2a, 0x22, 0x2a, 0x22, 0x2a, 0x22, 0x2a, 0x22, 0x2a, 0x22, 0xc4, 0x00, 0xc4, 0x00, 0xc4, 0x00, 0xc4, 0x00, 0xc4, 0x00, 0xc4, 0x00,
0xc4, 0x00, 0xc4, 0x00, 0xc4, 0x00, 0xc4, 0x00, 0xc4, 0x00, 0xc4, 0x00, 0xc4, 0x00, 0xc4, 0x00, 0xc4, 0x00, 0xc4, 0x00, 0xc4, 0x00, 0xc4, 0x00,
0xc4, 0x00, 0xc4, 0x00, 0xc4, 0x00, 0xc4, 0x00, 0xc4, 0x00, 0xc4, 0x00, 0xc4, 0x00, 0xc4, 0x00, 0xc4, 0x00, 0xc4, 0x00, 0xc4, 0x00, 0xc4, 0x00,
0xc4, 0x00, 0xc4, 0x00, 0xc4, 0x00, 0xc4, 0x00, 0xc4, 0x00, 0xc4, 0x00, 0xc4, 0x00, 0xc4, 0x00, 0xc4, 0x00, 0xc4, 0x00, 0xc4, 0x00, 0xc4, 0x00,
0x2a, 0x22, 0x2a, 0x22, 0x2a, 0x22, 0x2a, 0x22, 0x2a, 0x22, 0x2a, 0x22, 0x2a, 0x22, 0x2a, 0x22, 0x2a, 0x22, 0x2a, 0x22, 0x2a, 0x22, 0x2a, 0x22,
0x2a, 0x22, 0x2a, 0x22, 0x2a, 0x22, 0xc4, 0x00, 0xc4, 0x00, 0xc4, 0x00, 0xc4, 0x00, 0xc4, 0x00, 0xc4, 0x00, 0xc4, 0x00, 0xc4, 0x00, 0xc4, 0x00,
0xc4, 0x00, 0xc4, 0x00, 0xc4, 0x00, 0x2a, 0x22, 0xc4, 0x00, 0xc4, 0x00, 0xc4, 0x00, 0xc4, 0x00, 0xc4, 0x00, 0x2a, 0x22, 0x2a, 0x22, 0x2a, 0x22,
0xc4, 0x00, 0xc4, 0x00, 0xc4, 0x00, 0xc4, 0x00, 0xc4, 0x00, 0xc4, 0x00, 0xc4, 0x00, 0xc4, 0x00, 0xc4, 0x00, 0xc4, 0x00, 0xc4, 0x00, 0xc4, 0x00,
0xc4, 0x00, 0xc4, 0x00, 0xc4, 0x00, 0xc4, 0x00, 0xc4, 0x00, 0xc4, 0x00, 0xc4, 0x00, 0xc4, 0x00, 0xc4, 0x00, 0xc4, 0x00, 0xc4, 0x00, 0xc4, 0x00,
0xc4, 0x00, 0xc4, 0x00, 0xc4, 0x00, 0xc4, 0x00, 0xc4, 0x00, 0xc4, 0x00, 0xc4, 0x00, 0xc4, 0x00, 0xc4, 0x00, 0xc4, 0x00, 0xc4, 0x00, 0xc4, 0x00,
0xc4, 0x00, 0xc4, 0x00, 0xc4, 0x00, 0xc4, 0x00, 0xc4, 0x00, 0xc4, 0x00, 0xc4, 0x00, 0xc4, 0x00, 0xc4, 0x00, 0xc4, 0x00, 0xc4, 0x00, 0xc4, 0x00,
0xc4, 0x00, 0xc4, 0x00, 0xc4, 0x00, 0xc4, 0x00, 0xc4, 0x00, 0xc4, 0x00, 0xc4, 0x00, 0xc4, 0x00, 0xc4, 0x00, 0xc4, 0x00, 0xc4, 0x00, 0xc4, 0x00,
0xc4, 0x00, 0xc4, 0x00, 0xc4, 0x00, 0xc4, 0x00, 0x2a, 0x22, 0x2a, 0x22, 0x37, 0x4f, 0x2a, 0x22, 0x37, 0x4f, 0x2a, 0x22, 0x2a, 0x22, 0x2a, 0x22,
0x2a, 0x22, 0x2a, 0x22, 0x2a, 0x22, 0x2a, 0x22, 0x2a, 0x22, 0x2a, 0x22, 0x2a, 0x22, 0x2a, 0x22, 0x2a, 0x22, 0x2a, 0x22, 0x2a, 0x22, 0x2a, 0x22,
0x2a, 0x22, 0xc4, 0x00, 0xc4, 0x00, 0xc4, 0x00, 0xc4, 0x00, 0xc4, 0x00, 0xc4, 0x00, 0xc4, 0x00, 0xc4, 0x00, 0xc4, 0x00, 0xc4, 0x00, 0xc4, 0x00,
0xc4, 0x00, 0xc4, 0x00, 0xc4, 0x00, 0xc4, 0x00, 0xc4, 0x00, 0xc4, 0x00, 0xc4, 0x00, 0xc4, 0x00, 0xc4, 0x00, 0xc4, 0x00, 0xc4, 0x00, 0xc4, 0x00,
0xc4, 0x00, 0xc4, 0x00, 0xc4, 0x00, 0xc4, 0x00, 0xc4, 0x00, 0xc4, 0x00, 0x2a, 0x22, 0x2a, 0x22, 0x2a, 0x22, 0x2a, 0x22, 0x2a, 0x22, 0x2a, 0x22,
0x2a, 0x22, 0x2a, 0x22, 0x2a, 0x22, 0x2a, 0x22, 0x2a, 0x22, 0x2a, 0x22, 0x37, 0x4f, 0x2a, 0x22, 0x2a, 0x22, 0x2a, 0x22, 0xc4, 0x00, 0xc4, 0x00,
0xc4, 0x00, 0x2a, 0x22, 0x2a, 0x22, 0x2a, 0x22, 0x2a, 0x22, 0x2a, 0x22, 0xc4, 0x00, 0xc4, 0x00, 0xc4, 0x00, 0xc4, 0x00, 0xc4, 0x00, 0xc4, 0x00,
0xc4, 0x00, 0xc4, 0x00, 0xc4, 0x00, 0xc4, 0x00, 0xc4, 0x00, 0xc4, 0x00, 0xc4, 0x00, 0xc4, 0x00, 0xc4, 0x00, 0xc4, 0x00, 0xc4, 0x00, 0xc4, 0x00,
0xc4, 0x00, 0xc4, 0x00, 0xc4, 0x00, 0xc4, 0x00, 0xc4, 0x00, 0xc4, 0x00, 0xc4, 0x00, 0xc4, 0x00, 0xc4, 0x00, 0xc4, 0x00, 0xc4, 0x00, 0xc4, 0x00,
0xc4, 0x00, 0xc4, 0x00, 0xc4, 0x00, 0xc4, 0x00, 0xc4, 0x00, 0xc4, 0x00, 0xc4, 0x00, 0xc4, 0x00, 0xc4, 0x00, 0xc4, 0x00, 0xc4, 0x00, 0xc4, 0x00,
0x2a, 0x22, 0x2a, 0x22, 0x2a, 0x22, 0x2a, 0x22, 0x2a, 0x22, 0x2a, 0x22, 0x2a, 0x22, 0x2a, 0x22, 0x2a, 0x22, 0x2a, 0x22, 0x2a, 0x22, 0x2a, 0x22,
0x2a, 0x22, 0x2a, 0x22, 0x2a, 0x22, 0xc4, 0x00, 0xc4, 0x00, 0xc4, 0x00, 0xc4, 0x00, 0xc4, 0x00, 0xc4, 0x00, 0xc4, 0x00, 0xc4, 0x00, 0xc4, 0x00,
0xc4, 0x00, 0xc4, 0x00, 0xc4, 0x00, 0xc4, 0x00, 0xea, 0xc4, 0xc4, 0x00, 0xc4, 0x00, 0xc4, 0x00, 0xc4, 0x00, 0x2a, 0x22, 0xea, 0xc4, 0xc4, 0x00,
0xc4, 0x00, 0xc4, 0x00, 0xc4, 0x00, 0xc4, 0x00, 0xc4, 0x00, 0xc4, 0x00, 0xc4, 0x00, 0xc4, 0x00, 0xc4, 0x00, 0xc4, 0x00, 0xc4, 0x00, 0xc4, 0x00,
0xc4, 0x00, 0xc4, 0x00, 0xc4, 0x00, 0xc4, 0x00, 0xc4, 0x00, 0xc4, 0x00, 0xc4, 0x00, 0xc4, 0x00, 0xc4, 0x00, 0xc4, 0x00, 0xc4, 0x00, 0xc4, 0x00,
0xc4, 0x00, 0xc4, 0x00, 0xc4, 0x00, 0xc4, 0x00, 0xc4, 0x00, 0xc4, 0x00, 0xc4, 0x00, 0xc4, 0x00, 0xc4, 0x00, 0xc4, 0x00, 0xc4, 0x00, 0xc4, 0x00,
0xc4, 0x00, 0xc4, 0x00, 0xc4, 0x00, 0xc4, 0x00, 0xc4, 0x00, 0xc4, 0x00, 0xc4, 0x00, 0xc4, 0x00, 0xc4, 0x00, 0xc4, 0x00, 0xc4, 0x00, 0xc4, 0x00,
0xc4, 0x00, 0xc4, 0x00, 0xc4, 0x00, 0xc4, 0x00, 0xc4, 0x00, 0xc4, 0x00, 0xc4, 0x00, 0xc4, 0x00, 0xc4, 0x00, 0xc4, 0x00, 0xc4, 0x00, 0xc4, 0x00,
0xc4, 0x00, 0xc4, 0x00, 0xc4, 0x00, 0xc4, 0x00, 0xc4, 0x00, 0x2a, 0x22, 0x2a, 0x22, 0x2a, 0x22, 0x2a, 0x22, 0xea, 0xc4, 0x2a, 0x22, 0x2a, 0x22,
0x2a, 0x22, 0x2a, 0x22, 0x2a, 0x22, 0x2a, 0x22, 0x2a, 0x22, 0x2a, 0x22, 0x2a, 0x22, 0x2a, 0x22, 0x2a, 0x22, 0x2a, 0x22, 0x2a, 0x22, 0x2a, 0x22,
0xc4, 0x00, 0xc4, 0x00, 0xc4, 0x00, 0xc4, 0x00, 0xc4, 0x00, 0xc4, 0x00, 0xc4, 0x00, 0xc4, 0x00, 0xc4, 0x00, 0xc4, 0x00, 0xc4, 0x00, 0xc4, 0x00,
0xc4, 0x00, 0xc4, 0x00, 0xc4, 0x00, 0xc4, 0x00, 0xc4, 0x00, 0xc4, 0x00, 0xc4, 0x00, 0xc4, 0x00, 0xc4, 0x00, 0xc4, 0x00, 0xc4, 0x00, 0xc4, 0x00,
0xc4, 0x00, 0xc4, 0x00, 0xc4, 0x00, 0xc4, 0x00, 0xc4, 0x00, 0xc4, 0x00, 0xc4, 0x00, 0x2a, 0x22, 0x2a, 0x22, 0x2a, 0x22, 0x2a, 0x22, 0x2a, 0x22,
0x2a, 0x22, 0x2a, 0x22, 0x2a, 0x22, 0x2a, 0x22, 0x2a, 0x22, 0x2a, 0x22, 0x2a, 0x22, 0x2a, 0x22, 0x2a, 0x22, 0xc4, 0x00, 0xc4, 0x00, 0xc4, 0x00,
0xc4, 0x00, 0xc4, 0x00, 0x2a, 0x22, 0x2a, 0x22, 0xea, 0xc4, 0xc4, 0x00, 0xc4, 0x00, 0xc4, 0x00, 0xc4, 0x00, 0xc4, 0x00, 0xc4, 0x00, 0xc4, 0x00,
0xc4, 0x00, 0xc4, 0x00, 0xc4, 0x00, 0xc4, 0x00, 0xc4, 0x00, 0xc4, 0x00, 0xc4, 0x00, 0xc4, 0x00, 0xc4, 0x00, 0xc4, 0x00, 0xc4, 0x00, 0xc4, 0x00,
0xc4, 0x00, 0xc4, 0x00, 0xc4, 0x00, 0xc4, 0x00, 0xc4, 0x00, 0xc4, 0x00, 0xc4, 0x00, 0xc4, 0x00, 0xc4, 0x00, 0xc4, 0x00, 0xc4, 0x00, 0xc4, 0x00,
0xc4, 0x00, 0xc4, 0x00, 0xc4, 0x00, 0xc4, 0x00, 0xc4, 0x00, 0xc4, 0x00, 0xc4, 0x00, 0xc4, 0x00, 0xc4, 0x00, 0xc4, 0x00, 0x2a, 0x22, 0x2a, 0x22,
0x2a, 0x22, 0x2a, 0x22, 0x2a, 0x22, 0x2a, 0x22, 0x2a, 0x22, 0x2a, 0x22, 0x2a, 0x22, 0x2a, 0x22, 0x2a, 0x22, 0x2a, 0x22, 0x2a, 0x22, 0x2a, 0x22,
0x2a, 0x22, 0x2a, 0x22, 0x2a, 0x22, 0x2a, 0x22, 0x2a, 0x22, 0xc4, 0x00, 0xc4, 0x00, 0xc4, 0x00, 0xc4, 0x00, 0xc4, 0x00, 0xc4, 0x00, 0xc4, 0x00,
0xc4, 0x00, 0x2a, 0x22, 0x2a, 0x22, 0xc4, 0x00, 0xc4, 0x00, 0xc4, 0x00, 0xc4, 0x00, 0xc4, 0x00, 0xc4, 0x00, 0xc4, 0x00, 0xc4, 0x00, 0xc4, 0x00,
0xc4, 0x00, 0xc4, 0x00, 0xc4, 0x00, 0xea, 0xc4, 0xc4, 0x00, 0xc4, 0x00, 0xc4, 0x00, 0xc4, 0x00, 0xc4, 0x00, 0xc4, 0x00, 0xc4, 0x00, 0xc4, 0x00,
0xc4, 0x00, 0xc4, 0x00, 0xc4, 0x00, 0xc4, 0x00, 0xc4, 0x00, 0xc4, 0x00, 0xc4, 0x00, 0xc4, 0x00, 0xc4, 0x00, 0xc4, 0x00, 0xc4, 0x00, 0xc4, 0x00,
0xc4, 0x00, 0xc4, 0x00, 0xc4, 0x00, 0xc4, 0x00, 0xc4, 0x00, 0xc4, 0x00, 0xc4, 0x00, 0xc4, 0x00, 0xc4, 0x00, 0xc4, 0x00, 0xc4, 0x00, 0xc4, 0x00,
0xc4, 0x00, 0xc4, 0x00, 0xc4, 0x00, 0xc4, 0x00, 0xc4, 0x00, 0xc4, 0x00, 0xc4, 0x00, 0xc4, 0x00, 0xc4, 0x00, 0xc4, 0x00, 0xc4, 0x00, 0xc4, 0x00,
0xc4, 0x00, 0xc4, 0x00, 0xc4, 0x00, 0xc4, 0x00, 0xc4, 0x00, 0xc4, 0x00, 0xc4, 0x00, 0xc4, 0x00, 0xc4, 0x00, 0xc4, 0x00, 0xc4, 0x00, 0xc4, 0x00,
0xc4, 0x00, 0xc4, 0x00, 0xc4, 0x00, 0xc4, 0x00, 0xc4, 0x00, 0x2a, 0x22, 0x2a, 0x22, 0x2a, 0x22, 0x2a, 0x22, 0x2a, 0x22, 0x2a, 0x22, 0x2a, 0x22,
0x2a, 0x22, 0x2a, 0x22, 0x2a, 0x22, 0x2a, 0x22, 0x2a, 0x22, 0x37, 0x4f, 0x2a, 0x22, 0x2a, 0x22, 0x2a, 0x22, 0x2a, 0x22, 0x2a, 0x22, 0x2a, 0x22,
0xc4, 0x00, 0xc4, 0x00, 0xc4, 0x00, 0xc4, 0x00, 0xc4, 0x00, 0xc4, 0x00, 0xc4, 0x00, 0xc4, 0x00, 0xc4, 0x00, 0xc4, 0x00, 0xc4, 0x00, 0xc4, 0x00,
0xc4, 0x00, 0xc4, 0x00, 0xc4, 0x00, 0xc4, 0x00, 0xc4, 0x00, 0xc4, 0x00, 0xc4, 0x00, 0xc4, 0x00, 0xc4, 0x00, 0xc4, 0x00, 0xc4, 0x00, 0xc4, 0x00,
0xc4, 0x00, 0xc4, 0x00, 0xc4, 0x00, 0xc4, 0x00, 0xc4, 0x00, 0xc4, 0x00, 0xc4, 0x00, 0x2a, 0x22, 0x2a, 0x22, 0x2a, 0x22, 0x2a, 0x22, 0x2a, 0x22,
0x2a, 0x22, 0x2a, 0x22, 0x2a, 0x22, 0x2a, 0x22, 0x2a, 0x22, 0x2a, 0x22, 0x2a, 0x22, 0x2a, 0x22, 0x2a, 0x22, 0xc4, 0x00, 0xc4, 0x00, 0xc4, 0x00,
0xc4, 0x00, 0x2a, 0x22, 0x2a, 0x22, 0x2a, 0x22, 0x2a, 0x22, 0xc4, 0x00, 0xc4, 0x00, 0xc4, 0x00, 0xc4, 0x00, 0xc4, 0x00, 0xea, 0xc4, 0xc4, 0x00,
0xc4, 0x00, 0xc4, 0x00, 0xc4, 0x00, 0xc4, 0x00, 0xc4, 0x00, 0xc4, 0x00, 0xc4, 0x00, 0xc4, 0x00, 0xc4, 0x00, 0xc4, 0x00, 0xc4, 0x00, 0xc4, 0x00,
0xc4, 0x00, 0xc4, 0x00, 0xc4, 0x00, 0xc4, 0x00, 0xc4, 0x00, 0xc4, 0x00, 0xc4, 0x00, 0xc4, 0x00, 0xc4, 0x00, 0xc4, 0x00, 0xc4, 0x00, 0xc4, 0x00,
0xc4, 0x00, 0xc4, 0x00, 0xc4, 0x00, 0xc4, 0x00, 0xc4, 0x00, 0xc4, 0x00, 0xc4, 0x00, 0x2a, 0x22, 0x2a, 0x22, 0x2a, 0x22, 0x2a, 0x22, 0x2a, 0x22,
0x2a, 0x22, 0x2a, 0x22, 0x2a, 0x22, 0x2a, 0x22, 0x2a, 0x22, 0x2a, 0x22, 0x2a, 0x22, 0x2a, 0x22, 0x2a, 0x22, 0x2a, 0x22, 0x2a, 0x22, 0x2a, 0x22,
0x2a, 0x22, 0x2a, 0x22, 0x2a, 0x22, 0x2a, 0x22, 0x2a, 0x22, 0xc4, 0x00, 0xc4, 0x00, 0xc4, 0x00, 0xc4, 0x00, 0xc4, 0x00, 0xc4, 0x00, 0xc4, 0x00,
0xc4, 0x00, 0x2a, 0x22, 0x2a, 0x22, 0xc4, 0x00, 0xc4, 0x00, 0xc4, 0x00, 0xc4, 0x00, 0xc4, 0x00, 0xc4, 0x00, 0xc4, 0x00, 0xc4, 0x00, 0xc4, 0x00,
0xc4, 0x00, 0xc4, 0x00, 0xc4, 0x00, 0xc4, 0x00, 0xc4, 0x00, 0xc4, 0x00, 0xc4, 0x00, 0xc4, 0x00, 0xc4, 0x00, 0xc4, 0x00, 0xc4, 0x00, 0xc4, 0x00,
0xc4, 0x00, 0xc4, 0x00, 0xc4, 0x00, 0xc4, 0x00, 0xc4, 0x00, 0xc4, 0x00, 0xc4, 0x00, 0xc4, 0x00, 0xc4, 0x00, 0xc4, 0x00, 0xc4, 0x00, 0xc4, 0x00,
0xc4, 0x00, 0xc4, 0x00, 0xc4, 0x00, 0xc4, 0x00, 0xc4, 0x00, 0xc4, 0x00, 0xc4, 0x00, 0xc4, 0x00, 0xc4, 0x00, 0xc4, 0x00, 0xc4, 0x00, 0xc4, 0x00,
0xc4, 0x00, 0xc4, 0x00, 0xc4, 0x00, 0xc4, 0x00, 0xc4, 0x00, 0xc4, 0x00, 0xc4, 0x00, 0xc4, 0x00, 0xc4, 0x00, 0xc4, 0x00, 0xc4, 0x00, 0xc4, 0x00,
0xc4, 0x00, 0xc4, 0x00, 0xc4, 0x00, 0xc4, 0x00, 0xc4, 0x00, 0xc4, 0x00, 0xc4, 0x00, 0xc4, 0x00, 0xc4, 0x00, 0xc4, 0x00, 0xc4, 0x00, 0xc4, 0x00,
0xc4, 0x00, 0xc4, 0x00, 0xc4, 0x00, 0xc4, 0x00, 0xc4, 0x00, 0x2a, 0x22, 0x2a, 0x22, 0x2a, 0x22, 0x2a, 0x22, 0x2a, 0x22, 0x2a, 0x22, 0x2a, 0x22,
0x2a, 0x22, 0x2a, 0x22, 0x2a, 0x22, 0x2a, 0x22, 0x2a, 0x22, 0x2a, 0x22, 0x2a, 0x22, 0x2a, 0x22, 0x2a, 0x22, 0x2a, 0x22, 0x37, 0x4f, 0xc4, 0x00,
0xc4, 0x00, 0xc4, 0x00, 0xc4, 0x00, 0xc4, 0x00, 0xc4, 0x00, 0xc4, 0x00, 0xc4, 0x00, 0xc4, 0x00, 0xc4, 0x00, 0xc4, 0x00, 0xc4, 0x00, 0xc4, 0x00,
0xc4, 0x00, 0xc4, 0x00, 0xc4, 0x00, 0xc4, 0x00, 0xc4, 0x00, 0xc4, 0x00, 0xc4, 0x00, 0xc4, 0x00, 0xc4, 0x00, 0xc4, 0x00, 0xc4, 0x00, 0xc4, 0x00,
0xc4, 0x00, 0xc4, 0x00, 0xc4, 0x00, 0xc4, 0x00, 0xc4, 0x00, 0xc4, 0x00, 0xc4, 0x00, 0xc4, 0x00, 0x2a, 0x22, 0x2a, 0x22, 0xea, 0xc4, 0x2a, 0x22,
0x2a, 0x22, 0x2a, 0x22, 0x2a, 0x22, 0x2a, 0x22, 0x2a, 0x22, 0x2a, 0x22, 0x2a, 0x22, 0x2a, 0x22, 0x2a, 0x22, 0xc4, 0x00, 0xc4, 0x00, 0xc4, 0x00,
0xc4, 0x00, 0x2a, 0x22, 0x2a, 0x22, 0x2a, 0x22, 0x2a, 0x22, 0xc4, 0x00, 0xc4, 0x00, 0xc4, 0x00, 0xc4, 0x00, 0xc4, 0x00, 0xc4, 0x00, 0xc4, 0x00,
0xc4, 0x00, 0xc4, 0x00, 0xc4, 0x00, 0xc4, 0x00, 0xc4, 0x00, 0xc4, 0x00, 0xc4, 0x00, 0xc4, 0x00, 0xc4, 0x00, 0xc4, 0x00, 0xc4, 0x00, 0xc4, 0x00,
0xc4, 0x00, 0xc4, 0x00, 0xc4, 0x00, 0xc4, 0x00, 0xc4, 0x00, 0xc4, 0x00, 0xc4, 0x00, 0xc4, 0x00, 0xc4, 0x00, 0xc4, 0x00, 0xc4, 0x00, 0xc4, 0x00,
0xc4, 0x00, 0xc4, 0x00, 0xc4, 0x00, 0xc4, 0x00, 0xc4, 0x00, 0xc4, 0x00, 0xc4, 0x00, 0x2a, 0x22, 0x2a, 0x22, 0x2a, 0x22, 0x2a, 0x22, 0x2a, 0x22,
0x2a, 0x22, 0x2a, 0x22, 0x2a, 0x22, 0x2a, 0x22, 0x2a, 0x22, 0x2a, 0x22, 0x2a, 0x22, 0x2a, 0x22, 0x2a, 0x22, 0x2a, 0x22, 0x2a, 0x22, 0x2a, 0x22,
0x2a, 0x22, 0x2a, 0x22, 0x2a, 0x22, 0x2a, 0x22, 0x2a, 0x22, 0x2a, 0x22, 0xc4, 0x00, 0xc4, 0x00, 0xc4, 0x00, 0xc4, 0x00, 0xc4, 0x00, 0xc4, 0x00,
0xc4, 0x00, 0xc4, 0x00, 0x2a, 0x22, 0x2a, 0x22, 0xc4, 0x00, 0xc4, 0x00, 0xc4, 0x00, 0xc4, 0x00, 0xc4, 0x00, 0xc4, 0x00, 0xc4, 0x00, 0xc4, 0x00,
0xc4, 0x00, 0xc4, 0x00, 0xc4, 0x00, 0xc4, 0x00, 0xc4, 0x00, 0xc4, 0x00, 0xc4, 0x00, 0xc4, 0x00, 0xc4, 0x00, 0xc4, 0x00, 0xc4, 0x00, 0xc4, 0x00,
0xc4, 0x00, 0xc4, 0x00, 0xc4, 0x00, 0xc4, 0x00, 0xc4, 0x00, 0xc4, 0x00, 0xc4, 0x00, 0xc4, 0x00, 0xc4, 0x00, 0xc4, 0x00, 0xc4, 0x00, 0xc4, 0x00,
0xc4, 0x00, 0xc4, 0x00, 0xc4, 0x00, 0xc4, 0x00, 0xc4, 0x00, 0xc4, 0x00, 0xc4, 0x00, 0xc4, 0x00, 0xc4, 0x00, 0xc4, 0x00, 0xc4, 0x00, 0xc4, 0x00,
0xc4, 0x00, 0xc4, 0x00, 0xc4, 0x00, 0xc4, 0x00, 0xc4, 0x00, 0xc4, 0x00, 0xc4, 0x00, 0xc4, 0x00, 0xc4, 0x00, 0xc4, 0x00, 0xc4, 0x00, 0xc4, 0x00,
0xc4, 0x00, 0xc4, 0x00, 0xc4, 0x00, 0xc4, 0x00, 0xc4, 0x00, 0xc4, 0x00, 0xc4, 0x00, 0xc4, 0x00, 0xc4, 0x00, 0xc4, 0x00, 0xc4, 0x00, 0xc4, 0x00,
0xc4, 0x00, 0xc4, 0x00, 0xc4, 0x00, 0xc4, 0x00, 0xc4, 0x00, 0x37, 0x4f, 0x2a, 0x22, 0x2a, 0x22, 0x2a, 0x22, 0x2a, 0x22, 0x2a, 0x22, 0x2a, 0x22,
0x2a, 0x22, 0x2a, 0x22, 0x2a, 0x22, 0x2a, 0x22, 0x2a, 0x22, 0x2a, 0x22, 0x2a, 0x22, 0x2a, 0x22, 0x37, 0x4f, 0xc4, 0x00, 0x37, 0x4f, 0xc4, 0x00,
0xc4, 0x00, 0xc4, 0x00, 0xc4, 0x00, 0xc4, 0x00, 0xc4, 0x00, 0xc4, 0x00, 0xc4, 0x00, 0xc4, 0x00, 0xc4, 0x00, 0xc4, 0x00, 0xc4, 0x00, 0xc4, 0x00,
0xc4, 0x00, 0xc4, 0x00, 0xc4, 0x00, 0xc4, 0x00, 0xc4, 0x00, 0xc4, 0x00, 0xc4, 0x00, 0xc4, 0x00, 0xc4, 0x00, 0xc4, 0x00, 0xc4, 0x00, 0xc4, 0x00,
0xc4, 0x00, 0xc4, 0x00, 0xc4, 0x00, 0xc4, 0x00, 0xc4, 0x00, 0xc4, 0x00, 0xc4, 0x00, 0xc4, 0x00, 0x2a, 0x22, 0x2a, 0x22, 0x2a, 0x22, 0x2a, 0x22,
0x2a, 0x22, 0x2a, 0x22, 0x2a, 0x22, 0x2a, 0x22, 0x2a, 0x22, 0x2a, 0x22, 0x2a, 0x22, 0x2a, 0x22, 0x2a, 0x22, 0xc4, 0x00, 0xc4, 0x00, 0xc4, 0x00,
0xc4, 0x00, 0x2a, 0x22, 0x2a, 0x22, 0x2a, 0x22, 0xc4, 0x00, 0xc4, 0x00, 0xc4, 0x00, 0xc4, 0x00, 0xc4, 0x00, 0xc4, 0x00, 0xc4, 0x00, 0xc4, 0x00,
0xc4, 0x00, 0xc4, 0x00, 0xc4, 0x00, 0xc4, 0x00, 0xc4, 0x00, 0xc4, 0x00, 0xc4, 0x00, 0xc4, 0x00, 0xc4, 0x00, 0xc4, 0x00, 0xc4, 0x00, 0xc4, 0x00,
0xc4, 0x00, 0xc4, 0x00, 0xc4, 0x00, 0xc4, 0x00, 0xc4, 0x00, 0xc4, 0x00, 0xc4, 0x00, 0xc4, 0x00, 0xc4, 0x00, 0xc4, 0x00, 0xc4, 0x00, 0xc4, 0x00,
0xc4, 0x00, 0xc4, 0x00, 0xc4, 0x00, 0xc4, 0x00, 0xc4, 0x00, 0xc4, 0x00, 0xc4, 0x00, 0x2a, 0x22, 0x2a, 0x22, 0x2a, 0x22, 0x2a, 0x22, 0x2a, 0x22,
0x2a, 0x22, 0x2a, 0x22, 0x2a, 0x22, 0x2a, 0x22, 0x2a, 0x22, 0x2a, 0x22, 0x2a, 0x22, 0x2a, 0x22, 0x2a, 0x22, 0x2a, 0x22, 0x2a, 0x22, 0x2a, 0x22,
0x2a, 0x22, 0x2a, 0x22, 0x2a, 0x22, 0x2a, 0x22, 0x2a, 0x22, 0x2a, 0x22, 0x2a, 0x22, 0xc4, 0x00, 0xc4, 0x00, 0xc4, 0x00, 0xc4, 0x00, 0xc4, 0x00,
0xc4, 0x00, 0xc4, 0x00, 0xc4, 0x00, 0xc4, 0x00, 0xc4, 0x00, 0xc4, 0x00, 0xc4, 0x00, 0xc4, 0x00, 0xc4, 0x00, 0xc4, 0x00, 0xc4, 0x00, 0xc4, 0x00,
0xc4, 0x00, 0xc4, 0x00, 0xc4, 0x00, 0xc4, 0x00, 0xc4, 0x00, 0xc4, 0x00, 0xc4, 0x00, 0xc4, 0x00, 0xc4, 0x00, 0xc4, 0x00, 0xc4, 0x00, 0xc4, 0x00,
0xc4, 0x00, 0xc4, 0x00, 0xc4, 0x00, 0xc4, 0x00, 0xc4, 0x00, 0xc4, 0x00, 0xc4, 0x00, 0xc4, 0x00, 0xc4, 0x00, 0xc4, 0x00, 0xc4, 0x00, 0xc4, 0x00,
0xc4, 0x00, 0xc4, 0x00, 0xc4, 0x00, 0xc4, 0x00, 0xc4, 0x00, 0xc4, 0x00, 0xc4, 0x00, 0xc4, 0x00, 0xc4, 0x00, 0xc4, 0x00, 0xc4, 0x00, 0xc4, 0x00,
0xc4, 0x00, 0xc4, 0x00, 0xc4, 0x00, 0xc4, 0x00, 0xc4, 0x00, 0xc4, 0x00, 0xc4, 0x00, 0xc4, 0x00, 0xc4, 0x00, 0xc4, 0x00, 0xc4, 0x00, 0xc4, 0x00,
0xc4, 0x00, 0xc4, 0x00, 0xc4, 0x00, 0xc4, 0x00, 0xc4, 0x00, 0xc4, 0x00, 0xc4, 0x00, 0xc4, 0x00, 0xc4, 0x00, 0xc4, 0x00, 0xc4, 0x00, 0xc4, 0x00,
0xc4, 0x00, 0xc4, 0x00, 0xc4, 0x00, 0xc4, 0x00, 0xc4, 0x00, 0x2a, 0x22, 0x2a, 0x22, 0x2a, 0x22, 0x2a, 0x22, 0x2a, 0x22, 0x2a, 0x22, 0x2a, 0x22,
0x2a, 0x22, 0xea, 0xc4, 0x2a, 0x22, 0x2a, 0x22, 0x2a, 0x22, 0x2a, 0x22, 0x2a, 0x22, 0x2a, 0x22, 0xc4, 0x00, 0xc4, 0x00, 0xc4, 0x00, 0xc4, 0x00,
0xc4, 0x00, 0xc4, 0x00, 0xc4, 0x00, 0xc4, 0x00, 0xc4, 0x00, 0xc4, 0x00, 0xc4, 0x00, 0xc4, 0x00, 0xc4, 0x00, 0xc4, 0x00, 0xc4, 0x00, 0xc4, 0x00,
0xc4, 0x00, 0xc4, 0x00, 0xc4, 0x00, 0xc4, 0x00, 0xc4, 0x00, 0xc4, 0x00, 0xc4, 0x00, 0xc4, 0x00, 0xc4, 0x00, 0xc4, 0x00, 0xc4, 0x00, 0xc4, 0x00,
0xc4, 0x00, 0xc4, 0x00, 0xc4, 0x00, 0xc4, 0x00, 0xc4, 0x00, 0xc4, 0x00, 0xc4, 0x00, 0xc4, 0x00, 0x2a, 0x22, 0x2a, 0x22, 0x2a, 0x22, 0x2a, 0x22,
0x2a, 0x22, 0x2a, 0x22, 0x2a, 0x22, 0xea, 0xc4, 0x2a, 0x22, 0x2a, 0x22, 0x2a, 0x22, 0x2a, 0x22, 0xc4, 0x00, 0xc4, 0x00, 0xc4, 0x00, 0xc4, 0x00,
0xc4, 0x00, 0x2a, 0x22, 0x2a, 0x22, 0x2a, 0x22, 0xc4, 0x00, 0xc4, 0x00, 0xc4, 0x00, 0xc4, 0x00, 0xc4, 0x00, 0xc4, 0x00, 0xc4, 0x00, 0xc4, 0x00,
0xc4, 0x00, 0xc4, 0x00, 0xc4, 0x00, 0xc4, 0x00, 0xc4, 0x00, 0xc4, 0x00, 0xc4, 0x00, 0xc4, 0x00, 0xc4, 0x00, 0xc4, 0x00, 0xc4, 0x00, 0xc4, 0x00,
0xc4, 0x00, 0xc4, 0x00, 0xc4, 0x00, 0xc4, 0x00, 0xc4, 0x00, 0xc4, 0x00, 0xc4, 0x00, 0xc4, 0x00, 0xc4, 0x00, 0xc4, 0x00, 0xc4, 0x00, 0xc4, 0x00,
0xc4, 0x00, 0xc4, 0x00, 0xc4, 0x00, 0xc4, 0x00, 0xc4, 0x00, 0xc4, 0x00, 0xc4, 0x00, 0x2a, 0x22, 0x2a, 0x22, 0x2a, 0x22, 0x2a, 0x22, 0x2a, 0x22,
0x2a, 0x22, 0x2a, 0x22, 0x2a, 0x22, 0x2a, 0x22, 0x2a, 0x22, 0x2a, 0x22, 0x2a, 0x22, 0x2a, 0x22, 0x2a, 0x22, 0x2a, 0x22, 0x2a, 0x22, 0x2a, 0x22,
0x2a, 0x22, 0x2a, 0x22, 0x2a, 0x22, 0x2a, 0x22, 0x2a, 0x22, 0x2a, 0x22, 0x2a, 0x22, 0xc4, 0x00, 0xc4, 0x00, 0xc4, 0x00, 0xc4, 0x00, 0xc4, 0x00,
0xc4, 0x00, 0xc4, 0x00, 0xc4, 0x00, 0xc4, 0x00, 0xc4, 0x00, 0xc4, 0x00, 0xc4, 0x00, 0xc4, 0x00, 0xc4, 0x00, 0xc4, 0x00, 0xc4, 0x00, 0xc4, 0x00,
0xc4, 0x00, 0xc4, 0x00, 0xc4, 0x00, 0xc4, 0x00, 0xc4, 0x00, 0xc4, 0x00, 0xc4, 0x00, 0xc4, 0x00, 0xc4, 0x00, 0xc4, 0x00, 0xc4, 0x00, 0xc4, 0x00,
0xc4, 0x00, 0xc4, 0x00, 0xc4, 0x00, 0xc4, 0x00, 0xc4, 0x00, 0xc4, 0x00, 0xc4, 0x00, 0xc4, 0x00, 0xc4, 0x00, 0xc4, 0x00, 0xc4, 0x00, 0xc4, 0x00,
0xc4, 0x00, 0xc4, 0x00, 0xc4, 0x00, 0xc4, 0x00, 0xc4, 0x00, 0xc4, 0x00, 0xc4, 0x00, 0xc4, 0x00, 0xc4, 0x00, 0xc4, 0x00, 0xc4, 0x00, 0xc4, 0x00,
0xc4, 0x00, 0xc4, 0x00, 0xc4, 0x00, 0xc4, 0x00, 0xc4, 0x00, 0xc4, 0x00, 0xc4, 0x00, 0xc4, 0x00, 0xc4, 0x00, 0xc4, 0x00, 0xc4, 0x00, 0xc4, 0x00,
0xc4, 0x00, 0xc4, 0x00, 0xc4, 0x00, 0xc4, 0x00, 0xc4, 0x00, 0xc4, 0x00, 0xc4, 0x00, 0xc4, 0x00, 0xc4, 0x00, 0xc4, 0x00, 0xc4, 0x00, 0xc4, 0x00,
0xc4, 0x00, 0xc4, 0x00, 0xc4, 0x00, 0xc4, 0x00, 0xc4, 0x00, 0x2a, 0x22, 0x2a, 0x22, 0x2a, 0x22, 0x2a, 0x22, 0x2a, 0x22, 0x2a, 0x22, 0x2a, 0x22,
0x2a, 0x22, 0x2a, 0x22, 0x2a, 0x22, 0x2a, 0x22, 0x2a, 0x22, 0x2a, 0x22, 0x2a, 0x22, 0xc4, 0x00, 0xc4, 0x00, 0xc4, 0x00, 0xc4, 0x00, 0xc4, 0x00,
0xc4, 0x00, 0xc4, 0x00, 0xc4, 0x00, 0xc4, 0x00, 0xc4, 0x00, 0xc4, 0x00, 0xc4, 0x00, 0xc4, 0x00, 0xc4, 0x00, 0xc4, 0x00, 0xc4, 0x00, 0xc4, 0x00,
0xc4, 0x00, 0xc4, 0x00, 0xc4, 0x00, 0xc4, 0x00, 0xc4, 0x00, 0xc4, 0x00, 0xc4, 0x00, 0xc4, 0x00, 0xc4, 0x00, 0xc4, 0x00, 0xc4, 0x00, 0xc4, 0x00,
0xc4, 0x00, 0xc4, 0x00, 0xc4, 0x00, 0xc4, 0x00, 0xc4, 0x00, 0xc4, 0x00, 0xc4, 0x00, 0xc4, 0x00, 0x2a, 0x22, 0x2a, 0x22, 0x2a, 0x22, 0x2a, 0x22,
0x2a, 0x22, 0x2a, 0x22, 0x2a, 0x22, 0x2a, 0x22, 0xea, 0xc4, 0x2a, 0x22, 0xea, 0xc4, 0xea, 0xc4, 0xc4, 0x00, 0xc4, 0x00, 0xc4, 0x00, 0xc4, 0x00,
0xc4, 0x00, 0xc4, 0x00, 0xc4, 0x00, 0xc4, 0x00, 0xc4, 0x00, 0xc4, 0x00, 0xc4, 0x00, 0xc4, 0x00, 0xc4, 0x00, 0xc4, 0x00, 0xc4, 0x00, 0xc4, 0x00,
0xc4, 0x00, 0xc4, 0x00, 0xc4, 0x00, 0xc4, 0x00, 0xc4, 0x00, 0xc4, 0x00, 0xc4, 0x00, 0xc4, 0x00, 0xc4, 0x00, 0xc4, 0x00, 0xc4, 0x00, 0xc4, 0x00,
0xc4, 0x00, 0xc4, 0x00, 0xc4, 0x00, 0xc4, 0x00, 0xc4, 0x00, 0xc4, 0x00, 0xc4, 0x00, 0xc4, 0x00, 0xc4, 0x00, 0xc4, 0x00, 0xc4, 0x00, 0xc4, 0x00,
0xc4, 0x00, 0xc4, 0x00, 0xc4, 0x00, 0xc4, 0x00, 0xc4, 0x00, 0xc4, 0x00, 0xc4, 0x00, 0x2a, 0x22, 0x2a, 0x22, 0x2a, 0x22, 0x2a, 0x22, 0x2a, 0x22,
0x2a, 0x22, 0x2a, 0x22, 0x2a, 0x22, 0x2a, 0x22, 0x2a, 0x22, 0x2a, 0x22, 0x2a, 0x22, 0x2a, 0x22, 0x2a, 0x22, 0x2a, 0x22, 0x2a, 0x22, 0x2a, 0x22,
0x2a, 0x22, 0x2a, 0x22, 0x2a, 0x22, 0x2a, 0x22, 0x2a, 0x22, 0x2a, 0x22, 0x2a, 0x22, 0xc4, 0x00, 0xc4, 0x00, 0xc4, 0x00, 0xc4, 0x00, 0xc4, 0x00,
0xc4, 0x00, 0xc4, 0x00, 0xc4, 0x00, 0xc4, 0x00, 0xc4, 0x00, 0xc4, 0x00, 0xc4, 0x00, 0xc4, 0x00, 0xc4, 0x00, 0xc4, 0x00, 0xc4, 0x00, 0xc4, 0x00,
0xc4, 0x00, 0xc4, 0x00, 0xc4, 0x00, 0xc4, 0x00, 0xc4, 0x00, 0xc4, 0x00, 0xc4, 0x00, 0xc4, 0x00, 0xc4, 0x00, 0xc4, 0x00, 0xc4, 0x00, 0xc4, 0x00,
0xc4, 0x00, 0xc4, 0x00, 0xc4, 0x00, 0xc4, 0x00, 0xc4, 0x00, 0xc4, 0x00, 0xc4, 0x00, 0xc4, 0x00, 0xc4, 0x00, 0xc4, 0x00, 0xc4, 0x00, 0xc4, 0x00,
0xc4, 0x00, 0xc4, 0x00, 0xc4, 0x00, 0xc4, 0x00, 0xc4, 0x00, 0xc4, 0x00, 0xc4, 0x00, 0xc4, 0x00, 0xc4, 0x00, 0xc4, 0x00, 0xc4, 0x00, 0xc4, 0x00,
0xc4, 0x00, 0xc4, 0x00, 0xc4, 0x00, 0xc4, 0x00, 0xc4, 0x00, 0xc4, 0x00, 0xc4, 0x00, 0xc4, 0x00, 0xc4, 0x00, 0xc4, 0x00, 0xc4, 0x00, 0xc4, 0x00,
0xc4, 0x00, 0xc4, 0x00, 0xc4, 0x00, 0xc4, 0x00, 0xc4, 0x00, 0xc4, 0x00, 0xc4, 0x00, 0xc4, 0x00, 0xc4, 0x00, 0xc4, 0x00, 0xc4, 0x00, 0xc4, 0x00,
0xc4, 0x00, 0xc4, 0x00, 0xc4, 0x00, 0xc4, 0x00, 0x2a, 0x22, 0x2a, 0x22, 0x2a, 0x22, 0x2a, 0x22, 0x2a, 0x22, 0x2a, 0x22, 0x2a, 0x22, 0x2a, 0x22,
0x2a, 0x22, 0x2a, 0x22, 0x2a, 0x22, 0x2a, 0x22, 0x37, 0x4f, 0x2a, 0x22, 0x37, 0x4f, 0x37, 0x4f, 0xc4, 0x00, 0xc4, 0x00, 0xc4, 0x00, 0xc4, 0x00,
0xc4, 0x00, 0xc4, 0x00, 0xc4, 0x00, 0xc4, 0x00, 0xc4, 0x00, 0xc4, 0x00, 0xc4, 0x00, 0xc4, 0x00, 0xc4, 0x00, 0xc4, 0x00, 0xc4, 0x00, 0xc4, 0x00,
0xc4, 0x00, 0xc4, 0x00, 0xc4, 0x00, 0xc4, 0x00, 0xc4, 0x00, 0xc4, 0x00, 0xc4, 0x00, 0xc4, 0x00, 0xc4, 0x00, 0xc4, 0x00, 0xc4, 0x00, 0xc4, 0x00,
0xc4, 0x00, 0xc4, 0x00, 0xc4, 0x00, 0xc4, 0x00, 0xc4, 0x00, 0xc4, 0x00, 0xc4, 0x00, 0xc4, 0x00, 0x2a, 0x22, 0x2a, 0x22, 0x2a, 0x22, 0x2a, 0x22,
0x2a, 0x22, 0x2a, 0x22, 0x2a, 0x22, 0x2a, 0x22, 0x2a, 0x22, 0x2a, 0x22, 0x2a, 0x22, 0xc4, 0x00, 0xc4, 0x00, 0xc4, 0x00, 0xc4, 0x00, 0xc4, 0x00,
0xc4, 0x00, 0xc4, 0x00, 0xc4, 0x00, 0xc4, 0x00, 0xc4, 0x00, 0xc4, 0x00, 0xc4, 0x00, 0xc4, 0x00, 0xc4, 0x00, 0xc4, 0x00, 0xc4, 0x00, 0xc4, 0x00,
0xc4, 0x00, 0xc4, 0x00, 0xc4, 0x00, 0xc4, 0x00, 0xc4, 0x00, 0xc4, 0x00, 0xc4, 0x00, 0xc4, 0x00, 0xc4, 0x00, 0xc4, 0x00, 0xc4, 0x00, 0xc4, 0x00,
0xc4, 0x00, 0xc4, 0x00, 0xc4, 0x00, 0xc4, 0x00, 0xc4, 0x00, 0xc4, 0x00, 0xc4, 0x00, 0xc4, 0x00, 0xc4, 0x00, 0xc4, 0x00, 0xc4, 0x00, 0xc4, 0x00,
0xc4, 0x00, 0xc4, 0x00, 0xc4, 0x00, 0xc4, 0x00, 0xc4, 0x00, 0xc4, 0x00, 0xc4, 0x00, 0x2a, 0x22, 0x2a, 0x22, 0x2a, 0x22, 0x2a, 0x22, 0x2a, 0x22,
0x2a, 0x22, 0x2a, 0x22, 0x2a, 0x22, 0x2a, 0x22, 0x2a, 0x22, 0x2a, 0x22, 0x2a, 0x22, 0x2a, 0x22, 0x2a, 0x22, 0x2a, 0x22, 0x2a, 0x22, 0x2a, 0x22,
0x2a, 0x22, 0x2a, 0x22, 0x2a, 0x22, 0x2a, 0x22, 0x2a, 0x22, 0x2a, 0x22, 0x2a, 0x22, 0x2a, 0x22, 0xc4, 0x00, 0xc4, 0x00, 0xc4, 0x00, 0xc4, 0x00,
0xc4, 0x00, 0xc4, 0x00, 0xc4, 0x00, 0xc4, 0x00, 0xc4, 0x00, 0xc4, 0x00, 0xc4, 0x00, 0xc4, 0x00, 0xc4, 0x00, 0xc4, 0x00, 0xc4, 0x00, 0xc4, 0x00,
0xc4, 0x00, 0xc4, 0x00, 0xc4, 0x00, 0xc4, 0x00, 0xc4, 0x00, 0xc4, 0x00, 0xc4, 0x00, 0xc4, 0x00, 0xc4, 0x00, 0xc4, 0x00, 0xc4, 0x00, 0xc4, 0x00,
0xc4, 0x00, 0xc4, 0x00, 0xc4, 0x00, 0xc4, 0x00, 0xc4, 0x00, 0xc4, 0x00, 0xc4, 0x00, 0xc4, 0x00, 0xc4, 0x00, 0xc4, 0x00, 0xc4, 0x00, 0xc4, 0x00,
0xc4, 0x00, 0xc4, 0x00, 0xc4, 0x00, 0xc4, 0x00, 0xc4, 0x00, 0xc4, 0x00, 0xc4, 0x00, 0xc4, 0x00, 0xc4, 0x00, 0xc4, 0x00, 0xc4, 0x00, 0xc4, 0x00,
0xc4, 0x00, 0xc4, 0x00, 0xc4, 0x00, 0xc4, 0x00, 0xc4, 0x00, 0xc4, 0x00, 0xc4, 0x00, 0xc4, 0x00, 0xc4, 0x00, 0xc4, 0x00, 0xc4, 0x00, 0xc4, 0x00,
0xc4, 0x00, 0xc4, 0x00, 0xc4, 0x00, 0xc4, 0x00, 0xc4, 0x00, 0xc4, 0x00, 0xc4, 0x00, 0xc4, 0x00, 0xc4, 0x00, 0xc4, 0x00, 0xc4, 0x00, 0xc4, 0x00,
0xc4, 0x00, 0xc4, 0x00, 0xc4, 0x00, 0xc4, 0x00, 0x2a, 0x22, 0x37, 0x4f, 0x2a, 0x22, 0x2a, 0x22, 0x2a, 0x22, 0x2a, 0x22, 0x2a, 0x22, 0x2a, 0x22,
0x2a, 0x22, 0x2a, 0x22, 0x2a, 0x22, 0x2a, 0x22, 0x2a, 0x22, 0x37, 0x4f, 0x37, 0x4f, 0xc4, 0x00, 0xc4, 0x00, 0xc4, 0x00, 0xc4, 0x00, 0xc4, 0x00,
0xc4, 0x00, 0xc4, 0x00, 0xc4, 0x00, 0xc4, 0x00, 0xc4, 0x00, 0xc4, 0x00, 0xc4, 0x00, 0xc4, 0x00, 0xc4, 0x00, 0xc4, 0x00, 0xc4, 0x00, 0xc4, 0x00,
0xc4, 0x00, 0xc4, 0x00, 0xc4, 0x00, 0xc4, 0x00, 0xc4, 0x00, 0xc4, 0x00, 0xc4, 0x00, 0xc4, 0x00, 0xc4, 0x00, 0xc4, 0x00, 0xc4, 0x00, 0xc4, 0x00,
0xc4, 0x00, 0xc4, 0x00, 0xc4, 0x00, 0xc4, 0x00, 0xc4, 0x00, 0xc4, 0x00, 0xc4, 0x00, 0xc4, 0x00, 0xc4, 0x00, 0x2a, 0x22, 0x2a, 0x22, 0x2a, 0x22,
0x2a, 0x22, 0x2a, 0x22, 0x2a, 0x22, 0x2a, 0x22, 0xea, 0xc4, 0x2a, 0x22, 0x2a, 0x22, 0xc4, 0x00, 0xc4, 0x00, 0xc4, 0x00, 0xc4, 0x00, 0xc4, 0x00,
0xc4, 0x00, 0xc4, 0x00, 0xc4, 0x00, 0xc4, 0x00, 0xc4, 0x00, 0xc4, 0x00, 0xc4, 0x00, 0xc4, 0x00, 0xc4, 0x00, 0xc4, 0x00, 0xc4, 0x00, 0xc4, 0x00,
0xc4, 0x00, 0xc4, 0x00, 0xc4, 0x00, 0xc4, 0x00, 0xc4, 0x00, 0xc4, 0x00, 0xc4, 0x00, 0xc4, 0x00, 0xc4, 0x00, 0xc4, 0x00, 0xc4, 0x00, 0xc4, 0x00,
0xc4, 0x00, 0xc4, 0x00, 0xc4, 0x00, 0xc4, 0x00, 0xc4, 0x00, 0xc4, 0x00, 0xc4, 0x00, 0xc4, 0x00, 0xc4, 0x00, 0xc4, 0x00, 0xc4, 0x00, 0xc4, 0x00,
0xc4, 0x00, 0xc4, 0x00, 0xc4, 0x00, 0xc4, 0x00, 0xc4, 0x00, 0xc4, 0x00, 0xc4, 0x00, 0xc4, 0x00, 0x2a, 0x22, 0x2a, 0x22, 0x2a, 0x22, 0x2a, 0x22,
0x2a, 0x22, 0x2a, 0x22, 0x2a, 0x22, 0x2a, 0x22, 0x2a, 0x22, 0x2a, 0x22, 0x2a, 0x22, 0x2a, 0x22, 0x2a, 0x22, 0x2a, 0x22, 0x2a, 0x22, 0x2a, 0x22,
0x2a, 0x22, 0x2a, 0x22, 0x2a, 0x22, 0x2a, 0x22, 0x2a, 0x22, 0x2a, 0x22, 0x2a, 0x22, 0x2a, 0x22, 0xc4, 0x00, 0xc4, 0x00, 0xc4, 0x00, 0xc4, 0x00,
0xc4, 0x00, 0xc4, 0x00, 0xc4, 0x00, 0xc4, 0x00, 0xc4, 0x00, 0xc4, 0x00, 0xc4, 0x00, 0xc4, 0x00, 0xc4, 0x00, 0xc4, 0x00, 0xc4, 0x00, 0xc4, 0x00,
0xc4, 0x00, 0xc4, 0x00, 0xc4, 0x00, 0xc4, 0x00, 0xc4, 0x00, 0xc4, 0x00, 0xc4, 0x00, 0xc4, 0x00, 0xc4, 0x00, 0xc4, 0x00, 0xc4, 0x00, 0xc4, 0x00,
0xc4, 0x00, 0xc4, 0x00, 0xc4, 0x00, 0xc4, 0x00, 0xc4, 0x00, 0xc4, 0x00, 0xc4, 0x00, 0xc4, 0x00, 0xc4, 0x00, 0xc4, 0x00, 0xc4, 0x00, 0xc4, 0x00,
0xc4, 0x00, 0xc4, 0x00, 0xc4, 0x00, 0xc4, 0x00, 0xc4, 0x00, 0xc4, 0x00, 0xc4, 0x00, 0xc4, 0x00, 0xc4, 0x00, 0xc4, 0x00, 0xc4, 0x00, 0xc4, 0x00,
0xc4, 0x00, 0xc4, 0x00, 0xc4, 0x00, 0xc4, 0x00, 0xc4, 0x00, 0xc4, 0x00, 0xc4, 0x00, 0xc4, 0x00, 0xc4, 0x00, 0xc4, 0x00, 0xc4, 0x00, 0xc4, 0x00,
0xc4, 0x00, 0xc4, 0x00, 0xc4, 0x00, 0xc4, 0x00, 0xc4, 0x00, 0xc4, 0x00, 0xc4, 0x00, 0xc4, 0x00, 0xc4, 0x00, 0xc4, 0x00, 0xc4, 0x00, 0xc4, 0x00,
0xc4, 0x00, 0xc4, 0x00, 0xc4, 0x00, 0xc4, 0x00, 0x2a, 0x22, 0x2a, 0x22, 0x2a, 0x22, 0x2a, 0x22, 0x2a, 0x22, 0x2a, 0x22, 0x2a, 0x22, 0x2a, 0x22,
0x2a, 0x22, 0x2a, 0x22, 0x2a, 0x22, 0x2a, 0x22, 0x2a, 0x22, 0x37, 0x4f, 0xc4, 0x00, 0xc4, 0x00, 0xc4, 0x00, 0xc4, 0x00, 0xc4, 0x00, 0xc4, 0x00,
0xc4, 0x00, 0xc4, 0x00, 0xc4, 0x00, 0xc4, 0x00, 0xc4, 0x00, 0xc4, 0x00, 0xc4, 0x00, 0xc4, 0x00, 0xc4, 0x00, 0xc4, 0x00, 0xc4, 0x00, 0xc4, 0x00,
0xc4, 0x00, 0xc4, 0x00, 0xc4, 0x00, 0xc4, 0x00, 0xc4, 0x00, 0xc4, 0x00, 0xc4, 0x00, 0xc4, 0x00, 0xc4, 0x00, 0xc4, 0x00, 0xc4, 0x00, 0xc4, 0x00,
0xc4, 0x00, 0xc4, 0x00, 0xc4, 0x00, 0xc4, 0x00, 0xc4, 0x00, 0xc4, 0x00, 0xc4, 0x00, 0xc4, 0x00, 0xc4, 0x00, 0x2a, 0x22, 0x2a, 0x22, 0x2a, 0x22,
0x2a, 0x22, 0x2a, 0x22, 0x2a, 0x22, 0x2a, 0x22, 0x2a, 0x22, 0x2a, 0x22, 0xc4, 0x00, 0xc4, 0x00, 0xc4, 0x00, 0xc4, 0x00, 0xc4, 0x00, 0xc4, 0x00,
0xc4, 0x00, 0xc4, 0x00, 0xc4, 0x00, 0xc4, 0x00, 0xc4, 0x00, 0xc4, 0x00, 0xc4, 0x00, 0xc4, 0x00, 0xc4, 0x00, 0xc4, 0x00, 0xc4, 0x00, 0xc4, 0x00,
0xc4, 0x00, 0xc4, 0x00, 0xc4, 0x00, 0xc4, 0x00, 0xc4, 0x00, 0xc4, 0x00, 0xc4, 0x00, 0xc4, 0x00, 0xc4, 0x00, 0xc4, 0x00, 0xc4, 0x00, 0xc4, 0x00,
0xc4, 0x00, 0xc4, 0x00, 0xc4, 0x00, 0xc4, 0x00, 0xc4, 0x00, 0xc4, 0x00, 0xc4, 0x00, 0xc4, 0x00, 0xc4, 0x00, 0xc4, 0x00, 0xc4, 0x00, 0xc4, 0x00,
0xc4, 0x00, 0xc4, 0x00, 0xc4, 0x00, 0xc4, 0x00, 0xc4, 0x00, 0xc4, 0x00, 0xc4, 0x00, 0xc4, 0x00, 0x2a, 0x22, 0x2a, 0x22, 0x2a, 0x22, 0x2a, 0x22,
0x2a, 0x22, 0x2a, 0x22, 0x2a, 0x22, 0x2a, 0x22, 0x2a, 0x22, 0x2a, 0x22, 0x2a, 0x22, 0x2a, 0x22, 0x2a, 0x22, 0x2a, 0x22, 0x2a, 0x22, 0x2a, 0x22,
0x2a, 0x22, 0x2a, 0x22, 0x2a, 0x22, 0x2a, 0x22, 0x2a, 0x22, 0x2a, 0x22, 0x2a, 0x22, 0xc4, 0x00, 0xc4, 0x00, 0xc4, 0x00, 0xc4, 0x00, 0xc4, 0x00,
0xc4, 0x00, 0xc4, 0x00, 0xc4, 0x00, 0xc4, 0x00, 0xc4, 0x00, 0xc4, 0x00, 0xc4, 0x00, 0xc4, 0x00, 0xc4, 0x00, 0xc4, 0x00, 0xc4, 0x00, 0xc4, 0x00,
0xc4, 0x00, 0xc4, 0x00, 0xc4, 0x00, 0xc4, 0x00, 0xc4, 0x00, 0xc4, 0x00, 0xc4, 0x00, 0xc4, 0x00, 0xc4, 0x00, 0xc4, 0x00, 0xc4, 0x00, 0xc4, 0x00,
0xc4, 0x00, 0xc4, 0x00, 0xc4, 0x00, 0xc4, 0x00, 0xc4, 0x00, 0xc4, 0x00, 0xc4, 0x00, 0xc4, 0x00, 0xc4, 0x00, 0xc4, 0x00, 0xc4, 0x00, 0xc4, 0x00,
0xc4, 0x00, 0xc4, 0x00, 0xc4, 0x00, 0xc4, 0x00, 0xc4, 0x00, 0xc4, 0x00, 0xc4, 0x00, 0xc4, 0x00, 0xc4, 0x00, 0xc4, 0x00, 0xc4, 0x00, 0xc4, 0x00,
0xc4, 0x00, 0xc4, 0x00, 0xc4, 0x00, 0xc4, 0x00, 0xc4, 0x00, 0xc4, 0x00, 0xc4, 0x00, 0xc4, 0x00, 0xc4, 0x00, 0xc4, 0x00, 0xc4, 0x00, 0xc4, 0x00,
0xc4, 0x00, 0xc4, 0x00, 0xc4, 0x00, 0xc4, 0x00, 0xc4, 0x00, 0xc4, 0x00, 0xc4, 0x00, 0xc4, 0x00, 0xc4, 0x00, 0xc4, 0x00, 0xc4, 0x00, 0xc4, 0x00,
0xc4, 0x00, 0xc4, 0x00, 0xc4, 0x00, 0xc4, 0x00, 0x2a, 0x22, 0x2a, 0x22, 0x2a, 0x22, 0x2a, 0x22, 0x2a, 0x22, 0x2a, 0x22, 0x2a, 0x22, 0x2a, 0x22,
0x2a, 0x22, 0x2a, 0x22, 0x2a, 0x22, 0x2a, 0x22, 0x2a, 0x22, 0xc4, 0x00, 0xc4, 0x00, 0xc4, 0x00, 0xc4, 0x00, 0xc4, 0x00, 0xc4, 0x00, 0xc4, 0x00,
0xc4, 0x00, 0xc4, 0x00, 0xc4, 0x00, 0xc4, 0x00, 0xc4, 0x00, 0xc4, 0x00, 0xc4, 0x00, 0xc4, 0x00, 0xc4, 0x00, 0xc4, 0x00, 0xc4, 0x00, 0xc4, 0x00,
0xc4, 0x00, 0xc4, 0x00, 0xc4, 0x00, 0xc4, 0x00, 0xc4, 0x00, 0xc4, 0x00, 0xc4, 0x00, 0xc4, 0x00, 0xc4, 0x00, 0xc4, 0x00, 0xc4, 0x00, 0xc4, 0x00,
0xc4, 0x00, 0xc4, 0x00, 0xc4, 0x00, 0xc4, 0x00, 0xc4, 0x00, 0xc4, 0x00, 0xc4, 0x00, 0xc4, 0x00, 0xc4, 0x00, 0xc4, 0x00, 0x2a, 0x22, 0x2a, 0x22,
0x2a, 0x22, 0x2a, 0x22, 0x2a, 0x22, 0x2a, 0x22, 0x2a, 0x22, 0xc4, 0x00, 0xc4, 0x00, 0xc4, 0x00, 0xc4, 0x00, 0xc4, 0x00, 0xc4, 0x00, 0xc4, 0x00,
0xc4, 0x00, 0xc4, 0x00, 0xc4, 0x00, 0xc4, 0x00, 0xc4, 0x00, 0xc4, 0x00, 0xc4, 0x00, 0xc4, 0x00, 0xc4, 0x00, 0xc4, 0x00, 0xc4, 0x00, 0xc4, 0x00,
0xc4, 0x00, 0xc4, 0x00, 0xc4, 0x00, 0xc4, 0x00, 0xc4, 0x00, 0xc4, 0x00, 0xc4, 0x00, 0xc4, 0x00, 0xc4, 0x00, 0xc4, 0x00, 0xc4, 0x00, 0xc4, 0x00,
0xc4, 0x00, 0xc4, 0x00, 0xc4, 0x00, 0xc4, 0x00, 0xc4, 0x00, 0xc4, 0x00, 0xc4, 0x00, 0xc4, 0x00, 0xc4, 0x00, 0xc4, 0x00, 0xc4, 0x00, 0xc4, 0x00,
0xc4, 0x00, 0xc4, 0x00, 0xc4, 0x00, 0xc4, 0x00, 0xc4, 0x00, 0xc4, 0x00, 0xc4, 0x00, 0xc4, 0x00, 0x2a, 0x22, 0x2a, 0x22, 0x2a, 0x22, 0x2a, 0x22,
0x2a, 0x22, 0x2a, 0x22, 0x2a, 0x22, 0x2a, 0x22, 0x2a, 0x22, 0xc4, 0x00, 0x2a, 0x22, 0x2a, 0x22, 0x2a, 0x22, 0x2a, 0x22, 0x2a, 0x22, 0x2a, 0x22,
0x2a, 0x22, 0x2a, 0x22, 0x2a, 0x22, 0x2a, 0x22, 0x2a, 0x22, 0x2a, 0x22, 0x2a, 0x22, 0xc4, 0x00, 0xc4, 0x00, 0xc4, 0x00, 0xc4, 0x00, 0xc4, 0x00,
0xc4, 0x00, 0xc4, 0x00, 0xc4, 0x00, 0xc4, 0x00, 0xc4, 0x00, 0xc4, 0x00, 0xc4, 0x00, 0xc4, 0x00, 0xc4, 0x00, 0xc4, 0x00, 0xc4, 0x00, 0xc4, 0x00,
0xc4, 0x00, 0xc4, 0x00, 0xc4, 0x00, 0xc4, 0x00, 0xc4, 0x00, 0xc4, 0x00, 0xc4, 0x00, 0xc4, 0x00, 0xc4, 0x00, 0xc4, 0x00, 0xc4, 0x00, 0xc4, 0x00,
0xc4, 0x00, 0xc4, 0x00, 0xc4, 0x00, 0xc4, 0x00, 0xc4, 0x00, 0xc4, 0x00, 0xc4, 0x00, 0xc4, 0x00, 0xc4, 0x00, 0xc4, 0x00, 0xc4, 0x00, 0xc4, 0x00,
0xc4, 0x00, 0xc4, 0x00, 0xc4, 0x00, 0xc4, 0x00, 0xc4, 0x00, 0xc4, 0x00, 0xc4, 0x00, 0xc4, 0x00, 0xc4, 0x00, 0xc4, 0x00, 0xc4, 0x00, 0xc4, 0x00,
0xc4, 0x00, 0xc4, 0x00, 0xc4, 0x00, 0xc4, 0x00, 0xc4, 0x00, 0xc4, 0x00, 0xc4, 0x00, 0xc4, 0x00, 0xc4, 0x00, 0xc4, 0x00, 0xc4, 0x00, 0xc4, 0x00,
0xc4, 0x00, 0xc4, 0x00, 0xc4, 0x00, 0xc4, 0x00, 0xc4, 0x00, 0xc4, 0x00, 0xc4, 0x00, 0xc4, 0x00, 0xc4, 0x00, 0xc4, 0x00, 0xc4, 0x00, 0xc4, 0x00,
0xc4, 0x00, 0xc4, 0x00, 0xc4, 0x00, 0xc4, 0x00, 0x2a, 0x22, 0x37, 0x4f, 0x2a, 0x22, 0x2a, 0x22, 0x2a, 0x22, 0x2a, 0x22, 0x2a, 0x22, 0x2a, 0x22,
0x2a, 0x22, 0x2a, 0x22, 0x2a, 0x22, 0x2a, 0x22, 0xc4, 0x00, 0xc4, 0x00, 0xc4, 0x00, 0xc4, 0x00, 0xc4, 0x00, 0xc4, 0x00, 0xc4, 0x00, 0xc4, 0x00,
0xc4, 0x00, 0xc4, 0x00, 0xc4, 0x00, 0xc4, 0x00, 0xc4, 0x00, 0xc4, 0x00, 0xc4, 0x00, 0xc4, 0x00, 0xc4, 0x00, 0xc4, 0x00, 0xc4, 0x00, 0xc4, 0x00,
0xc4, 0x00, 0xc4, 0x00, 0xc4, 0x00, 0xc4, 0x00, 0xc4, 0x00, 0xc4, 0x00, 0xc4, 0x00, 0xc4, 0x00, 0xc4, 0x00, 0xc4, 0x00, 0xc4, 0x00, 0xc4, 0x00,
0xc4, 0x00, 0xc4, 0x00, 0xc4, 0x00, 0xc4, 0x00, 0xc4, 0x00, 0xc4, 0x00, 0xc4, 0x00, 0xc4, 0x00, 0xc4, 0x00, 0xc4, 0x00, 0x2a, 0x22, 0x2a, 0x22,
0x2a, 0x22, 0x2a, 0x22, 0x2a, 0x22, 0x2a, 0x22, 0xc4, 0x00, 0xc4, 0x00, 0xc4, 0x00, 0xc4, 0x00, 0xc4, 0x00, 0xc4, 0x00, 0xc4, 0x00, 0xc4, 0x00,
0xc4, 0x00, 0xc4, 0x00, 0xc4, 0x00, 0xc4, 0x00, 0xc4, 0x00, 0xc4, 0x00, 0xc4, 0x00, 0xc4, 0x00, 0xc4, 0x00, 0xc4, 0x00, 0xc4, 0x00, 0xc4, 0x00,
0xc4, 0x00, 0xc4, 0x00, 0xc4, 0x00, 0xc4, 0x00, 0xc4, 0x00, 0xc4, 0x00, 0xc4, 0x00, 0xc4, 0x00, 0xc4, 0x00, 0xc4, 0x00, 0xc4, 0x00, 0xc4, 0x00,
0xc4, 0x00, 0xc4, 0x00, 0xc4, 0x00, 0xc4, 0x00, 0xc4, 0x00, 0xc4, 0x00, 0xc4, 0x00, 0xc4, 0x00, 0xc4, 0x00, 0xc4, 0x00, 0xc4, 0x00, 0xc4, 0x00,
0xc4, 0x00, 0xc4, 0x00, 0xc4, 0x00, 0xc4, 0x00, 0xc4, 0x00, 0xc4, 0x00, 0xc4, 0x00, 0xc4, 0x00, 0x2a, 0x22, 0x2a, 0x22, 0x2a, 0x22, 0x2a, 0x22,
0x2a, 0x22, 0x2a, 0x22, 0xc4, 0x00, 0xc4, 0x00, 0xc4, 0x00, 0xc4, 0x00, 0xc4, 0x00, 0xc4, 0x00, 0x2a, 0x22, 0x2a, 0x22, 0x2a, 0x22, 0x2a, 0x22,
0x2a, 0x22, 0x2a, 0x22, 0x2a, 0x22, 0x2a, 0x22, 0x2a, 0x22, 0x2a, 0x22, 0x37, 0x4f, 0xc4, 0x00, 0xc4, 0x00, 0xc4, 0x00, 0xc4, 0x00, 0xc4, 0x00,
0xc4, 0x00, 0xc4, 0x00, 0xc4, 0x00, 0xc4, 0x00, 0xc4, 0x00, 0xc4, 0x00, 0x2a, 0x22, 0xc4, 0x00, 0xc4, 0x00, 0xc4, 0x00, 0xc4, 0x00, 0xc4, 0x00,
0xc4, 0x00, 0xc4, 0x00, 0xc4, 0x00, 0xc4, 0x00, 0xc4, 0x00, 0xc4, 0x00, 0xc4, 0x00, 0xc4, 0x00, 0xc4, 0x00, 0xc4, 0x00, 0xc4, 0x00, 0xc4, 0x00,
0xc4, 0x00, 0xc4, 0x00, 0xc4, 0x00, 0xc4, 0x00, 0xc4, 0x00, 0xc4, 0x00, 0xc4, 0x00, 0xc4, 0x00, 0xc4, 0x00, 0xc4, 0x00, 0xc4, 0x00, 0xc4, 0x00,
0xc4, 0x00, 0xc4, 0x00, 0xc4, 0x00, 0xc4, 0x00, 0xc4, 0x00, 0xc4, 0x00, 0xc4, 0x00, 0xc4, 0x00, 0xc4, 0x00, 0xc4, 0x00, 0xc4, 0x00, 0xc4, 0x00,
0xc4, 0x00, 0xc4, 0x00, 0xc4, 0x00, 0xc4, 0x00, 0xc4, 0x00, 0xc4, 0x00, 0xc4, 0x00, 0xc4, 0x00, 0xc4, 0x00, 0xc4, 0x00, 0xc4, 0x00, 0xc4, 0x00,
0xc4, 0x00, 0xc4, 0x00, 0xc4, 0x00, 0xc4, 0x00, 0xc4, 0x00, 0xc4, 0x00, 0xc4, 0x00, 0xc4, 0x00, 0xc4, 0x00, 0xc4, 0x00, 0xc4, 0x00, 0xc4, 0x00,
0xc4, 0x00, 0xc4, 0x00, 0xc4, 0x00, 0xc4, 0x00, 0x2a, 0x22, 0x2a, 0x22, 0x2a, 0x22, 0x37, 0x4f, 0x2a, 0x22, 0x2a, 0x22, 0x2a, 0x22, 0x2a, 0x22,
0x2a, 0x22, 0x37, 0x4f, 0xea, 0xc4, 0x37, 0x4f, 0xc4, 0x00, 0xc4, 0x00, 0xc4, 0x00, 0xc4, 0x00, 0xc4, 0x00, 0xc4, 0x00, 0xc4, 0x00, 0xc4, 0x00,
0xc4, 0x00, 0xc4, 0x00, 0xc4, 0x00, 0xc4, 0x00, 0xc4, 0x00, 0xc4, 0x00, 0xc4, 0x00, 0xc4, 0x00, 0xc4, 0x00, 0xc4, 0x00, 0xc4, 0x00, 0xc4, 0x00,
0xc4, 0x00, 0xc4, 0x00, 0xc4, 0x00, 0xc4, 0x00, 0xc4, 0x00, 0xc4, 0x00, 0xc4, 0x00, 0xc4, 0x00, 0xc4, 0x00, 0xc4, 0x00, 0xc4, 0x00, 0xc4, 0x00,
0xc4, 0x00, 0xc4, 0x00, 0xc4, 0x00, 0xc4, 0x00, 0xc4, 0x00, 0xc4, 0x00, 0xc4, 0x00, 0xc4, 0x00, 0xc4, 0x00, 0xc4, 0x00, 0xc4, 0x00, 0x2a, 0x22,
0xc4, 0x00, 0xc4, 0x00, 0xc4, 0x00, 0xc4, 0x00, 0xc4, 0x00, 0xc4, 0x00, 0xc4, 0x00, 0xc4, 0x00, 0xc4, 0x00, 0xc4, 0x00, 0xc4, 0x00, 0xc4, 0x00,
0xc4, 0x00, 0xc4, 0x00, 0xc4, 0x00, 0xc4, 0x00, 0xc4, 0x00, 0xc4, 0x00, 0xc4, 0x00, 0xc4, 0x00, 0xc4, 0x00, 0xc4, 0x00, 0xc4, 0x00, 0xc4, 0x00,
0xc4, 0x00, 0xc4, 0x00, 0xc4, 0x00, 0xc4, 0x00, 0xc4, 0x00, 0xc4, 0x00, 0xc4, 0x00, 0xc4, 0x00, 0xc4, 0x00, 0xc4, 0x00, 0xc4, 0x00, 0xc4, 0x00,
0xc4, 0x00, 0xc4, 0x00, 0xc4, 0x00, 0xc4, 0x00, 0xc4, 0x00, 0xc4, 0x00, 0xc4, 0x00, 0xc4, 0x00, 0xc4, 0x00, 0xc4, 0x00, 0xc4, 0x00, 0xc4, 0x00,
0xc4, 0x00, 0xc4, 0x00, 0xc4, 0x00, 0xc4, 0x00, 0xc4, 0x00, 0xc4, 0x00, 0xc4, 0x00, 0xc4, 0x00, 0xc4, 0x00, 0x2a, 0x22, 0x2a, 0x22, 0xc4, 0x00,
0xc4, 0x00, 0xc4, 0x00, 0xc4, 0x00, 0xc4, 0x00, 0xc4, 0x00, 0xc4, 0x00, 0xc4, 0x00, 0xc4, 0x00, 0x2a, 0x22, 0x2a, 0x22, 0x2a, 0x22, 0x2a, 0x22,
0x2a, 0x22, 0x2a, 0x22, 0x2a, 0x22, 0x2a, 0x22, 0x2a, 0x22, 0xea, 0xc4, 0xc4, 0x00, 0xc4, 0x00, 0xc4, 0x00, 0xc4, 0x00, 0xc4, 0x00, 0xc4, 0x00,
0xc4, 0x00, 0xc4, 0x00, 0xc4, 0x00, 0xc4, 0x00, 0xc4, 0x00, 0xc4, 0x00, 0x2a, 0x22, 0x2a, 0x22, 0xc4, 0x00, 0xc4, 0x00, 0xc4, 0x00, 0xc4, 0x00,
0xc4, 0x00, 0xc4, 0x00, 0xc4, 0x00, 0xc4, 0x00, 0xc4, 0x00, 0xc4, 0x00, 0xc4, 0x00, 0xc4, 0x00, 0xc4, 0x00, 0xc4, 0x00, 0xc4, 0x00, 0xc4, 0x00,
0xc4, 0x00, 0xc4, 0x00, 0xc4, 0x00, 0xc4, 0x00, 0xc4, 0x00, 0xc4, 0x00, 0xc4, 0x00, 0xc4, 0x00, 0xc4, 0x00, 0xc4, 0x00, 0xc4, 0x00, 0xc4, 0x00,
0xc4, 0x00, 0xc4, 0x00, 0xc4, 0x00, 0xc4, 0x00, 0xc4, 0x00, 0xc4, 0x00, 0xc4, 0x00, 0xc4, 0x00, 0xc4, 0x00, 0xc4, 0x00, 0xc4, 0x00, 0xc4, 0x00,
0xc4, 0x00, 0xc4, 0x00, 0xc4, 0x00, 0xc4, 0x00, 0xc4, 0x00, 0xc4, 0x00, 0xc4, 0x00, 0xc4, 0x00, 0xc4, 0x00, 0xc4, 0x00, 0xc4, 0x00, 0xc4, 0x00,
0xc4, 0x00, 0xc4, 0x00, 0xc4, 0x00, 0xc4, 0x00, 0xc4, 0x00, 0xc4, 0x00, 0xc4, 0x00, 0xc4, 0x00, 0xc4, 0x00, 0xc4, 0x00, 0xc4, 0x00, 0xc4, 0x00,
0xc4, 0x00, 0xc4, 0x00, 0xc4, 0x00, 0x2a, 0x22, 0x37, 0x4f, 0x2a, 0x22, 0x2a, 0x22, 0x2a, 0x22, 0x2a, 0x22, 0x2a, 0x22, 0x2a, 0x22, 0x2a, 0x22,
0x2a, 0x22, 0x2a, 0x22, 0xc4, 0x00, 0xc4, 0x00, 0xc4, 0x00, 0xc4, 0x00, 0xc4, 0x00, 0xc4, 0x00, 0xc4, 0x00, 0xc4, 0x00, 0xc4, 0x00, 0xc4, 0x00,
0xc4, 0x00, 0xc4, 0x00, 0xc4, 0x00, 0xc4, 0x00, 0xc4, 0x00, 0xc4, 0x00, 0xc4, 0x00, 0xc4, 0x00, 0xc4, 0x00, 0xc4, 0x00, 0xc4, 0x00, 0xc4, 0x00,
0xc4, 0x00, 0xc4, 0x00, 0xc4, 0x00, 0xc4, 0x00, 0xc4, 0x00, 0xc4, 0x00, 0xc4, 0x00, 0xc4, 0x00, 0xc4, 0x00, 0xc4, 0x00, 0xc4, 0x00, 0xc4, 0x00,
0xc4, 0x00, 0xc4, 0x00, 0xc4, 0x00, 0xc4, 0x00, 0xc4, 0x00, 0xc4, 0x00, 0xc4, 0x00, 0xc4, 0x00, 0xc4, 0x00, 0xc4, 0x00, 0xc4, 0x00, 0xc4, 0x00,
0xc4, 0x00, 0xc4, 0x00, 0xc4, 0x00, 0xc4, 0x00, 0xc4, 0x00, 0xc4, 0x00, 0xc4, 0x00, 0xc4, 0x00, 0xc4, 0x00, 0xc4, 0x00, 0xc4, 0x00, 0xc4, 0x00,
0xc4, 0x00, 0xc4, 0x00, 0xc4, 0x00, 0xc4, 0x00, 0xc4, 0x00, 0xc4, 0x00, 0xc4, 0x00, 0xc4, 0x00, 0xc4, 0x00, 0xc4, 0x00, 0xc4, 0x00, 0xc4, 0x00,
0xc4, 0x00, 0xc4, 0x00, 0xc4, 0x00, 0xc4, 0x00, 0xc4, 0x00, 0xc4, 0x00, 0xc4, 0x00, 0xc4, 0x00, 0xc4, 0x00, 0xc4, 0x00, 0xc4, 0x00, 0xc4, 0x00,
0xc4, 0x00, 0xc4, 0x00, 0xc4, 0x00, 0xc4, 0x00, 0xc4, 0x00, 0xc4, 0x00, 0xc4, 0x00, 0xc4, 0x00, 0xc4, 0x00, 0xc4, 0x00, 0xc4, 0x00, 0xc4, 0x00,
0xc4, 0x00, 0xc4, 0x00, 0xc4, 0x00, 0xc4, 0x00, 0xc4, 0x00, 0xc4, 0x00, 0xc4, 0x00, 0xc4, 0x00, 0xc4, 0x00, 0xc4, 0x00, 0xc4, 0x00, 0xc4, 0x00,
0xc4, 0x00, 0xc4, 0x00, 0xc4, 0x00, 0xc4, 0x00, 0xc4, 0x00, 0xc4, 0x00, 0xc4, 0x00, 0xc4, 0x00, 0xc4, 0x00, 0xc4, 0x00, 0x2a, 0x22, 0x2a, 0x22,
0x2a, 0x22, 0x2a, 0x22, 0x2a, 0x22, 0x2a, 0x22, 0x2a, 0x22, 0x2a, 0x22, 0xc4, 0x00, 0xc4, 0x00, 0xc4, 0x00, 0xc4, 0x00, 0xc4, 0x00, 0xc4, 0x00,
0xc4, 0x00, 0xc4, 0x00, 0xc4, 0x00, 0xc4, 0x00, 0xc4, 0x00, 0xc4, 0x00, 0xc4, 0x00, 0x2a, 0x22, 0x2a, 0x22, 0xc4, 0x00, 0xc4, 0x00, 0xc4, 0x00,
0xc4, 0x00, 0xc4, 0x00, 0xc4, 0x00, 0xc4, 0x00, 0xc4, 0x00, 0xc4, 0x00, 0xc4, 0x00, 0xc4, 0x00, 0xc4, 0x00, 0xc4, 0x00, 0xc4, 0x00, 0xc4, 0x00,
0xc4, 0x00, 0xc4, 0x00, 0xc4, 0x00, 0xc4, 0x00, 0xc4, 0x00, 0xc4, 0x00, 0xc4, 0x00, 0xc4, 0x00, 0xc4, 0x00, 0xc4, 0x00, 0xc4, 0x00, 0xc4, 0x00,
0xc4, 0x00, 0xc4, 0x00, 0xc4, 0x00, 0xc4, 0x00, 0xc4, 0x00, 0xc4, 0x00, 0xc4, 0x00, 0xc4, 0x00, 0xc4, 0x00, 0xc4, 0x00, 0xc4, 0x00, 0xc4, 0x00,
0xc4, 0x00, 0xc4, 0x00, 0xc4, 0x00, 0xc4, 0x00, 0xc4, 0x00, 0xc4, 0x00, 0xc4, 0x00, 0xc4, 0x00, 0xc4, 0x00, 0xc4, 0x00, 0xc4, 0x00, 0xc4, 0x00,
0xc4, 0x00, 0xc4, 0x00, 0xc4, 0x00, 0xc4, 0x00, 0xc4, 0x00, 0xc4, 0x00, 0xc4, 0x00, 0xc4, 0x00, 0xc4, 0x00, 0xc4, 0x00, 0xc4, 0x00, 0xc4, 0x00,
0xc4, 0x00, 0xc4, 0x00, 0xc4, 0x00, 0x2a, 0x22, 0x2a, 0x22, 0x2a, 0x22, 0x2a, 0x22, 0x2a, 0x22, 0x2a, 0x22, 0x2a, 0x22, 0x2a, 0x22, 0x2a, 0x22,
0x2a, 0x22, 0x2a, 0x22, 0xc4, 0x00, 0xc4, 0x00, 0xc4, 0x00, 0xc4, 0x00, 0xc4, 0x00, 0xc4, 0x00, 0xc4, 0x00, 0xc4, 0x00, 0xc4, 0x00, 0xc4, 0x00,
0xc4, 0x00, 0xc4, 0x00, 0xc4, 0x00, 0xc4, 0x00, 0xc4, 0x00, 0xc4, 0x00, 0xc4, 0x00, 0xc4, 0x00, 0xc4, 0x00, 0xc4, 0x00, 0xc4, 0x00, 0xc4, 0x00,
0xc4, 0x00, 0xc4, 0x00, 0xc4, 0x00, 0xc4, 0x00, 0xc4, 0x00, 0xc4, 0x00, 0xc4, 0x00, 0xc4, 0x00, 0xc4, 0x00, 0xc4, 0x00, 0xc4, 0x00, 0xc4, 0x00,
0xc4, 0x00, 0xc4, 0x00, 0xc4, 0x00, 0xc4, 0x00, 0xc4, 0x00, 0xc4, 0x00, 0xc4, 0x00, 0xc4, 0x00, 0xc4, 0x00, 0xc4, 0x00, 0xc4, 0x00, 0xc4, 0x00,
0xc4, 0x00, 0xc4, 0x00, 0xc4, 0x00, 0xc4, 0x00, 0xc4, 0x00, 0xc4, 0x00, 0xc4, 0x00, 0xc4, 0x00, 0xc4, 0x00, 0xc4, 0x00, 0xc4, 0x00, 0xc4, 0x00,
0xc4, 0x00, 0xc4, 0x00, 0xc4, 0x00, 0xc4, 0x00, 0xc4, 0x00, 0xc4, 0x00, 0xc4, 0x00, 0xc4, 0x00, 0xc4, 0x00, 0xc4, 0x00, 0xc4, 0x00, 0xc4, 0x00,
0xc4, 0x00, 0xc4, 0x00, 0xc4, 0x00, 0xc4, 0x00, 0xc4, 0x00, 0xc4, 0x00, 0xc4, 0x00, 0xc4, 0x00, 0xc4, 0x00, 0xc4, 0x00, 0xc4, 0x00, 0xc4, 0x00,
0xc4, 0x00, 0xc4, 0x00, 0xc4, 0x00, 0xc4, 0x00, 0xc4, 0x00, 0xc4, 0x00, 0xc4, 0x00, 0xc4, 0x00, 0xc4, 0x00, 0xc4, 0x00, 0xc4, 0x00, 0xc4, 0x00,
0xc4, 0x00, 0xc4, 0x00, 0xc4, 0x00, 0xc4, 0x00, 0xc4, 0x00, 0xc4, 0x00, 0xc4, 0x00, 0xc4, 0x00, 0xc4, 0x00, 0xc4, 0x00, 0xc4, 0x00, 0xc4, 0x00,
0xc4, 0x00, 0xc4, 0x00, 0xc4, 0x00, 0xc4, 0x00, 0xc4, 0x00, 0xc4, 0x00, 0xc4, 0x00, 0xc4, 0x00, 0xc4, 0x00, 0xc4, 0x00, 0xc4, 0x00, 0x2a, 0x22,
0x2a, 0x22, 0x2a, 0x22, 0x2a, 0x22, 0x2a, 0x22, 0x2a, 0x22, 0xc4, 0x00, 0xc4, 0x00, 0xc4, 0x00, 0xc4, 0x00, 0xc4, 0x00, 0xc4, 0x00, 0xc4, 0x00,
0xc4, 0x00, 0xc4, 0x00, 0xc4, 0x00, 0xc4, 0x00, 0xc4, 0x00, 0xc4, 0x00, 0xc4, 0x00, 0x2a, 0x22, 0x2a, 0x22, 0x37, 0x4f, 0x2a, 0x22, 0xc4, 0x00,
0xc4, 0x00, 0xc4, 0x00, 0xc4, 0x00, 0xc4, 0x00, 0xc4, 0x00, 0xc4, 0x00, 0xc4, 0x00, 0xc4, 0x00, 0xc4, 0x00, 0xc4, 0x00, 0xc4, 0x00, 0xc4, 0x00,
0xc4, 0x00, 0xc4, 0x00, 0xc4, 0x00, 0xc4, 0x00, 0xc4, 0x00, 0xc4, 0x00, 0xc4, 0x00, 0xc4, 0x00, 0xc4, 0x00, 0xc4, 0x00, 0xc4, 0x00, 0xc4, 0x00,
0xc4, 0x00, 0xc4, 0x00, 0xc4, 0x00, 0xc4, 0x00, 0xc4, 0x00, 0xc4, 0x00, 0xc4, 0x00, 0xc4, 0x00, 0xc4, 0x00, 0xc4, 0x00, 0xc4, 0x00, 0xc4, 0x00,
0xc4, 0x00, 0xc4, 0x00, 0xc4, 0x00, 0xc4, 0x00, 0xc4, 0x00, 0xc4, 0x00, 0xc4, 0x00, 0xc4, 0x00, 0xc4, 0x00, 0xc4, 0x00, 0xc4, 0x00, 0xc4, 0x00,
0xc4, 0x00, 0xc4, 0x00, 0xc4, 0x00, 0xc4, 0x00, 0xc4, 0x00, 0xc4, 0x00, 0xc4, 0x00, 0xc4, 0x00, 0xc4, 0x00, 0xc4, 0x00, 0xc4, 0x00, 0xc4, 0x00,
0xc4, 0x00, 0xc4, 0x00, 0xc4, 0x00, 0x2a, 0x22, 0x2a, 0x22, 0x2a, 0x22, 0x2a, 0x22, 0x37, 0x4f, 0x2a, 0x22, 0x2a, 0x22, 0x2a, 0x22, 0xc4, 0x00,
0x37, 0x4f, 0xc4, 0x00, 0xc4, 0x00, 0xc4, 0x00, 0xc4, 0x00, 0xc4, 0x00, 0xc4, 0x00, 0xc4, 0x00, 0xc4, 0x00, 0xc4, 0x00, 0xc4, 0x00, 0xc4, 0x00,
0xc4, 0x00, 0xc4, 0x00, 0xc4, 0x00, 0xc4, 0x00, 0xc4, 0x00, 0xc4, 0x00, 0xc4, 0x00, 0xc4, 0x00, 0xc4, 0x00, 0xc4, 0x00, 0xc4, 0x00, 0xc4, 0x00,
0xc4, 0x00, 0xc4, 0x00, 0xc4, 0x00, 0xc4, 0x00, 0xc4, 0x00, 0xc4, 0x00, 0xc4, 0x00, 0xc4, 0x00, 0xc4, 0x00, 0xc4, 0x00, 0xc4, 0x00, 0xc4, 0x00,
0xc4, 0x00, 0xc4, 0x00, 0xc4, 0x00, 0xc4, 0x00, 0xc4, 0x00, 0xc4, 0x00, 0xc4, 0x00, 0xc4, 0x00, 0xc4, 0x00, 0xc4, 0x00, 0xc4, 0x00, 0xc4, 0x00,
0xc4, 0x00, 0xc4, 0x00, 0xc4, 0x00, 0xc4, 0x00, 0xc4, 0x00, 0xc4, 0x00, 0xc4, 0x00, 0xc4, 0x00, 0xc4, 0x00, 0xc4, 0x00, 0xc4, 0x00, 0xc4, 0x00,
0xc4, 0x00, 0xc4, 0x00, 0xc4, 0x00, 0xc4, 0x00, 0xc4, 0x00, 0xc4, 0x00, 0xc4, 0x00, 0xc4, 0x00, 0xc4, 0x00, 0xc4, 0x00, 0xc4, 0x00, 0xc4, 0x00,
0xc4, 0x00, 0xc4, 0x00, 0xc4, 0x00, 0xc4, 0x00, 0xc4, 0x00, 0xc4, 0x00, 0xc4, 0x00, 0xc4, 0x00, 0xc4, 0x00, 0xc4, 0x00, 0xc4, 0x00, 0xc4, 0x00,
0xc4, 0x00, 0xc4, 0x00, 0xc4, 0x00, 0xc4, 0x00, 0xc4, 0x00, 0xc4, 0x00, 0xc4, 0x00, 0xc4, 0x00, 0xc4, 0x00, 0xc4, 0x00, 0xc4, 0x00, 0xc4, 0x00,
0xc4, 0x00, 0xc4, 0x00, 0xc4, 0x00, 0xc4, 0x00, 0xc4, 0x00, 0xc4, 0x00, 0xc4, 0x00, 0xc4, 0x00, 0xc4, 0x00, 0xc4, 0x00, 0xc4, 0x00, 0xc4, 0x00,
0xc4, 0x00, 0xc4, 0x00, 0xc4, 0x00, 0xc4, 0x00, 0xc4, 0x00, 0xc4, 0x00, 0xc4, 0x00, 0xc4, 0x00, 0xc4, 0x00, 0xc4, 0x00, 0xc4, 0x00, 0xc4, 0x00,
0xc4, 0x00, 0xc4, 0x00, 0x2a, 0x22, 0xc4, 0x00, 0xc4, 0x00, 0xc4, 0x00, 0xc4, 0x00, 0xc4, 0x00, 0xc4, 0x00, 0xc4, 0x00, 0xc4, 0x00, 0xc4, 0x00,
0xc4, 0x00, 0xc4, 0x00, 0xc4, 0x00, 0xc4, 0x00, 0xc4, 0x00, 0xc4, 0x00, 0xc4, 0x00, 0x2a, 0x22, 0x37, 0x4f, 0x2a, 0x22, 0xc4, 0x00, 0xc4, 0x00,
0xc4, 0x00, 0xc4, 0x00, 0xc4, 0x00, 0xc4, 0x00, 0xc4, 0x00, 0xc4, 0x00, 0xc4, 0x00, 0xc4, 0x00, 0xc4, 0x00, 0xc4, 0x00, 0xc4, 0x00, 0xc4, 0x00,
0xc4, 0x00, 0xc4, 0x00, 0xc4, 0x00, 0xc4, 0x00, 0xc4, 0x00, 0xc4, 0x00, 0xc4, 0x00, 0xc4, 0x00, 0xc4, 0x00, 0xc4, 0x00, 0xc4, 0x00, 0xc4, 0x00,
0xc4, 0x00, 0xc4, 0x00, 0xc4, 0x00, 0xc4, 0x00, 0xc4, 0x00, 0xc4, 0x00, 0xc4, 0x00, 0xc4, 0x00, 0xc4, 0x00, 0xc4, 0x00, 0xc4, 0x00, 0xc4, 0x00,
0xc4, 0x00, 0xc4, 0x00, 0xc4, 0x00, 0xc4, 0x00, 0xc4, 0x00, 0xc4, 0x00, 0xc4, 0x00, 0xc4, 0x00, 0xc4, 0x00, 0xc4, 0x00, 0xc4, 0x00, 0xc4, 0x00,
0xc4, 0x00, 0xc4, 0x00, 0xc4, 0x00, 0xc4, 0x00, 0xc4, 0x00, 0xc4, 0x00, 0xc4, 0x00, 0xc4, 0x00, 0xc4, 0x00, 0xc4, 0x00, 0xc4, 0x00, 0xc4, 0x00,
0xc4, 0x00, 0xc4, 0x00, 0xc4, 0x00, 0x2a, 0x22, 0x2a, 0x22, 0x2a, 0x22, 0x2a, 0x22, 0x2a, 0x22, 0x2a, 0x22, 0x2a, 0x22, 0x2a, 0x22, 0xc4, 0x00,
0xc4, 0x00, 0xc4, 0x00, 0xc4, 0x00, 0xc4, 0x00, 0xc4, 0x00, 0xc4, 0x00, 0xc4, 0x00, 0xc4, 0x00, 0xc4, 0x00, 0xc4, 0x00, 0xc4, 0x00, 0xc4, 0x00,
0xc4, 0x00, 0xc4, 0x00, 0xc4, 0x00, 0xc4, 0x00, 0xc4, 0x00, 0xc4, 0x00, 0xc4, 0x00, 0xc4, 0x00, 0xc4, 0x00, 0xc4, 0x00, 0xc4, 0x00, 0xc4, 0x00,
0xc4, 0x00, 0xc4, 0x00, 0xc4, 0x00, 0xc4, 0x00, 0xc4, 0x00, 0xc4, 0x00, 0xc4, 0x00, 0xc4, 0x00, 0xc4, 0x00, 0xc4, 0x00, 0xc4, 0x00, 0xc4, 0x00,
0xc4, 0x00, 0xc4, 0x00, 0xc4, 0x00, 0xc4, 0x00, 0xc4, 0x00, 0xc4, 0x00, 0xc4, 0x00, 0xc4, 0x00, 0xc4, 0x00, 0xc4, 0x00, 0xc4, 0x00, 0xc4, 0x00,
0xc4, 0x00, 0xc4, 0x00, 0xc4, 0x00, 0xc4, 0x00, 0xc4, 0x00, 0xc4, 0x00, 0xc4, 0x00, 0xc4, 0x00, 0xc4, 0x00, 0xc4, 0x00, 0xc4, 0x00, 0xc4, 0x00,
0xc4, 0x00, 0xc4, 0x00, 0xc4, 0x00, 0xc4, 0x00, 0xc4, 0x00, 0xc4, 0x00, 0xc4, 0x00, 0xc4, 0x00, 0xc4, 0x00, 0xc4, 0x00, 0xc4, 0x00, 0xc4, 0x00,
0xc4, 0x00, 0xc4, 0x00, 0xc4, 0x00, 0xc4, 0x00, 0xc4, 0x00, 0xc4, 0x00, 0xc4, 0x00, 0xc4, 0x00, 0xc4, 0x00, 0xc4, 0x00, 0xc4, 0x00, 0xc4, 0x00,
0xc4, 0x00, 0xc4, 0x00, 0xc4, 0x00, 0xc4, 0x00, 0xc4, 0x00, 0xc4, 0x00, 0xc4, 0x00, 0xc4, 0x00, 0xc4, 0x00, 0xc4, 0x00, 0xc4, 0x00, 0xc4, 0x00,
0xc4, 0x00, 0xc4, 0x00, 0xc4, 0x00, 0xc4, 0x00, 0xc4, 0x00, 0xc4, 0x00, 0xc4, 0x00, 0xc4, 0x00, 0xc4, 0x00, 0xc4, 0x00, 0xc4, 0x00, 0xc4, 0x00,
0xc4, 0x00, 0xc4, 0x00, 0xc4, 0x00, 0xc4, 0x00, 0xc4, 0x00, 0xc4, 0x00, 0xc4, 0x00, 0xc4, 0x00, 0xc4, 0x00, 0xc4, 0x00, 0xc4, 0x00, 0xc4, 0x00,
0xc4, 0x00, 0x2a, 0x22, 0x2a, 0x22, 0x2a, 0x22, 0x2a, 0x22, 0xc4, 0x00, 0xc4, 0x00, 0xc4, 0x00, 0xc4, 0x00, 0xc4, 0x00, 0xc4, 0x00, 0xc4, 0x00,
0xc4, 0x00, 0xc4, 0x00, 0xc4, 0x00, 0xc4, 0x00, 0xc4, 0x00, 0x2a, 0x22, 0x2a, 0x22, 0x2a, 0x22, 0x2a, 0x22, 0xc4, 0x00, 0xc4, 0x00, 0xc4, 0x00,
0xc4, 0x00, 0xc4, 0x00, 0xc4, 0x00, 0xc4, 0x00, 0xc4, 0x00, 0xc4, 0x00, 0xc4, 0x00, 0xc4, 0x00, 0xc4, 0x00, 0xc4, 0x00, 0xc4, 0x00, 0xc4, 0x00,
0xc4, 0x00, 0xc4, 0x00, 0xc4, 0x00, 0xc4, 0x00, 0xc4, 0x00, 0xc4, 0x00, 0xc4, 0x00, 0xc4, 0x00, 0xc4, 0x00, 0xc4, 0x00, 0xc4, 0x00, 0xc4, 0x00,
0xc4, 0x00, 0xc4, 0x00, 0xc4, 0x00, 0xc4, 0x00, 0xc4, 0x00, 0xc4, 0x00, 0xc4, 0x00, 0xc4, 0x00, 0xc4, 0x00, 0xc4, 0x00, 0xc4, 0x00, 0xc4, 0x00,
0xc4, 0x00, 0xc4, 0x00, 0xc4, 0x00, 0xc4, 0x00, 0xc4, 0x00, 0xc4, 0x00, 0xc4, 0x00, 0xc4, 0x00, 0xc4, 0x00, 0xc4, 0x00, 0xc4, 0x00, 0xc4, 0x00,
0xc4, 0x00, 0xc4, 0x00, 0xc4, 0x00, 0xc4, 0x00, 0xc4, 0x00, 0xc4, 0x00, 0xc4, 0x00, 0xc4, 0x00, 0xc4, 0x00, 0xc4, 0x00, 0xc4, 0x00, 0xc4, 0x00,
0xc4, 0x00, 0xc4, 0x00, 0xc4, 0x00, 0x2a, 0x22, 0x2a, 0x22, 0x2a, 0x22, 0x2a, 0x22, 0x2a, 0x22, 0x2a, 0x22, 0x2a, 0x22, 0xc4, 0x00, 0xc4, 0x00,
0xc4, 0x00, 0xc4, 0x00, 0xc4, 0x00, 0xc4, 0x00, 0xc4, 0x00, 0xc4, 0x00, 0xc4, 0x00, 0xc4, 0x00, 0xc4, 0x00, 0xc4, 0x00, 0xc4, 0x00, 0xc4, 0x00,
0xc4, 0x00, 0xc4, 0x00, 0xc4, 0x00, 0xc4, 0x00, 0xc4, 0x00, 0xc4, 0x00, 0xc4, 0x00, 0xc4, 0x00, 0xc4, 0x00, 0xc4, 0x00, 0xc4, 0x00, 0xc4, 0x00,
0xc4, 0x00, 0xc4, 0x00, 0xc4, 0x00, 0xc4, 0x00, 0xc4, 0x00, 0xc4, 0x00, 0xc4, 0x00, 0xc4, 0x00, 0xc4, 0x00, 0xc4, 0x00, 0xc4, 0x00, 0xc4, 0x00,
0xc4, 0x00, 0xc4, 0x00, 0xc4, 0x00, 0xc4, 0x00, 0xc4, 0x00, 0xc4, 0x00, 0xc4, 0x00, 0xc4, 0x00, 0xc4, 0x00, 0xc4, 0x00, 0xc4, 0x00, 0xc4, 0x00,
0xc4, 0x00, 0xc4, 0x00, 0xc4, 0x00, 0xc4, 0x00, 0xc4, 0x00, 0xc4, 0x00, 0xc4, 0x00, 0xc4, 0x00, 0xc4, 0x00, 0xc4, 0x00, 0xc4, 0x00, 0xc4, 0x00,
0xc4, 0x00, 0xc4, 0x00, 0xc4, 0x00, 0xc4, 0x00, 0xc4, 0x00, 0xc4, 0x00, 0xc4, 0x00, 0xc4, 0x00, 0xc4, 0x00, 0xc4, 0x00, 0xc4, 0x00, 0xc4, 0x00,
0xc4, 0x00, 0xc4, 0x00, 0xc4, 0x00, 0xc4, 0x00, 0xc4, 0x00, 0xc4, 0x00, 0xc4, 0x00, 0xc4, 0x00, 0xc4, 0x00, 0xc4, 0x00, 0xc4, 0x00, 0xc4, 0x00,
0xc4, 0x00, 0xc4, 0x00, 0xc4, 0x00, 0xc4, 0x00, 0xc4, 0x00, 0xc4, 0x00, 0xc4, 0x00, 0xc4, 0x00, 0xc4, 0x00, 0xc4, 0x00, 0xc4, 0x00, 0xc4, 0x00,
0xc4, 0x00, 0xc4, 0x00, 0xc4, 0x00, 0xc4, 0x00, 0xc4, 0x00, 0xc4, 0x00, 0xc4, 0x00, 0xc4, 0x00, 0xc4, 0x00, 0xc4, 0x00, 0xc4, 0x00, 0xc4, 0x00,
0xc4, 0x00, 0xc4, 0x00, 0xc4, 0x00, 0xc4, 0x00, 0xc4, 0x00, 0xc4, 0x00, 0xc4, 0x00, 0xc4, 0x00, 0xc4, 0x00, 0xc4, 0x00, 0xc4, 0x00, 0xc4, 0x00,
0xc4, 0x00, 0xc4, 0x00, 0x2a, 0x22, 0x2a, 0x22, 0x2a, 0x22, 0xc4, 0x00, 0xc4, 0x00, 0xc4, 0x00, 0xc4, 0x00, 0xc4, 0x00, 0xc4, 0x00, 0xc4, 0x00,
0xc4, 0x00, 0xc4, 0x00, 0xc4, 0x00, 0xc4, 0x00, 0xc4, 0x00, 0x2a, 0x22, 0x2a, 0x22, 0x2a, 0x22, 0x37, 0x4f, 0xc4, 0x00, 0xc4, 0x00, 0xc4, 0x00,
0xc4, 0x00, 0xc4, 0x00, 0xc4, 0x00, 0xc4, 0x00, 0xc4, 0x00, 0xc4, 0x00, 0xc4, 0x00, 0xc4, 0x00, 0xc4, 0x00, 0xc4, 0x00, 0xc4, 0x00, 0xc4, 0x00,
0xc4, 0x00, 0xc4, 0x00, 0xc4, 0x00, 0xc4, 0x00, 0xc4, 0x00, 0xc4, 0x00, 0xc4, 0x00, 0xc4, 0x00, 0xc4, 0x00, 0xc4, 0x00, 0xc4, 0x00, 0xc4, 0x00,
0xc4, 0x00, 0xc4, 0x00, 0xc4, 0x00, 0xc4, 0x00, 0xc4, 0x00, 0xc4, 0x00, 0xc4, 0x00, 0xc4, 0x00, 0xc4, 0x00, 0xc4, 0x00, 0xc4, 0x00, 0xc4, 0x00,
0xc4, 0x00, 0xc4, 0x00, 0xc4, 0x00, 0xc4, 0x00, 0xc4, 0x00, 0xc4, 0x00, 0xc4, 0x00, 0xc4, 0x00, 0xc4, 0x00, 0xc4, 0x00, 0xc4, 0x00, 0xc4, 0x00,
0xc4, 0x00, 0xc4, 0x00, 0xc4, 0x00, 0xc4, 0x00, 0xc4, 0x00, 0xc4, 0x00, 0xc4, 0x00, 0xc4, 0x00, 0xc4, 0x00, 0xc4, 0x00, 0xc4, 0x00, 0xc4, 0x00,
0xc4, 0x00, 0xc4, 0x00, 0xc4, 0x00, 0x2a, 0x22, 0x2a, 0x22, 0x2a, 0x22, 0x2a, 0x22, 0x2a, 0x22, 0x2a, 0x22, 0xc4, 0x00, 0xc4, 0x00, 0xc4, 0x00,
0xc4, 0x00, 0xc4, 0x00, 0xc4, 0x00, 0xc4, 0x00, 0xc4, 0x00, 0xc4, 0x00, 0xc4, 0x00, 0xc4, 0x00, 0xc4, 0x00, 0xc4, 0x00, 0xc4, 0x00, 0xc4, 0x00,
0xc4, 0x00, 0xc4, 0x00, 0xc4, 0x00, 0xc4, 0x00, 0xc4, 0x00, 0xc4, 0x00, 0xc4, 0x00, 0xc4, 0x00, 0xc4, 0x00, 0xc4, 0x00, 0xc4, 0x00, 0xc4, 0x00,
0xc4, 0x00, 0xc4, 0x00, 0xc4, 0x00, 0xc4, 0x00, 0xc4, 0x00, 0xc4, 0x00, 0xc4, 0x00, 0xc4, 0x00, 0xc4, 0x00, 0xc4, 0x00, 0xc4, 0x00, 0xc4, 0x00,
0xc4, 0x00, 0xc4, 0x00, 0xc4, 0x00, 0xc4, 0x00, 0xc4, 0x00, 0xc4, 0x00, 0xc4, 0x00, 0xc4, 0x00, 0xc4, 0x00, 0xc4, 0x00, 0xc4, 0x00, 0xc4, 0x00,
0xc4, 0x00, 0xc4, 0x00, 0xc4, 0x00, 0xc4, 0x00, 0xc4, 0x00, 0xc4, 0x00, 0xc4, 0x00, 0xc4, 0x00, 0xc4, 0x00, 0xc4, 0x00, 0xc4, 0x00, 0xc4, 0x00,
0xc4, 0x00, 0xc4, 0x00, 0xc4, 0x00, 0xc4, 0x00, 0xc4, 0x00, 0xc4, 0x00, 0xc4, 0x00, 0xc4, 0x00, 0xc4, 0x00, 0xc4, 0x00, 0xc4, 0x00, 0xc4, 0x00,
0xc4, 0x00, 0xc4, 0x00, 0xc4, 0x00, 0xc4, 0x00, 0xc4, 0x00, 0xc4, 0x00, 0xc4, 0x00, 0xc4, 0x00, 0xc4, 0x00, 0xc4, 0x00, 0xc4, 0x00, 0xc4, 0x00,
0xc4, 0x00, 0xc4, 0x00, 0xc4, 0x00, 0xc4, 0x00, 0xc4, 0x00, 0xc4, 0x00, 0xc4, 0x00, 0xc4, 0x00, 0xc4, 0x00, 0xc4, 0x00, 0xc4, 0x00, 0xc4, 0x00,
0xc4, 0x00, 0xc4, 0x00, 0xc4, 0x00, 0xc4, 0x00, 0xc4, 0x00, 0xc4, 0x00, 0xc4, 0x00, 0xc4, 0x00, 0xc4, 0x00, 0xc4, 0x00, 0xc4, 0x00, 0xc4, 0x00,
0xc4, 0x00, 0xc4, 0x00, 0xc4, 0x00, 0xc4, 0x00, 0xc4, 0x00, 0xc4, 0x00, 0xc4, 0x00, 0xc4, 0x00, 0xc4, 0x00, 0xc4, 0x00, 0xc4, 0x00, 0xc4, 0x00,
0xc4, 0x00, 0xc4, 0x00, 0x2a, 0x22, 0x2a, 0x22, 0xc4, 0x00, 0xc4, 0x00, 0xc4, 0x00, 0xc4, 0x00, 0xc4, 0x00, 0xc4, 0x00, 0xc4, 0x00, 0xc4, 0x00,
0xc4, 0x00, 0xc4, 0x00, 0xc4, 0x00, 0xc4, 0x00, 0x2a, 0x22, 0x2a, 0x22, 0x2a, 0x22, 0xc4, 0x00, 0xc4, 0x00, 0xc4, 0x00, 0xc4, 0x00, 0xc4, 0x00,
0xc4, 0x00, 0xc4, 0x00, 0xc4, 0x00, 0xc4, 0x00, 0xc4, 0x00, 0xc4, 0x00, 0xc4, 0x00, 0xc4, 0x00, 0xc4, 0x00, 0xc4, 0x00, 0xc4, 0x00, 0xc4, 0x00,
0xc4, 0x00, 0xc4, 0x00, 0xc4, 0x00, 0xc4, 0x00, 0xc4, 0x00, 0xc4, 0x00, 0xc4, 0x00, 0xc4, 0x00, 0xc4, 0x00, 0xc4, 0x00, 0xc4, 0x00, 0xc4, 0x00,
0xc4, 0x00, 0xc4, 0x00, 0xc4, 0x00, 0xc4, 0x00, 0xc4, 0x00, 0xc4, 0x00, 0xc4, 0x00, 0xc4, 0x00, 0xc4, 0x00, 0xc4, 0x00, 0xc4, 0x00, 0xc4, 0x00,
0xc4, 0x00, 0xc4, 0x00, 0xc4, 0x00, 0xc4, 0x00, 0xc4, 0x00, 0xc4, 0x00, 0xc4, 0x00, 0xc4, 0x00, 0xc4, 0x00, 0xc4, 0x00, 0xc4, 0x00, 0xc4, 0x00,
0xc4, 0x00, 0xc4, 0x00, 0xc4, 0x00, 0xc4, 0x00, 0xc4, 0x00, 0xc4, 0x00, 0xc4, 0x00, 0xc4, 0x00, 0xc4, 0x00, 0xc4, 0x00, 0xc4, 0x00, 0xc4, 0x00,
0xc4, 0x00, 0xc4, 0x00, 0x2a, 0x22, 0x2a, 0x22, 0x2a, 0x22, 0x2a, 0x22, 0x2a, 0x22, 0x2a, 0x22, 0x2a, 0x22, 0xc4, 0x00, 0xc4, 0x00, 0xc4, 0x00,
0xc4, 0x00, 0xc4, 0x00, 0xc4, 0x00, 0xc4, 0x00, 0xc4, 0x00, 0xc4, 0x00, 0xc4, 0x00, 0xc4, 0x00, 0xc4, 0x00, 0xc4, 0x00, 0xc4, 0x00, 0xc4, 0x00,
0xc4, 0x00, 0xc4, 0x00, 0xc4, 0x00, 0xc4, 0x00, 0xc4, 0x00, 0xc4, 0x00, 0xc4, 0x00, 0xc4, 0x00, 0xc4, 0x00, 0xc4, 0x00, 0xc4, 0x00, 0xc4, 0x00,
0xc4, 0x00, 0xc4, 0x00, 0xc4, 0x00, 0xc4, 0x00, 0xc4, 0x00, 0xc4, 0x00, 0xc4, 0x00, 0xc4, 0x00, 0xc4, 0x00, 0xc4, 0x00, 0xc4, 0x00, 0xc4, 0x00,
0xc4, 0x00, 0xc4, 0x00, 0xc4, 0x00, 0xc4, 0x00, 0xc4, 0x00, 0xc4, 0x00, 0xc4, 0x00, 0xc4, 0x00, 0xc4, 0x00, 0xc4, 0x00, 0xc4, 0x00, 0xc4, 0x00,
0xc4, 0x00, 0xc4, 0x00, 0xc4, 0x00, 0xc4, 0x00, 0xc4, 0x00, 0xc4, 0x00, 0xc4, 0x00, 0xc4, 0x00, 0xc4, 0x00, 0xc4, 0x00, 0xc4, 0x00, 0xc4, 0x00,
0xc4, 0x00, 0xc4, 0x00, 0xc4, 0x00, 0xc4, 0x00, 0xc4, 0x00, 0xc4, 0x00, 0xc4, 0x00, 0xc4, 0x00, 0xc4, 0x00, 0xc4, 0x00, 0xc4, 0x00, 0xc4, 0x00,
0xc4, 0x00, 0xc4, 0x00, 0xc4, 0x00, 0xc4, 0x00, 0xc4, 0x00, 0xc4, 0x00, 0xc4, 0x00, 0xc4, 0x00, 0xc4, 0x00, 0xc4, 0x00, 0xc4, 0x00, 0xc4, 0x00,
0xc4, 0x00, 0xc4, 0x00, 0xc4, 0x00, 0xc4, 0x00, 0xc4, 0x00, 0xc4, 0x00, 0xc4, 0x00, 0xc4, 0x00, 0xc4, 0x00, 0xc4, 0x00, 0xc4, 0x00, 0xc4, 0x00,
0xc4, 0x00, 0xc4, 0x00, 0xc4, 0x00, 0xc4, 0x00, 0xc4, 0x00, 0xc4, 0x00, 0xc4, 0x00, 0xc4, 0x00, 0xc4, 0x00, 0xc4, 0x00, 0xc4, 0x00, 0xc4, 0x00,
0xc4, 0x00, 0xc4, 0x00, 0xc4, 0x00, 0xc4, 0x00, 0xc4, 0x00, 0xc4, 0x00, 0xc4, 0x00, 0xc4, 0x00, 0xc4, 0x00, 0xc4, 0x00, 0xc4, 0x00, 0xc4, 0x00,
0xc4, 0x00, 0xc4, 0x00, 0xc4, 0x00, 0xc4, 0x00, 0xc4, 0x00, 0xc4, 0x00, 0xc4, 0x00, 0xc4, 0x00, 0xc4, 0x00, 0xc4, 0x00, 0xc4, 0x00, 0xc4, 0x00,
0xc4, 0x00, 0xc4, 0x00, 0x2a, 0x22, 0x2a, 0x22, 0x2a, 0x22, 0x2a, 0x22, 0xc4, 0x00, 0xc4, 0x00, 0xc4, 0x00, 0xc4, 0x00, 0xc4, 0x00, 0xc4, 0x00,
0xc4, 0x00, 0xc4, 0x00, 0xc4, 0x00, 0xc4, 0x00, 0xc4, 0x00, 0xc4, 0x00, 0xc4, 0x00, 0xc4, 0x00, 0xc4, 0x00, 0xc4, 0x00, 0xc4, 0x00, 0xc4, 0x00,
0xc4, 0x00, 0xc4, 0x00, 0xc4, 0x00, 0xc4, 0x00, 0xc4, 0x00, 0xc4, 0x00, 0xc4, 0x00, 0xc4, 0x00, 0xc4, 0x00, 0xc4, 0x00, 0xc4, 0x00, 0xc4, 0x00,
0xc4, 0x00, 0xc4, 0x00, 0xc4, 0x00, 0xc4, 0x00, 0xc4, 0x00, 0xc4, 0x00, 0xc4, 0x00, 0xc4, 0x00, 0xc4, 0x00, 0xc4, 0x00, 0xc4, 0x00, 0xc4, 0x00,
0xc4, 0x00, 0xc4, 0x00, 0xc4, 0x00, 0xc4, 0x00, 0xc4, 0x00, 0xc4, 0x00, 0xc4, 0x00, 0xc4, 0x00, 0xc4, 0x00, 0xc4, 0x00, 0xc4, 0x00, 0xc4, 0x00,
0xc4, 0x00, 0xc4, 0x00, 0xc4, 0x00, 0xc4, 0x00, 0xc4, 0x00, 0xc4, 0x00, 0xc4, 0x00, 0xc4, 0x00, 0xc4, 0x00, 0xc4, 0x00, 0xc4, 0x00, 0xc4, 0x00,
0xc4, 0x00, 0xc4, 0x00, 0x2a, 0x22, 0x2a, 0x22, 0x2a, 0x22, 0x2a, 0x22, 0x2a, 0x22, 0x2a, 0x22, 0x2a, 0x22, 0xc4, 0x00, 0xc4, 0x00, 0xc4, 0x00,
0xc4, 0x00, 0xc4, 0x00, 0xc4, 0x00, 0xc4, 0x00, 0xc4, 0x00, 0xc4, 0x00, 0xc4, 0x00, 0xc4, 0x00, 0xc4, 0x00, 0xc4, 0x00, 0xc4, 0x00, 0xc4, 0x00,
0xc4, 0x00, 0xc4, 0x00, 0xc4, 0x00, 0xc4, 0x00, 0xc4, 0x00, 0xc4, 0x00, 0xc4, 0x00, 0xc4, 0x00, 0xc4, 0x00, 0xc4, 0x00, 0xc4, 0x00, 0xc4, 0x00,
0xc4, 0x00, 0xc4, 0x00, 0xc4, 0x00, 0xc4, 0x00, 0xc4, 0x00, 0xc4, 0x00, 0xc4, 0x00, 0xc4, 0x00, 0xc4, 0x00, 0xc4, 0x00, 0xc4, 0x00, 0xc4, 0x00,
0xc4, 0x00, 0xc4, 0x00, 0xc4, 0x00, 0xc4, 0x00, 0xc4, 0x00, 0xc4, 0x00, 0xc4, 0x00, 0xc4, 0x00, 0xc4, 0x00, 0xc4, 0x00, 0xc4, 0x00, 0xc4, 0x00,
0xc4, 0x00, 0xc4, 0x00, 0xc4, 0x00, 0xc4, 0x00, 0xc4, 0x00, 0xc4, 0x00, 0xc4, 0x00, 0xc4, 0x00, 0xc4, 0x00, 0xc4, 0x00, 0xc4, 0x00, 0xc4, 0x00,
0xc4, 0x00, 0xc4, 0x00, 0xc4, 0x00, 0xc4, 0x00, 0xc4, 0x00, 0xc4, 0x00, 0xc4, 0x00, 0xc4, 0x00, 0xc4, 0x00, 0xc4, 0x00, 0xc4, 0x00, 0xc4, 0x00,
0xc4, 0x00, 0xc4, 0x00, 0xc4, 0x00, 0xc4, 0x00, 0xc4, 0x00, 0xc4, 0x00, 0xc4, 0x00, 0xc4, 0x00, 0xc4, 0x00, 0xc4, 0x00, 0xc4, 0x00, 0xc4, 0x00,
0xc4, 0x00, 0xc4, 0x00, 0xc4, 0x00, 0xc4, 0x00, 0xc4, 0x00, 0xc4, 0x00, 0xc4, 0x00, 0xc4, 0x00, 0xc4, 0x00, 0xc4, 0x00, 0xc4, 0x00, 0xc4, 0x00,
0xc4, 0x00, 0xc4, 0x00, 0xc4, 0x00, 0xc4, 0x00, 0xc4, 0x00, 0xc4, 0x00, 0xc4, 0x00, 0xc4, 0x00, 0xc4, 0x00, 0xc4, 0x00, 0xc4, 0x00, 0xc4, 0x00,
0xc4, 0x00, 0xc4, 0x00, 0xc4, 0x00, 0xc4, 0x00, 0xc4, 0x00, 0xc4, 0x00, 0xc4, 0x00, 0xc4, 0x00, 0xc4, 0x00, 0xc4, 0x00, 0xc4, 0x00, 0xc4, 0x00,
0xc4, 0x00, 0xc4, 0x00, 0xc4, 0x00, 0xc4, 0x00, 0xc4, 0x00, 0xc4, 0x00, 0xc4, 0x00, 0xc4, 0x00, 0xc4, 0x00, 0xc4, 0x00, 0xc4, 0x00, 0xc4, 0x00,
0xc4, 0x00, 0xc4, 0x00, 0xc4, 0x00, 0x2a, 0x22, 0x2a, 0x22, 0xc4, 0x00, 0xc4, 0x00, 0xc4, 0x00, 0xc4, 0x00, 0xc4, 0x00, 0xc4, 0x00, 0xc4, 0x00,
0xc4, 0x00, 0xc4, 0x00, 0xc4, 0x00, 0xc4, 0x00, 0xc4, 0x00, 0xc4, 0x00, 0xc4, 0x00, 0xc4, 0x00, 0xc4, 0x00, 0xc4, 0x00, 0xc4, 0x00, 0xc4, 0x00,
0xc4, 0x00, 0xc4, 0x00, 0xc4, 0x00, 0xc4, 0x00, 0xc4, 0x00, 0xc4, 0x00, 0xc4, 0x00, 0xc4, 0x00, 0xc4, 0x00, 0xc4, 0x00, 0xc4, 0x00, 0xc4, 0x00,
0xc4, 0x00, 0xc4, 0x00, 0xc4, 0x00, 0xc4, 0x00, 0xc4, 0x00, 0xc4, 0x00, 0xc4, 0x00, 0xc4, 0x00, 0xc4, 0x00, 0xc4, 0x00, 0xc4, 0x00, 0xc4, 0x00,
0xc4, 0x00, 0xc4, 0x00, 0xc4, 0x00, 0xc4, 0x00, 0xc4, 0x00, 0xc4, 0x00, 0xc4, 0x00, 0xc4, 0x00, 0xc4, 0x00, 0xc4, 0x00, 0xc4, 0x00, 0xc4, 0x00,
0xc4, 0x00, 0xc4, 0x00, 0xc4, 0x00, 0xc4, 0x00, 0xc4, 0x00, 0xc4, 0x00, 0xc4, 0x00, 0xc4, 0x00, 0xc4, 0x00, 0xc4, 0x00, 0xc4, 0x00, 0xc4, 0x00,
0xc4, 0x00, 0xc4, 0x00, 0x2a, 0x22, 0x2a, 0x22, 0x2a, 0x22, 0x2a, 0x22, 0x2a, 0x22, 0x2a, 0x22, 0x2a, 0x22, 0xc4, 0x00, 0xc4, 0x00, 0xc4, 0x00,
0xc4, 0x00, 0xc4, 0x00, 0xc4, 0x00, 0xc4, 0x00, 0xc4, 0x00, 0xc4, 0x00, 0xc4, 0x00, 0xc4, 0x00, 0xc4, 0x00, 0xc4, 0x00, 0xc4, 0x00, 0xc4, 0x00,
0xc4, 0x00, 0xc4, 0x00, 0xc4, 0x00, 0xc4, 0x00, 0xc4, 0x00, 0xc4, 0x00, 0xc4, 0x00, 0xc4, 0x00, 0xc4, 0x00, 0xc4, 0x00, 0xc4, 0x00, 0xc4, 0x00,
0xc4, 0x00, 0xc4, 0x00, 0xc4, 0x00, 0xc4, 0x00, 0xc4, 0x00, 0xc4, 0x00, 0xc4, 0x00, 0xc4, 0x00, 0xc4, 0x00, 0xc4, 0x00, 0xc4, 0x00, 0xc4, 0x00,
0xc4, 0x00, 0xc4, 0x00, 0xc4, 0x00, 0xc4, 0x00, 0xc4, 0x00, 0xc4, 0x00, 0xc4, 0x00, 0xc4, 0x00, 0xc4, 0x00, 0xc4, 0x00, 0xc4, 0x00, 0xc4, 0x00,
0xc4, 0x00, 0xc4, 0x00, 0xc4, 0x00, 0xc4, 0x00, 0xc4, 0x00, 0xc4, 0x00, 0xc4, 0x00, 0xc4, 0x00, 0xc4, 0x00, 0xc4, 0x00, 0xc4, 0x00, 0xc4, 0x00,
0xc4, 0x00, 0xc4, 0x00, 0xc4, 0x00, 0xc4, 0x00, 0xc4, 0x00, 0xc4, 0x00, 0xc4, 0x00, 0xc4, 0x00, 0xc4, 0x00, 0xc4, 0x00, 0xc4, 0x00, 0xc4, 0x00,
0xc4, 0x00, 0xc4, 0x00, 0xc4, 0x00, 0xc4, 0x00, 0x2a, 0x22, 0xc4, 0x00, 0xc4, 0x00, 0xc4, 0x00, 0xc4, 0x00, 0xc4, 0x00, 0xc4, 0x00, 0xc4, 0x00,
0xc4, 0x00, 0xc4, 0x00, 0xc4, 0x00, 0xc4, 0x00, 0xc4, 0x00, 0xc4, 0x00, 0xc4, 0x00, 0xc4, 0x00, 0xc4, 0x00, 0xc4, 0x00, 0xc4, 0x00, 0xc4, 0x00,
0xc4, 0x00, 0xc4, 0x00, 0xc4, 0x00, 0xc4, 0x00, 0xc4, 0x00, 0xc4, 0x00, 0xc4, 0x00, 0xc4, 0x00, 0xc4, 0x00, 0xc4, 0x00, 0xc4, 0x00, 0xc4, 0x00,
0xc4, 0x00, 0xc4, 0x00, 0xc4, 0x00, 0xc4, 0x00, 0xc4, 0x00, 0xc4, 0x00, 0xc4, 0x00, 0xc4, 0x00, 0xc4, 0x00, 0xc4, 0x00, 0xc4, 0x00, 0xc4, 0x00,
0xc4, 0x00, 0xc4, 0x00, 0xc4, 0x00, 0xc4, 0x00, 0xc4, 0x00, 0xc4, 0x00, 0xc4, 0x00, 0xc4, 0x00, 0xc4, 0x00, 0xc4, 0x00, 0xc4, 0x00, 0xc4, 0x00,
0xc4, 0x00, 0xc4, 0x00, 0xc4, 0x00, 0xc4, 0x00, 0xc4, 0x00, 0xc4, 0x00, 0xc4, 0x00, 0xc4, 0x00, 0xc4, 0x00, 0xc4, 0x00, 0xc4, 0x00, 0xc4, 0x00,
0xc4, 0x00, 0xc4, 0x00, 0xc4, 0x00, 0xc4, 0x00, 0xc4, 0x00, 0xc4, 0x00, 0xc4, 0x00, 0xc4, 0x00, 0xc4, 0x00, 0xc4, 0x00, 0xc4, 0x00, 0xc4, 0x00,
0xc4, 0x00, 0xc4, 0x00, 0xc4, 0x00, 0xc4, 0x00, 0xc4, 0x00, 0xc4, 0x00, 0xc4, 0x00, 0xc4, 0x00, 0xc4, 0x00, 0xc4, 0x00, 0xc4, 0x00, 0xc4, 0x00,
0xc4, 0x00, 0xc4, 0x00, 0xc4, 0x00, 0xc4, 0x00, 0xc4, 0x00, 0xc4, 0x00, 0xc4, 0x00, 0xc4, 0x00, 0xc4, 0x00, 0xc4, 0x00, 0xc4, 0x00, 0xc4, 0x00,
0xc4, 0x00, 0xc4, 0x00, 0xc4, 0x00, 0xc4, 0x00, 0xc4, 0x00, 0xc4, 0x00, 0xc4, 0x00, 0xc4, 0x00, 0xc4, 0x00, 0xc4, 0x00, 0xc4, 0x00, 0xc4, 0x00,
0xc4, 0x00, 0xc4, 0x00, 0xc4, 0x00, 0xc4, 0x00, 0xc4, 0x00, 0xc4, 0x00, 0xc4, 0x00, 0xc4, 0x00, 0xc4, 0x00, 0xc4, 0x00, 0xc4, 0x00, 0xc4, 0x00,
0xc4, 0x00, 0xc4, 0x00, 0x2a, 0x22, 0x2a, 0x22, 0x2a, 0x22, 0x2a, 0x22, 0x2a, 0x22, 0xc4, 0x00, 0xc4, 0x00, 0xc4, 0x00, 0xc4, 0x00, 0xc4, 0x00,
0xc4, 0x00, 0xc4, 0x00, 0xc4, 0x00, 0xc4, 0x00, 0xc4, 0x00, 0xc4, 0x00, 0xc4, 0x00, 0xc4, 0x00, 0xc4, 0x00, 0xc4, 0x00, 0xc4, 0x00, 0xc4, 0x00,
0xc4, 0x00, 0xc4, 0x00, 0xc4, 0x00, 0xc4, 0x00, 0xc4, 0x00, 0xc4, 0x00, 0xc4, 0x00, 0xc4, 0x00, 0xc4, 0x00, 0xc4, 0x00, 0xc4, 0x00, 0xc4, 0x00,
0xc4, 0x00, 0xc4, 0x00, 0xc4, 0x00, 0xc4, 0x00, 0xc4, 0x00, 0xc4, 0x00, 0xc4, 0x00, 0xc4, 0x00, 0xc4, 0x00, 0xc4, 0x00, 0xc4, 0x00, 0xc4, 0x00,
0xc4, 0x00, 0xc4, 0x00, 0xc4, 0x00, 0xc4, 0x00, 0xc4, 0x00, 0xc4, 0x00, 0xc4, 0x00, 0xc4, 0x00, 0xc4, 0x00, 0xc4, 0x00, 0xc4, 0x00, 0xc4, 0x00,
0xc4, 0x00, 0xc4, 0x00, 0xc4, 0x00, 0xc4, 0x00, 0xc4, 0x00, 0xc4, 0x00, 0xc4, 0x00, 0xc4, 0x00, 0xc4, 0x00, 0xc4, 0x00, 0xc4, 0x00, 0xc4, 0x00,
0xc4, 0x00, 0xc4, 0x00, 0xc4, 0x00, 0xc4, 0x00, 0xc4, 0x00, 0xc4, 0x00, 0xc4, 0x00, 0xc4, 0x00, 0xc4, 0x00, 0xc4, 0x00, 0xc4, 0x00, 0xc4, 0x00,
0xc4, 0x00, 0xc4, 0x00, 0xc4, 0x00, 0xc4, 0x00, 0x2a, 0x22, 0x2a, 0x22, 0xc4, 0x00, 0xc4, 0x00, 0xc4, 0x00, 0xc4, 0x00, 0xc4, 0x00, 0xc4, 0x00,
0xc4, 0x00, 0xc4, 0x00, 0xc4, 0x00, 0xc4, 0x00, 0xc4, 0x00, 0xc4, 0x00, 0xc4, 0x00, 0xc4, 0x00, 0xc4, 0x00, 0xc4, 0x00, 0xc4, 0x00, 0xc4, 0x00,
0xc4, 0x00, 0xc4, 0x00, 0xc4, 0x00, 0xc4, 0x00, 0xc4, 0x00, 0xc4, 0x00, 0xc4, 0x00, 0xc4, 0x00, 0xc4, 0x00, 0xc4, 0x00, 0xc4, 0x00, 0xc4, 0x00,
0xc4, 0x00, 0xc4, 0x00, 0xc4, 0x00, 0xc4, 0x00, 0xc4, 0x00, 0xc4, 0x00, 0xc4, 0x00, 0xc4, 0x00, 0xc4, 0x00, 0xc4, 0x00, 0xc4, 0x00, 0xc4, 0x00,
0xc4, 0x00, 0xc4, 0x00, 0xc4, 0x00, 0xc4, 0x00, 0xc4, 0x00, 0xc4, 0x00, 0xc4, 0x00, 0xc4, 0x00, 0xc4, 0x00, 0xc4, 0x00, 0xc4, 0x00, 0xc4, 0x00,
0xc4, 0x00, 0xc4, 0x00, 0xc4, 0x00, 0xc4, 0x00, 0xc4, 0x00, 0xc4, 0x00, 0xc4, 0x00, 0xc4, 0x00, 0xc4, 0x00, 0xc4, 0x00, 0xc4, 0x00, 0xc4, 0x00,
0xc4, 0x00, 0xc4, 0x00, 0xc4, 0x00, 0xc4, 0x00, 0xc4, 0x00, 0xc4, 0x00, 0xc4, 0x00, 0xc4, 0x00, 0xc4, 0x00, 0xc4, 0x00, 0xc4, 0x00, 0xc4, 0x00,
0xc4, 0x00, 0xc4, 0x00, 0xc4, 0x00, 0xc4, 0x00, 0xc4, 0x00, 0xc4, 0x00, 0xc4, 0x00, 0xc4, 0x00, 0xc4, 0x00, 0xc4, 0x00, 0xc4, 0x00, 0xc4, 0x00,
0xc4, 0x00, 0xc4, 0x00, 0xc4, 0x00, 0xc4, 0x00, 0xc4, 0x00, 0xc4, 0x00, 0xc4, 0x00, 0xc4, 0x00, 0xc4, 0x00, 0xc4, 0x00, 0xc4, 0x00, 0xc4, 0x00,
0xc4, 0x00, 0xc4, 0x00, 0xc4, 0x00, 0xc4, 0x00, 0xc4, 0x00, 0xc4, 0x00, 0xc4, 0x00, 0xc4, 0x00, 0xc4, 0x00, 0xc4, 0x00, 0xc4, 0x00, 0xc4, 0x00,
0xc4, 0x00, 0xc4, 0x00, 0xc4, 0x00, 0xc4, 0x00, 0xc4, 0x00, 0xc4, 0x00, 0xc4, 0x00, 0xc4, 0x00, 0xc4, 0x00, 0xc4, 0x00, 0xc4, 0x00, 0xc4, 0x00,
0xc4, 0x00, 0xc4, 0x00, 0x2a, 0x22, 0x2a, 0x22, 0x2a, 0x22, 0x2a, 0x22, 0x2a, 0x22, 0xc4, 0x00, 0xc4, 0x00, 0xc4, 0x00, 0xc4, 0x00, 0x2a, 0x22,
0x2a, 0x22, 0x2a, 0x22, 0xc4, 0x00, 0xc4, 0x00, 0xc4, 0x00, 0xc4, 0x00, 0xc4, 0x00, 0xc4, 0x00, 0xc4, 0x00, 0xc4, 0x00, 0xc4, 0x00, 0xc4, 0x00,
0xc4, 0x00, 0xc4, 0x00, 0xc4, 0x00, 0xc4, 0x00, 0xc4, 0x00, 0xc4, 0x00, 0xc4, 0x00, 0xc4, 0x00, 0xc4, 0x00, 0xc4, 0x00, 0xc4, 0x00, 0xc4, 0x00,
0xc4, 0x00, 0xc4, 0x00, 0xc4, 0x00, 0xc4, 0x00, 0xc4, 0x00, 0xc4, 0x00, 0xc4, 0x00, 0xc4, 0x00, 0xc4, 0x00, 0xc4, 0x00, 0xc4, 0x00, 0xc4, 0x00,
0xc4, 0x00, 0xc4, 0x00, 0xc4, 0x00, 0xc4, 0x00, 0xc4, 0x00, 0xc4, 0x00, 0xc4, 0x00, 0xc4, 0x00, 0xc4, 0x00, 0xc4, 0x00, 0xc4, 0x00, 0xc4, 0x00,
0xc4, 0x00, 0xc4, 0x00, 0xc4, 0x00, 0xc4, 0x00, 0xc4, 0x00, 0xc4, 0x00, 0xc4, 0x00, 0xc4, 0x00, 0xc4, 0x00, 0xc4, 0x00, 0xc4, 0x00, 0xc4, 0x00,
0xc4, 0x00, 0xc4, 0x00, 0xc4, 0x00, 0xc4, 0x00, 0xc4, 0x00, 0xc4, 0x00, 0xc4, 0x00, 0xc4, 0x00, 0xc4, 0x00, 0xc4, 0x00, 0xc4, 0x00, 0xc4, 0x00,
0xc4, 0x00, 0xc4, 0x00, 0xc4, 0x00, 0xc4, 0x00, 0xc4, 0x00, 0xc4, 0x00, 0xc4, 0x00, 0xc4, 0x00, 0xc4, 0x00, 0xc4, 0x00, 0xc4, 0x00, 0xc4, 0x00,
0xc4, 0x00, 0xc4, 0x00, 0xc4, 0x00, 0xc4, 0x00, 0xc4, 0x00, 0xc4, 0x00, 0xc4, 0x00, 0xc4, 0x00, 0xc4, 0x00, 0xc4, 0x00, 0xc4, 0x00, 0xc4, 0x00,
0xc4, 0x00, 0xc4, 0x00, 0xc4, 0x00, 0xc4, 0x00, 0xc4, 0x00, 0xc4, 0x00, 0xc4, 0x00, 0xc4, 0x00, 0xc4, 0x00, 0xc4, 0x00, 0xc4, 0x00, 0xc4, 0x00,
0xc4, 0x00, 0xc4, 0x00, 0xc4, 0x00, 0xc4, 0x00, 0xc4, 0x00, 0xc4, 0x00, 0xc4, 0x00, 0xc4, 0x00, 0xc4, 0x00, 0xc4, 0x00, 0xc4, 0x00, 0xc4, 0x00,
0xc4, 0x00, 0xc4, 0x00, 0xc4, 0x00, 0xc4, 0x00, 0xc4, 0x00, 0xc4, 0x00, 0xc4, 0x00, 0xc4, 0x00, 0xc4, 0x00, 0xc4, 0x00, 0xc4, 0x00, 0xc4, 0x00,
0xc4, 0x00, 0xc4, 0x00, 0xc4, 0x00, 0xc4, 0x00, 0xc4, 0x00, 0xc4, 0x00, 0xc4, 0x00, 0xc4, 0x00, 0xc4, 0x00, 0xc4, 0x00, 0xc4, 0x00, 0xc4, 0x00,
0xc4, 0x00, 0xc4, 0x00, 0xc4, 0x00, 0xc4, 0x00, 0xc4, 0x00, 0xc4, 0x00, 0xc4, 0x00, 0xc4, 0x00, 0xc4, 0x00, 0xc4, 0x00, 0xc4, 0x00, 0xc4, 0x00,
0xc4, 0x00, 0xc4, 0x00, 0xc4, 0x00, 0xc4, 0x00, 0xc4, 0x00, 0xc4, 0x00, 0xc4, 0x00, 0xc4, 0x00, 0xc4, 0x00, 0xc4, 0x00, 0xc4, 0x00, 0xc4, 0x00,
0xc4, 0x00, 0xc4, 0x00, 0xc4, 0x00, 0xc4, 0x00, 0xc4, 0x00, 0xc4, 0x00, 0xc4, 0x00, 0xc4, 0x00, 0xc4, 0x00, 0xc4, 0x00, 0xc4, 0x00, 0xc4, 0x00,
0xc4, 0x00, 0xc4, 0x00, 0xc4, 0x00, 0xc4, 0x00, 0xc4, 0x00, 0xc4, 0x00, 0xc4, 0x00, 0xc4, 0x00, 0xc4, 0x00, 0xc4, 0x00, 0xc4, 0x00, 0xc4, 0x00,
0xc4, 0x00, 0xc4, 0x00, 0xc4, 0x00, 0xc4, 0x00, 0xc4, 0x00, 0xc4, 0x00, 0xc4, 0x00, 0xc4, 0x00, 0xc4, 0x00, 0xc4, 0x00, 0xc4, 0x00, 0xc4, 0x00,
0xc4, 0x00, 0xc4, 0x00, 0x2a, 0x22, 0x2a, 0x22, 0x2a, 0x22, 0x2a, 0x22, 0x2a, 0x22, 0xc4, 0x00, 0xc4, 0x00, 0xc4, 0x00, 0x2a, 0x22, 0x2a, 0x22,
0x2a, 0x22, 0xc4, 0x00, 0xc4, 0x00, 0xc4, 0x00, 0xc4, 0x00, 0xc4, 0x00, 0xc4, 0x00, 0xc4, 0x00, 0xc4, 0x00, 0xc4, 0x00, 0xc4, 0x00, 0xc4, 0x00,
0xc4, 0x00, 0xc4, 0x00, 0xc4, 0x00, 0xc4, 0x00, 0xc4, 0x00, 0xc4, 0x00, 0xc4, 0x00, 0xc4, 0x00, 0xc4, 0x00, 0xc4, 0x00, 0xc4, 0x00, 0xc4, 0x00,
0xc4, 0x00, 0xc4, 0x00, 0xc4, 0x00, 0xc4, 0x00, 0xc4, 0x00, 0xc4, 0x00, 0xc4, 0x00, 0xc4, 0x00, 0xc4, 0x00, 0xc4, 0x00, 0xc4, 0x00, 0xc4, 0x00,
0xc4, 0x00, 0xc4, 0x00, 0xc4, 0x00, 0xc4, 0x00, 0xc4, 0x00, 0xc4, 0x00, 0xc4, 0x00, 0xc4, 0x00, 0xc4, 0x00, 0xc4, 0x00, 0xc4, 0x00, 0xc4, 0x00,
0xc4, 0x00, 0xc4, 0x00, 0xc4, 0x00, 0xc4, 0x00, 0xc4, 0x00, 0xc4, 0x00, 0xc4, 0x00, 0xc4, 0x00, 0xc4, 0x00, 0xc4, 0x00, 0xc4, 0x00, 0xc4, 0x00,
0xc4, 0x00, 0xc4, 0x00, 0xc4, 0x00, 0xc4, 0x00, 0xc4, 0x00, 0xc4, 0x00, 0xc4, 0x00, 0xc4, 0x00, 0xc4, 0x00, 0xc4, 0x00, 0xc4, 0x00, 0xc4, 0x00,
0xc4, 0x00, 0xc4, 0x00, 0xc4, 0x00, 0xc4, 0x00, 0xc4, 0x00, 0xc4, 0x00, 0xc4, 0x00, 0xc4, 0x00, 0xc4, 0x00, 0xc4, 0x00, 0xc4, 0x00, 0xc4, 0x00,
0xc4, 0x00, 0xc4, 0x00, 0xc4, 0x00, 0xc4, 0x00, 0xc4, 0x00, 0xc4, 0x00, 0xc4, 0x00, 0xc4, 0x00, 0xc4, 0x00, 0xc4, 0x00, 0xc4, 0x00, 0xc4, 0x00,
0xc4, 0x00, 0xc4, 0x00, 0xc4, 0x00, 0xc4, 0x00, 0xc4, 0x00, 0xc4, 0x00, 0xc4, 0x00, 0xc4, 0x00, 0xc4, 0x00, 0xc4, 0x00, 0xc4, 0x00, 0xc4, 0x00,
0xc4, 0x00, 0xc4, 0x00, 0xc4, 0x00, 0xc4, 0x00, 0xc4, 0x00, 0xc4, 0x00, 0xc4, 0x00, 0xc4, 0x00, 0xc4, 0x00, 0xc4, 0x00, 0xc4, 0x00, 0xc4, 0x00,
0xc4, 0x00, 0xc4, 0x00, 0xc4, 0x00, 0xc4, 0x00, 0xc4, 0x00, 0xc4, 0x00, 0xc4, 0x00, 0xc4, 0x00, 0xc4, 0x00, 0xc4, 0x00, 0xc4, 0x00, 0xc4, 0x00,
0xc4, 0x00, 0xc4, 0x00, 0xc4, 0x00, 0xc4, 0x00, 0xc4, 0x00, 0xc4, 0x00, 0xc4, 0x00, 0xc4, 0x00, 0xc4, 0x00, 0xc4, 0x00, 0xc4, 0x00, 0xc4, 0x00,
0xc4, 0x00, 0xc4, 0x00, 0xc4, 0x00, 0xc4, 0x00, 0xc4, 0x00, 0xc4, 0x00, 0xc4, 0x00, 0xc4, 0x00, 0xc4, 0x00, 0xc4, 0x00, 0xc4, 0x00, 0xc4, 0x00,
0xc4, 0x00, 0xc4, 0x00, 0xc4, 0x00, 0xc4, 0x00, 0xc4, 0x00, 0xc4, 0x00, 0xc4, 0x00, 0xc4, 0x00, 0xc4, 0x00, 0xc4, 0x00, 0xc4, 0x00, 0xc4, 0x00,
0xc4, 0x00, 0xc4, 0x00, 0xc4, 0x00, 0xc4, 0x00, 0xc4, 0x00, 0xc4, 0x00, 0xc4, 0x00, 0xc4, 0x00, 0xc4, 0x00, 0xc4, 0x00, 0xc4, 0x00, 0xc4, 0x00,
0xc4, 0x00, 0xc4, 0x00, 0xc4, 0x00, 0xc4, 0x00, 0xc4, 0x00, 0xc4, 0x00, 0xc4, 0x00, 0xc4, 0x00, 0xc4, 0x00, 0xc4, 0x00, 0xc4, 0x00, 0xc4, 0x00,
0xc4, 0x00, 0xc4, 0x00, 0xc4, 0x00, 0xc4, 0x00, 0xc4, 0x00, 0xc4, 0x00, 0xc4, 0x00, 0xc4, 0x00, 0xc4, 0x00, 0xc4, 0x00, 0xc4, 0x00, 0xc4, 0x00,
0xc4, 0x00, 0xc4, 0x00, 0xc4, 0x00, 0x2a, 0x22, 0x2a, 0x22, 0x37, 0x4f, 0x2a, 0x22, 0x2a, 0x22, 0xc4, 0x00, 0xc4, 0x00, 0xc4, 0x00, 0xc4, 0x00,
0xc4, 0x00, 0xc4, 0x00, 0xc4, 0x00, 0xc4, 0x00, 0xc4, 0x00, 0xc4, 0x00, 0xc4, 0x00, 0xc4, 0x00, 0xc4, 0x00, 0xc4, 0x00, 0xc4, 0x00, 0xc4, 0x00,
0xc4, 0x00, 0xc4, 0x00, 0xc4, 0x00, 0xc4, 0x00, 0xc4, 0x00, 0xc4, 0x00, 0xc4, 0x00, 0xc4, 0x00, 0xc4, 0x00, 0xc4, 0x00, 0xc4, 0x00, 0xc4, 0x00,
0xc4, 0x00, 0xc4, 0x00, 0xc4, 0x00, 0xc4, 0x00, 0xc4, 0x00, 0xc4, 0x00, 0xc4, 0x00, 0xc4, 0x00, 0xc4, 0x00, 0xc4, 0x00, 0xc4, 0x00, 0xc4, 0x00,
0xc4, 0x00, 0xc4, 0x00, 0xc4, 0x00, 0xc4, 0x00, 0xc4, 0x00, 0xc4, 0x00, 0xc4, 0x00, 0xc4, 0x00, 0xc4, 0x00, 0xc4, 0x00, 0xc4, 0x00, 0xc4, 0x00,
0xc4, 0x00, 0xc4, 0x00, 0xc4, 0x00, 0xc4, 0x00, 0xc4, 0x00, 0xc4, 0x00, 0xc4, 0x00, 0xc4, 0x00, 0xc4, 0x00, 0xc4, 0x00, 0xc4, 0x00, 0xc4, 0x00,
0xc4, 0x00, 0xc4, 0x00, 0xc4, 0x00, 0xc4, 0x00, 0xc4, 0x00, 0xc4, 0x00, 0xc4, 0x00, 0xc4, 0x00, 0xc4, 0x00, 0xc4, 0x00, 0xc4, 0x00, 0xc4, 0x00,
0xc4, 0x00, 0xc4, 0x00, 0xc4, 0x00, 0xc4, 0x00, 0xc4, 0x00, 0xc4, 0x00, 0xc4, 0x00, 0xc4, 0x00, 0xc4, 0x00, 0xc4, 0x00, 0xc4, 0x00, 0xc4, 0x00,
0xc4, 0x00, 0xc4, 0x00, 0xc4, 0x00, 0xc4, 0x00, 0xc4, 0x00, 0xc4, 0x00, 0xc4, 0x00, 0xc4, 0x00, 0xc4, 0x00, 0xc4, 0x00, 0xc4, 0x00, 0xc4, 0x00,
0xc4, 0x00, 0xc4, 0x00, 0xc4, 0x00, 0xc4, 0x00, 0xc4, 0x00, 0xc4, 0x00, 0xc4, 0x00, 0xc4, 0x00, 0xc4, 0x00, 0xc4, 0x00, 0xc4, 0x00, 0xc4, 0x00,
0xc4, 0x00, 0xc4, 0x00, 0xc4, 0x00, 0xc4, 0x00, 0xc4, 0x00, 0xc4, 0x00, 0xc4, 0x00, 0xc4, 0x00, 0xc4, 0x00, 0xc4, 0x00, 0xc4, 0x00, 0xc4, 0x00,
0xc4, 0x00, 0xc4, 0x00, 0xc4, 0x00, 0xc4, 0x00, 0xc4, 0x00, 0xc4, 0x00, 0xc4, 0x00, 0xc4, 0x00, 0xc4, 0x00, 0xc4, 0x00, 0xc4, 0x00, 0xc4, 0x00,
0xc4, 0x00, 0xc4, 0x00, 0xc4, 0x00, 0xc4, 0x00, 0xc4, 0x00, 0xc4, 0x00, 0xc4, 0x00, 0xc4, 0x00, 0xc4, 0x00, 0xc4, 0x00, 0xc4, 0x00, 0xc4, 0x00,
0xc4, 0x00, 0xc4, 0x00, 0xc4, 0x00, 0xc4, 0x00, 0xc4, 0x00, 0xc4, 0x00, 0xc4, 0x00, 0xc4, 0x00, 0xc4, 0x00, 0xc4, 0x00, 0xc4, 0x00, 0xc4, 0x00,
0xc4, 0x00, 0xc4, 0x00, 0xc4, 0x00, 0xc4, 0x00, 0xc4, 0x00, 0xc4, 0x00, 0xc4, 0x00, 0xc4, 0x00, 0xc4, 0x00, 0xc4, 0x00, 0xc4, 0x00, 0xc4, 0x00,
0xc4, 0x00, 0xc4, 0x00, 0xc4, 0x00, 0xc4, 0x00, 0xc4, 0x00, 0xc4, 0x00, 0xc4, 0x00, 0xc4, 0x00, 0xc4, 0x00, 0xc4, 0x00, 0xc4, 0x00, 0xc4, 0x00,
0xc4, 0x00, 0xc4, 0x00, 0xc4, 0x00, 0xc4, 0x00, 0xc4, 0x00, 0xc4, 0x00, 0xc4, 0x00, 0xc4, 0x00, 0xc4, 0x00, 0xc4, 0x00, 0xc4, 0x00, 0xc4, 0x00,
0xc4, 0x00, 0xc4, 0x00, 0xc4, 0x00, 0xc4, 0x00, 0xc4, 0x00, 0xc4, 0x00, 0xc4, 0x00, 0xc4, 0x00, 0xc4, 0x00, 0xc4, 0x00, 0xc4, 0x00, 0xc4, 0x00,
0xc4, 0x00, 0xc4, 0x00, 0xc4, 0x00, 0xc4, 0x00, 0xc4, 0x00, 0x2a, 0x22, 0x2a, 0x22, 0x37, 0x4f, 0x2a, 0x22, 0xc4, 0x00, 0xc4, 0x00, 0xc4, 0x00,
0xc4, 0x00, 0xc4, 0x00, 0xc4, 0x00, 0xc4, 0x00, 0xc4, 0x00, 0xc4, 0x00, 0xc4, 0x00, 0xc4, 0x00, 0xc4, 0x00, 0xc4, 0x00, 0xc4, 0x00, 0xc4, 0x00,
0xc4, 0x00, 0xc4, 0x00, 0xc4, 0x00, 0xc4, 0x00, 0xc4, 0x00, 0xc4, 0x00, 0xc4, 0x00, 0xc4, 0x00, 0xc4, 0x00, 0xc4, 0x00, 0xc4, 0x00, 0xc4, 0x00,
0xc4, 0x00, 0xc4, 0x00, 0xc4, 0x00, 0xc4, 0x00, 0xc4, 0x00, 0xc4, 0x00, 0xc4, 0x00, 0xc4, 0x00, 0xc4, 0x00, 0xc4, 0x00, 0xc4, 0x00, 0xc4, 0x00,
0xc4, 0x00, 0xc4, 0x00, 0xc4, 0x00, 0xc4, 0x00, 0xc4, 0x00, 0xc4, 0x00, 0xc4, 0x00, 0xc4, 0x00, 0xc4, 0x00, 0xc4, 0x00, 0xc4, 0x00, 0xc4, 0x00,
0xc4, 0x00, 0xc4, 0x00, 0xc4, 0x00, 0xc4, 0x00, 0xc4, 0x00, 0xc4, 0x00, 0xc4, 0x00, 0xc4, 0x00, 0xc4, 0x00, 0xc4, 0x00, 0xc4, 0x00, 0xc4, 0x00,
0xc4, 0x00, 0xc4, 0x00, 0xc4, 0x00, 0xc4, 0x00, 0xc4, 0x00, 0xc4, 0x00, 0xc4, 0x00, 0xc4, 0x00, 0xc4, 0x00, 0xc4, 0x00, 0xc4, 0x00, 0xc4, 0x00,
0xc4, 0x00, 0xc4, 0x00, 0xc4, 0x00, 0xc4, 0x00, 0xc4, 0x00, 0xc4, 0x00, 0xc4, 0x00, 0xc4, 0x00, 0xc4, 0x00, 0xc4, 0x00, 0xc4, 0x00, 0xc4, 0x00,
0xc4, 0x00, 0xc4, 0x00, 0xc4, 0x00, 0xc4, 0x00, 0xc4, 0x00, 0xc4, 0x00, 0xc4, 0x00, 0xc4, 0x00, 0xc4, 0x00, 0xc4, 0x00, 0xc4, 0x00, 0xc4, 0x00,
0xc4, 0x00, 0xc4, 0x00, 0xc4, 0x00, 0xc4, 0x00, 0xc4, 0x00, 0xc4, 0x00, 0xc4, 0x00, 0xc4, 0x00, 0xc4, 0x00, 0xc4, 0x00, 0xc4, 0x00, 0xc4, 0x00,
0xc4, 0x00, 0xc4, 0x00, 0xc4, 0x00, 0xc4, 0x00, 0xc4, 0x00, 0xc4, 0x00, 0xc4, 0x00, 0xc4, 0x00, 0xc4, 0x00, 0xc4, 0x00, 0xc4, 0x00, 0xc4, 0x00,
0xc4, 0x00, 0xc4, 0x00, 0xc4, 0x00, 0xc4, 0x00, 0xc4, 0x00, 0xc4, 0x00, 0xc4, 0x00, 0xc4, 0x00, 0xc4, 0x00, 0xc4, 0x00, 0xc4, 0x00, 0xc4, 0x00,
0xc4, 0x00, 0xc4, 0x00, 0xc4, 0x00, 0xc4, 0x00, 0xc4, 0x00, 0xc4, 0x00, 0xc4, 0x00, 0xc4, 0x00, 0xc4, 0x00, 0xc4, 0x00, 0xc4, 0x00, 0xc4, 0x00,
0xc4, 0x00, 0xc4, 0x00, 0xc4, 0x00, 0xc4, 0x00, 0xc4, 0x00, 0xc4, 0x00, 0xc4, 0x00, 0xc4, 0x00, 0xc4, 0x00, 0xc4, 0x00, 0xc4, 0x00, 0xc4, 0x00,
0xc4, 0x00, 0xc4, 0x00, 0xc4, 0x00, 0xc4, 0x00, 0xc4, 0x00, 0xc4, 0x00, 0xc4, 0x00, 0xc4, 0x00, 0xc4, 0x00, 0xc4, 0x00, 0xc4, 0x00, 0xc4, 0x00,
0xc4, 0x00, 0xc4, 0x00, 0xc4, 0x00, 0xc4, 0x00, 0xc4, 0x00, 0xc4, 0x00, 0xc4, 0x00, 0xc4, 0x00, 0xc4, 0x00, 0xc4, 0x00, 0xc4, 0x00, 0xc4, 0x00,
0xc4, 0x00, 0xc4, 0x00, 0xc4, 0x00, 0xc4, 0x00, 0xc4, 0x00, 0xc4, 0x00, 0xc4, 0x00, 0xc4, 0x00, 0xc4, 0x00, 0xc4, 0x00, 0xc4, 0x00, 0xc4, 0x00,
0xc4, 0x00, 0xc4, 0x00, 0xc4, 0x00, 0xc4, 0x00, 0xc4, 0x00, 0xc4, 0x00, 0xc4, 0x00, 0xc4, 0x00, 0xc4, 0x00, 0xc4, 0x00, 0xc4, 0x00, 0xc4, 0x00,
0xc4, 0x00, 0xc4, 0x00, 0xc4, 0x00, 0xc4, 0x00, 0xc4, 0x00, 0xc4, 0x00, 0xc4, 0x00, 0xc4, 0x00, 0xc4, 0x00, 0xc4, 0x00, 0xc4, 0x00, 0xc4, 0x00,
0xc4, 0x00, 0xc4, 0x00, 0xc4, 0x00, 0xc4, 0x00, 0xc4, 0x00, 0xc4, 0x00, 0xc4, 0x00, 0xc4, 0x00, 0xc4, 0x00, 0xc4, 0x00, 0xc4, 0x00, 0xc4, 0x00,
0xc4, 0x00, 0xc4, 0x00, 0xc4, 0x00, 0xc4, 0x00, 0xc4, 0x00, 0xc4, 0x00, 0xc4, 0x00, 0xc4, 0x00, 0xc4, 0x00, 0xc4, 0x00, 0xc4, 0x00, 0xc4, 0x00,
0xc4, 0x00, 0xc4, 0x00, 0xc4, 0x00, 0xc4, 0x00, 0xc4, 0x00, 0xc4, 0x00, 0xc4, 0x00, 0xc4, 0x00, 0xc4, 0x00, 0xc4, 0x00, 0xc4, 0x00, 0xc4, 0x00,
0xc4, 0x00, 0xc4, 0x00, 0xc4, 0x00, 0xc4, 0x00, 0xc4, 0x00, 0xc4, 0x00, 0xc4, 0x00, 0xc4, 0x00, 0xc4, 0x00, 0xc4, 0x00, 0xc4, 0x00, 0xc4, 0x00,
0xc4, 0x00, 0xc4, 0x00, 0xc4, 0x00, 0xc4, 0x00, 0xc4, 0x00, 0xc4, 0x00, 0xc4, 0x00, 0xc4, 0x00, 0xc4, 0x00, 0xc4, 0x00, 0xc4, 0x00, 0xc4, 0x00,
0xc4, 0x00, 0xc4, 0x00, 0xc4, 0x00, 0xc4, 0x00, 0xc4, 0x00, 0xc4, 0x00, 0xc4, 0x00, 0xc4, 0x00, 0xc4, 0x00, 0xc4, 0x00, 0xc4, 0x00, 0xc4, 0x00,
0xc4, 0x00, 0xc4, 0x00, 0xc4, 0x00, 0xc4, 0x00, 0xc4, 0x00, 0xc4, 0x00, 0xc4, 0x00, 0xc4, 0x00, 0xc4, 0x00, 0xc4, 0x00, 0xc4, 0x00, 0xc4, 0x00,
0xc4, 0x00, 0xc4, 0x00, 0xc4, 0x00, 0xc4, 0x00, 0xc4, 0x00, 0xc4, 0x00, 0xc4, 0x00, 0xc4, 0x00, 0xc4, 0x00, 0xc4, 0x00, 0xc4, 0x00, 0xc4, 0x00,
0xc4, 0x00, 0xc4, 0x00, 0xc4, 0x00, 0xc4, 0x00, 0xc4, 0x00, 0xc4, 0x00, 0xc4, 0x00, 0xc4, 0x00, 0xc4, 0x00, 0xc4, 0x00, 0xc4, 0x00, 0xc4, 0x00,
0xc4, 0x00, 0xc4, 0x00, 0xc4, 0x00, 0xc4, 0x00, 0xc4, 0x00, 0xc4, 0x00, 0xc4, 0x00, 0xc4, 0x00, 0xc4, 0x00, 0xc4, 0x00, 0xc4, 0x00, 0xc4, 0x00,
0xc4, 0x00, 0xc4, 0x00, 0xc4, 0x00, 0xc4, 0x00, 0xc4, 0x00, 0xc4, 0x00, 0xc4, 0x00, 0xc4, 0x00, 0xc4, 0x00, 0xc4, 0x00, 0xc4, 0x00, 0xc4, 0x00,
0xc4, 0x00, 0xc4, 0x00, 0xc4, 0x00, 0xc4, 0x00, 0xc4, 0x00, 0xc4, 0x00, 0xc4, 0x00, 0xc4, 0x00, 0xc4, 0x00, 0xc4, 0x00, 0xc4, 0x00, 0xc4, 0x00,
0xc4, 0x00, 0xc4, 0x00, 0xc4, 0x00, 0xc4, 0x00, 0xc4, 0x00, 0xc4, 0x00, 0xc4, 0x00, 0xc4, 0x00, 0xc4, 0x00, 0xc4, 0x00, 0xc4, 0x00, 0xc4, 0x00,
0xc4, 0x00, 0xc4, 0x00, 0xc4, 0x00, 0xc4, 0x00, 0xc4, 0x00, 0xc4, 0x00, 0xc4, 0x00, 0xc4, 0x00, 0xc4, 0x00, 0xc4, 0x00, 0xc4, 0x00, 0xc4, 0x00,
0xc4, 0x00, 0xc4, 0x00, 0xc4, 0x00, 0xc4, 0x00, 0xc4, 0x00, 0xc4, 0x00, 0xc4, 0x00, 0xc4, 0x00, 0xc4, 0x00, 0xc4, 0x00, 0xc4, 0x00, 0xc4, 0x00,
0xc4, 0x00, 0xc4, 0x00, 0xc4, 0x00, 0xc4, 0x00, 0xc4, 0x00, 0xc4, 0x00, 0xc4, 0x00, 0xc4, 0x00, 0xc4, 0x00, 0xc4, 0x00, 0xc4, 0x00, 0xc4, 0x00,
0xc4, 0x00, 0xc4, 0x00, 0xc4, 0x00, 0xc4, 0x00, 0xc4, 0x00, 0xc4, 0x00, 0xc4, 0x00, 0xc4, 0x00, 0xc4, 0x00, 0xc4, 0x00, 0xc4, 0x00, 0xc4, 0x00,
0xc4, 0x00, 0xc4, 0x00, 0xc4, 0x00, 0xc4, 0x00, 0xc4, 0x00, 0xc4, 0x00, 0xc4, 0x00, 0xc4, 0x00, 0xc4, 0x00, 0xc4, 0x00, 0xc4, 0x00, 0xc4, 0x00,
0xc4, 0x00, 0xc4, 0x00, 0xc4, 0x00, 0xc4, 0x00, 0xc4, 0x00, 0xc4, 0x00, 0xc4, 0x00, 0xc4, 0x00, 0xc4, 0x00, 0xc4, 0x00, 0xc4, 0x00, 0xc4, 0x00,
0xc4, 0x00, 0xc4, 0x00, 0xc4, 0x00, 0xc4, 0x00, 0xc4, 0x00, 0xc4, 0x00, 0xc4, 0x00, 0xc4, 0x00, 0xc4, 0x00, 0xc4, 0x00, 0xc4, 0x00, 0xc4, 0x00,
0xc4, 0x00, 0xc4, 0x00, 0xc4, 0x00, 0xc4, 0x00, 0xc4, 0x00, 0xc4, 0x00, 0xc4, 0x00, 0xc4, 0x00, 0xc4, 0x00, 0xc4, 0x00, 0xc4, 0x00, 0xc4, 0x00,
0xc4, 0x00, 0xc4, 0x00, 0xc4, 0x00, 0xc4, 0x00, 0xc4, 0x00, 0xc4, 0x00, 0xc4, 0x00, 0xc4, 0x00, 0xc4, 0x00, 0xc4, 0x00, 0xc4, 0x00, 0xc4, 0x00,
0xc4, 0x00, 0xc4, 0x00, 0xc4, 0x00, 0xc4, 0x00, 0xc4, 0x00, 0xc4, 0x00, 0xc4, 0x00, 0xc4, 0x00, 0xc4, 0x00, 0xc4, 0x00, 0xc4, 0x00, 0xc4, 0x00,
0xc4, 0x00, 0xc4, 0x00, 0xc4, 0x00, 0xc4, 0x00, 0xc4, 0x00, 0xc4, 0x00, 0xc4, 0x00, 0xc4, 0x00, 0xc4, 0x00, 0xc4, 0x00, 0xc4, 0x00, 0xc4, 0x00,
0xc4, 0x00, 0xc4, 0x00, 0xc4, 0x00, 0xc4, 0x00, 0xc4, 0x00, 0xc4, 0x00, 0xc4, 0x00, 0xc4, 0x00, 0xc4, 0x00, 0xc4, 0x00, 0xc4, 0x00, 0xc4, 0x00,
0xc4, 0x00, 0xc4, 0x00, 0xc4, 0x00, 0xc4, 0x00, 0xc4, 0x00, 0xc4, 0x00, 0xc4, 0x00, 0xc4, 0x00, 0xc4, 0x00, 0xc4, 0x00, 0xc4, 0x00, 0xc4, 0x00,
0xc4, 0x00, 0xc4, 0x00, 0xc4, 0x00, 0xc4, 0x00, 0xc4, 0x00, 0xc4, 0x00, 0xc4, 0x00, 0xc4, 0x00, 0xc4, 0x00, 0xc4, 0x00, 0xc4, 0x00, 0xc4, 0x00,
0xc4, 0x00, 0xc4, 0x00, 0xc4, 0x00, 0xc4, 0x00, 0xc4, 0x00, 0xc4, 0x00, 0xc4, 0x00, 0xc4, 0x00, 0xc4, 0x00, 0xc4, 0x00, 0xc4, 0x00, 0xc4, 0x00,
0xc4, 0x00, 0xc4, 0x00, 0xc4, 0x00, 0xc4, 0x00, 0xc4, 0x00, 0xc4, 0x00, 0xc4, 0x00, 0xc4, 0x00, 0xc4, 0x00, 0xc4, 0x00, 0xc4, 0x00, 0xc4, 0x00,
0xc4, 0x00, 0xc4, 0x00, 0xc4, 0x00, 0xc4, 0x00, 0xc4, 0x00, 0xc4, 0x00, 0xc4, 0x00, 0xc4, 0x00, 0xc4, 0x00, 0xc4, 0x00, 0xc4, 0x00, 0xc4, 0x00,
0xc4, 0x00, 0xc4, 0x00, 0xc4, 0x00, 0xc4, 0x00, 0xc4, 0x00, 0xc4, 0x00, 0xc4, 0x00, 0xc4, 0x00, 0xc4, 0x00, 0xc4, 0x00, 0xc4, 0x00, 0xc4, 0x00,
0xc4, 0x00, 0xc4, 0x00, 0xc4, 0x00, 0xc4, 0x00, 0xc4, 0x00, 0xc4, 0x00, 0xc4, 0x00, 0xc4, 0x00, 0xc4, 0x00, 0xc4, 0x00, 0xc4, 0x00, 0xc4, 0x00,
0xc4, 0x00, 0xc4, 0x00, 0xc4, 0x00, 0xc4, 0x00, 0xc4, 0x00, 0xc4, 0x00, 0xc4, 0x00, 0xc4, 0x00, 0xc4, 0x00, 0xc4, 0x00, 0xc4, 0x00, 0xc4, 0x00,
0xc4, 0x00, 0xc4, 0x00, 0xc4, 0x00, 0xc4, 0x00, 0xc4, 0x00, 0xc4, 0x00, 0xc4, 0x00, 0xc4, 0x00, 0xc4, 0x00, 0xc4, 0x00, 0xc4, 0x00, 0xc4, 0x00,
0xc4, 0x00, 0xc4, 0x00, 0xc4, 0x00, 0xc4, 0x00, 0xc4, 0x00, 0xc4, 0x00, 0xc4, 0x00, 0xc4, 0x00, 0xc4, 0x00, 0xc4, 0x00, 0xc4, 0x00, 0xc4, 0x00,
0xc4, 0x00, 0xc4, 0x00, 0xc4, 0x00, 0xc4, 0x00, 0xc4, 0x00, 0xc4, 0x00, 0xc4, 0x00, 0xc4, 0x00, 0xc4, 0x00, 0xc4, 0x00, 0xc4, 0x00, 0xc4, 0x00,
0xc4, 0x00, 0xc4, 0x00, 0xc4, 0x00, 0xc4, 0x00, 0xc4, 0x00, 0xc4, 0x00, 0xc4, 0x00, 0xc4, 0x00, 0xc4, 0x00, 0xc4, 0x00, 0xc4, 0x00, 0xc4, 0x00,
0xc4, 0x00, 0xc4, 0x00, 0xc4, 0x00, 0xc4, 0x00, 0xc4, 0x00, 0xc4, 0x00, 0xc4, 0x00, 0xc4, 0x00, 0xc4, 0x00, 0xc4, 0x00, 0xc4, 0x00, 0xc4, 0x00,
0xc4, 0x00, 0xc4, 0x00, 0xc4, 0x00, 0xc4, 0x00, 0xc4, 0x00, 0xc4, 0x00, 0xc4, 0x00, 0xc4, 0x00, 0xc4, 0x00, 0xc4, 0x00, 0xc4, 0x00, 0xc4, 0x00,
0xc4, 0x00, 0xc4, 0x00, 0xc4, 0x00, 0xc4, 0x00, 0xc4, 0x00, 0xc4, 0x00, 0xc4, 0x00, 0xc4, 0x00, 0xc4, 0x00, 0xc4, 0x00, 0xc4, 0x00, 0xc4, 0x00,
0xc4, 0x00, 0xc4, 0x00, 0xc4, 0x00, 0xc4, 0x00, 0xc4, 0x00, 0xc4, 0x00, 0xc4, 0x00, 0xc4, 0x00, 0xc4, 0x00, 0xc4, 0x00, 0xc4, 0x00, 0xc4, 0x00,
0xc4, 0x00, 0xc4, 0x00, 0xc4, 0x00, 0xc4, 0x00, 0xc4, 0x00, 0xc4, 0x00, 0xc4, 0x00, 0xc4, 0x00, 0xc4, 0x00, 0xc4, 0x00, 0xc4, 0x00, 0xc4, 0x00,
0xc4, 0x00, 0xc4, 0x00, 0xc4, 0x00, 0xc4, 0x00, 0xc4, 0x00, 0xc4, 0x00, 0xc4, 0x00, 0xc4, 0x00, 0xc4, 0x00, 0xc4, 0x00, 0xc4, 0x00, 0xc4, 0x00,
0xc4, 0x00, 0xc4, 0x00, 0xc4, 0x00, 0xc4, 0x00, 0xc4, 0x00, 0xc4, 0x00, 0xc4, 0x00, 0xc4, 0x00, 0xc4, 0x00, 0xc4, 0x00, 0xc4, 0x00, 0xc4, 0x00,
0xc4, 0x00, 0xc4, 0x00, 0xc4, 0x00, 0xc4, 0x00, 0xc4, 0x00, 0xc4, 0x00, 0xc4, 0x00, 0xc4, 0x00, 0xc4, 0x00, 0xc4, 0x00, 0xc4, 0x00, 0xc4, 0x00,
0xc4, 0x00, 0xc4, 0x00, 0xc4, 0x00, 0xc4, 0x00, 0xc4, 0x00, 0xc4, 0x00, 0xc4, 0x00, 0xc4, 0x00, 0xc4, 0x00, 0xc4, 0x00, 0xc4, 0x00, 0xc4, 0x00,
0xc4, 0x00, 0xc4, 0x00, 0xc4, 0x00, 0xc4, 0x00, 0xc4, 0x00, 0xc4, 0x00, 0xc4, 0x00, 0xc4, 0x00, 0xc4, 0x00, 0xc4, 0x00, 0xc4, 0x00, 0xc4, 0x00,
0xc4, 0x00, 0xc4, 0x00, 0xc4, 0x00, 0xc4, 0x00, 0xc4, 0x00, 0xc4, 0x00, 0xc4, 0x00, 0xc4, 0x00, 0xc4, 0x00, 0xc4, 0x00, 0xc4, 0x00, 0xc4, 0x00,
0xc4, 0x00, 0xc4, 0x00, 0xc4, 0x00, 0xc4, 0x00, 0xc4, 0x00, 0xc4, 0x00, 0xc4, 0x00, 0xc4, 0x00, 0xc4, 0x00, 0xc4, 0x00, 0xc4, 0x00, 0xc4, 0x00,
0xc4, 0x00, 0xc4, 0x00, 0xc4, 0x00, 0xc4, 0x00, 0xc4, 0x00, 0xc4, 0x00, 0xc4, 0x00, 0xc4, 0x00, 0xc4, 0x00, 0xc4, 0x00, 0xc4, 0x00, 0xc4, 0x00,
0xc4, 0x00, 0xc4, 0x00, 0xc4, 0x00, 0xc4, 0x00, 0xc4, 0x00, 0xc4, 0x00, 0xc4, 0x00, 0xc4, 0x00, 0xc4, 0x00, 0xc4, 0x00, 0xc4, 0x00, 0xc4, 0x00,
0xc4, 0x00, 0xc4, 0x00, 0xc4, 0x00, 0xc4, 0x00, 0xc4, 0x00, 0xc4, 0x00, 0xc4, 0x00, 0xc4, 0x00, 0xc4, 0x00, 0xc4, 0x00, 0xc4, 0x00, 0xc4, 0x00,
0xc4, 0x00, 0xc4, 0x00, 0xc4, 0x00, 0xc4, 0x00, 0xc4, 0x00, 0xc4, 0x00, 0xc4, 0x00, 0xc4, 0x00, 0xc4, 0x00, 0xc4, 0x00, 0xc4, 0x00, 0xc4, 0x00,
0xc4, 0x00, 0xc4, 0x00, 0xc4, 0x00, 0xc4, 0x00, 0xc4, 0x00, 0xc4, 0x00, 0xc4, 0x00, 0xc4, 0x00, 0xc4, 0x00, 0xc4, 0x00, 0xc4, 0x00, 0xc4, 0x00,
0xc4, 0x00, 0xc4, 0x00, 0xc4, 0x00, 0xc4, 0x00, 0xc4, 0x00, 0xc4, 0x00, 0xc4, 0x00, 0xc4, 0x00, 0xc4, 0x00, 0xc4, 0x00, 0xc4, 0x00, 0xc4, 0x00,
0xc4, 0x00, 0xc4, 0x00, 0xc4, 0x00, 0xc4, 0x00, 0xc4, 0x00, 0xc4, 0x00, 0xc4, 0x00, 0xc4, 0x00, 0xc4, 0x00, 0xc4, 0x00, 0xc4, 0x00, 0xc4, 0x00,
0xc4, 0x00, 0xc4, 0x00, 0xc4, 0x00, 0xc4, 0x00, 0xc4, 0x00, 0xc4, 0x00, 0xc4, 0x00, 0xc4, 0x00, 0xc4, 0x00, 0xc4, 0x00, 0xc4, 0x00, 0xc4, 0x00,
0xc4, 0x00, 0xc4, 0x00, 0xc4, 0x00, 0xc4, 0x00, 0xc4, 0x00, 0xc4, 0x00, 0xc4, 0x00, 0xc4, 0x00, 0xc4, 0x00, 0xc4, 0x00, 0xc4, 0x00, 0xc4, 0x00,
0xc4, 0x00, 0xc4, 0x00, 0xc4, 0x00, 0xc4, 0x00, 0xc4, 0x00, 0xc4, 0x00, 0xc4, 0x00, 0xc4, 0x00, 0xc4, 0x00, 0xc4, 0x00, 0xc4, 0x00, 0xc4, 0x00,
0xc4, 0x00, 0xc4, 0x00, 0xc4, 0x00, 0xc4, 0x00, 0xc4, 0x00, 0xc4, 0x00, 0xc4, 0x00, 0xc4, 0x00, 0xc4, 0x00, 0xc4, 0x00, 0xc4, 0x00, 0xc4, 0x00,
0xc4, 0x00, 0xc4, 0x00, 0xc4, 0x00, 0xc4, 0x00, 0xc4, 0x00, 0xc4, 0x00, 0xc4, 0x00, 0xc4, 0x00, 0xc4, 0x00, 0xc4, 0x00, 0xc4, 0x00, 0xc4, 0x00,
0xc4, 0x00, 0xc4, 0x00, 0xc4, 0x00, 0xc4, 0x00, 0xc4, 0x00, 0xc4, 0x00, 0xc4, 0x00, 0xc4, 0x00, 0xc4, 0x00, 0xc4, 0x00, 0xc4, 0x00, 0xc4, 0x00,
0xc4, 0x00, 0xc4, 0x00, 0xc4, 0x00, 0xc4, 0x00, 0xc4, 0x00, 0xc4, 0x00, 0xc4, 0x00, 0xc4, 0x00, 0xc4, 0x00, 0xc4, 0x00, 0xc4, 0x00, 0xc4, 0x00,
0xc4, 0x00, 0xc4, 0x00, 0xc4, 0x00, 0xc4, 0x00, 0xc4, 0x00, 0xc4, 0x00, 0xc4, 0x00, 0xc4, 0x00, 0xc4, 0x00, 0xc4, 0x00, 0xc4, 0x00, 0xc4, 0x00,
0xc4, 0x00, 0xc4, 0x00, 0xc4, 0x00, 0xc4, 0x00, 0xc4, 0x00, 0xc4, 0x00, 0xc4, 0x00, 0xc4, 0x00, 0xc4, 0x00, 0xc4, 0x00, 0xc4, 0x00, 0xc4, 0x00,
0xc4, 0x00, 0xc4, 0x00, 0xc4, 0x00, 0xc4, 0x00, 0xc4, 0x00, 0xc4, 0x00, 0xc4, 0x00, 0xc4, 0x00, 0xc4, 0x00, 0xc4, 0x00, 0xc4, 0x00, 0xc4, 0x00,
0xc4, 0x00, 0xc4, 0x00, 0xc4, 0x00, 0xc4, 0x00, 0xc4, 0x00, 0xc4, 0x00, 0xc4, 0x00, 0xc4, 0x00, 0xc4, 0x00, 0xc4, 0x00, 0xc4, 0x00, 0xc4, 0x00,
0xc4, 0x00, 0xc4, 0x00, 0xc4, 0x00, 0xc4, 0x00, 0xc4, 0x00, 0xc4, 0x00, 0xc4, 0x00, 0xc4, 0x00, 0xc4, 0x00, 0xc4, 0x00, 0xc4, 0x00, 0xc4, 0x00,
0xc4, 0x00, 0xc4, 0x00, 0xc4, 0x00, 0xc4, 0x00, 0xc4, 0x00, 0xc4, 0x00, 0xc4, 0x00, 0xc4, 0x00, 0xc4, 0x00, 0xc4, 0x00, 0xc4, 0x00, 0xc4, 0x00,
0xc4, 0x00, 0xc4, 0x00, 0xc4, 0x00, 0xc4, 0x00, 0xc4, 0x00, 0xc4, 0x00, 0xc4, 0x00, 0xc4, 0x00, 0xc4, 0x00, 0xc4, 0x00, 0xc4, 0x00, 0xc4, 0x00,
0xc4, 0x00, 0xc4, 0x00, 0xc4, 0x00, 0xc4, 0x00, 0xc4, 0x00, 0xc4, 0x00, 0xc4, 0x00, 0xc4, 0x00, 0xc4, 0x00, 0xc4, 0x00, 0xc4, 0x00, 0xc4, 0x00,
0xc4, 0x00, 0xc4, 0x00, 0xc4, 0x00, 0xc4, 0x00, 0xc4, 0x00, 0xc4, 0x00, 0xc4, 0x00, 0xc4, 0x00, 0xc4, 0x00, 0xc4, 0x00, 0xc4, 0x00, 0xc4, 0x00,
0xc4, 0x00, 0xc4, 0x00, 0xc4, 0x00, 0xc4, 0x00, 0xc4, 0x00, 0xc4, 0x00, 0xc4, 0x00, 0xc4, 0x00, 0xc4, 0x00, 0xc4, 0x00, 0xc4, 0x00, 0xc4, 0x00,
0xc4, 0x00, 0xc4, 0x00, 0xc4, 0x00, 0xc4, 0x00, 0xc4, 0x00, 0xc4, 0x00, 0xc4, 0x00, 0xc4, 0x00, 0xc4, 0x00, 0xc4, 0x00, 0xc4, 0x00, 0xc4, 0x00,
0xc4, 0x00, 0xc4, 0x00, 0xc4, 0x00, 0xc4, 0x00, 0xc4, 0x00, 0xc4, 0x00, 0xc4, 0x00, 0xc4, 0x00, 0xc4, 0x00, 0xc4, 0x00, 0xc4, 0x00, 0xc4, 0x00,
0xc4, 0x00, 0xc4, 0x00, 0xc4, 0x00, 0xc4, 0x00, 0xc4, 0x00, 0xc4, 0x00, 0xc4, 0x00, 0xc4, 0x00, 0xc4, 0x00, 0xc4, 0x00, 0xc4, 0x00, 0xc4, 0x00,
0xc4, 0x00, 0xc4, 0x00, 0xc4, 0x00, 0xc4, 0x00, 0xc4, 0x00, 0xc4, 0x00, 0xc4, 0x00, 0xc4, 0x00, 0xc4, 0x00, 0xc4, 0x00, 0xc4, 0x00, 0xc4, 0x00,
0xc4, 0x00, 0xc4, 0x00, 0xc4, 0x00, 0xc4, 0x00, 0xc4, 0x00, 0xc4, 0x00, 0xc4, 0x00, 0xc4, 0x00, 0xc4, 0x00, 0xc4, 0x00, 0xc4, 0x00, 0xc4, 0x00,
0xc4, 0x00, 0xc4, 0x00, 0xc4, 0x00, 0xc4, 0x00, 0xc4, 0x00, 0xc4, 0x00, 0xc4, 0x00, 0xc4, 0x00, 0xc4, 0x00, 0xc4, 0x00, 0xc4, 0x00, 0xc4, 0x00,
0xc4, 0x00, 0xc4, 0x00, 0xc4, 0x00, 0xc4, 0x00, 0xc4, 0x00, 0xc4, 0x00, 0xc4, 0x00, 0xc4, 0x00, 0xc4, 0x00, 0xc4, 0x00, 0xc4, 0x00, 0xc4, 0x00,
0xc4, 0x00, 0xc4, 0x00, 0xc4, 0x00, 0xc4, 0x00, 0xc4, 0x00, 0xc4, 0x00, 0xc4, 0x00, 0xc4, 0x00, 0xc4, 0x00, 0xc4, 0x00, 0xc4, 0x00, 0xc4, 0x00,
0xc4, 0x00, 0xc4, 0x00, 0xc4, 0x00, 0xc4, 0x00, 0xc4, 0x00, 0xc4, 0x00, 0xc4, 0x00, 0xc4, 0x00, 0xc4, 0x00, 0xc4, 0x00, 0xc4, 0x00, 0xc4, 0x00,
0xc4, 0x00, 0xc4, 0x00, 0xc4, 0x00, 0xc4, 0x00, 0xc4, 0x00, 0xc4, 0x00, 0xc4, 0x00, 0xc4, 0x00, 0xc4, 0x00, 0xc4, 0x00, 0xc4, 0x00, 0xc4, 0x00,
0xc4, 0x00, 0xc4, 0x00, 0xc4, 0x00, 0xc4, 0x00, 0xc4, 0x00, 0xc4, 0x00, 0xc4, 0x00, 0xc4, 0x00, 0xc4, 0x00, 0xc4, 0x00, 0xc4, 0x00, 0xc4, 0x00,
0xc4, 0x00, 0xc4, 0x00, 0xc4, 0x00, 0xc4, 0x00, 0xc4, 0x00, 0xc4, 0x00, 0xc4, 0x00, 0xc4, 0x00, 0xc4, 0x00, 0xc4, 0x00, 0xc4, 0x00, 0xc4, 0x00,
0xc4, 0x00, 0xc4, 0x00, 0xc4, 0x00, 0xc4, 0x00, 0xc4, 0x00, 0xc4, 0x00, 0xc4, 0x00, 0xc4, 0x00, 0xc4, 0x00, 0xc4, 0x00, 0xc4, 0x00, 0xc4, 0x00,
0xc4, 0x00, 0xc4, 0x00, 0xc4, 0x00, 0xc4, 0x00, 0xc4, 0x00, 0xc4, 0x00, 0xc4, 0x00, 0xc4, 0x00, 0xc4, 0x00, 0xc4, 0x00, 0xc4, 0x00, 0xc4, 0x00,
0xc4, 0x00, 0xc4, 0x00, 0xc4, 0x00, 0xc4, 0x00, 0xc4, 0x00, 0xc4, 0x00, 0xc4, 0x00, 0xc4, 0x00, 0xc4, 0x00, 0xc4, 0x00, 0xc4, 0x00, 0xc4, 0x00,
0xc4, 0x00, 0xc4, 0x00, 0xc4, 0x00, 0xc4, 0x00, 0xc4, 0x00, 0xc4, 0x00, 0xc4, 0x00, 0xc4, 0x00, 0xc4, 0x00, 0xc4, 0x00, 0xc4, 0x00, 0xc4, 0x00,
0xc4, 0x00, 0xc4, 0x00, 0xc4, 0x00, 0xc4, 0x00, 0xc4, 0x00, 0xc4, 0x00, 0xc4, 0x00, 0xc4, 0x00, 0xc4, 0x00, 0xc4, 0x00, 0x2a, 0x22, 0x2a, 0x22,
0x2a, 0x22, 0x2a, 0x22, 0xc4, 0x00, 0xc4, 0x00, 0xc4, 0x00, 0xc4, 0x00, 0xc4, 0x00, 0xc4, 0x00, 0xc4, 0x00, 0xc4, 0x00, 0xc4, 0x00, 0xc4, 0x00,
0xc4, 0x00, 0xc4, 0x00, 0xc4, 0x00, 0xc4, 0x00, 0xc4, 0x00, 0xc4, 0x00, 0xc4, 0x00, 0xc4, 0x00, 0xc4, 0x00, 0xc4, 0x00, 0xc4, 0x00, 0xc4, 0x00,
0xc4, 0x00, 0xc4, 0x00, 0xc4, 0x00, 0xc4, 0x00, 0xc4, 0x00, 0xc4, 0x00, 0xc4, 0x00, 0xc4, 0x00, 0xc4, 0x00, 0xc4, 0x00, 0xc4, 0x00, 0xc4, 0x00,
0xc4, 0x00, 0xc4, 0x00, 0xc4, 0x00, 0xc4, 0x00, 0xc4, 0x00, 0xc4, 0x00, 0xc4, 0x00, 0xc4, 0x00, 0xc4, 0x00, 0xc4, 0x00, 0xc4, 0x00, 0xc4, 0x00,
0xc4, 0x00, 0xc4, 0x00, 0xc4, 0x00, 0xc4, 0x00, 0xc4, 0x00, 0xc4, 0x00, 0xc4, 0x00, 0xc4, 0x00, 0xc4, 0x00, 0xc4, 0x00, 0xc4, 0x00, 0xc4, 0x00,
0xc4, 0x00, 0xc4, 0x00, 0xc4, 0x00, 0xc4, 0x00, 0xc4, 0x00, 0xc4, 0x00, 0xc4, 0x00, 0xc4, 0x00, 0xc4, 0x00, 0xc4, 0x00, 0xc4, 0x00, 0xc4, 0x00,
0xc4, 0x00, 0xc4, 0x00, 0xc4, 0x00, 0xc4, 0x00, 0xc4, 0x00, 0xc4, 0x00, 0xc4, 0x00, 0xc4, 0x00, 0xc4, 0x00, 0xc4, 0x00, 0xc4, 0x00, 0xc4, 0x00,
0xc4, 0x00, 0xc4, 0x00, 0xc4, 0x00, 0xc4, 0x00, 0xc4, 0x00, 0xc4, 0x00, 0xc4, 0x00, 0xc4, 0x00, 0xc4, 0x00, 0xc4, 0x00, 0xc4, 0x00, 0xc4, 0x00,
0xc4, 0x00, 0xc4, 0x00, 0xc4, 0x00, 0xc4, 0x00, 0xc4, 0x00, 0xc4, 0x00, 0xc4, 0x00, 0xc4, 0x00, 0xc4, 0x00, 0xc4, 0x00, 0xc4, 0x00, 0xc4, 0x00,
0xc4, 0x00, 0xc4, 0x00, 0xc4, 0x00, 0xc4, 0x00, 0xc4, 0x00, 0xc4, 0x00, 0xc4, 0x00, 0xc4, 0x00, 0xc4, 0x00, 0xc4, 0x00, 0xc4, 0x00, 0xc4, 0x00,
0xc4, 0x00, 0xc4, 0x00, 0xc4, 0x00, 0xc4, 0x00, 0xc4, 0x00, 0xc4, 0x00, 0xc4, 0x00, 0xc4, 0x00, 0xc4, 0x00, 0xc4, 0x00, 0xc4, 0x00, 0xc4, 0x00,
0xc4, 0x00, 0xc4, 0x00, 0xc4, 0x00, 0xc4, 0x00, 0xc4, 0x00, 0xc4, 0x00, 0xc4, 0x00, 0xc4, 0x00, 0xc4, 0x00, 0xc4, 0x00, 0xc4, 0x00, 0xc4, 0x00,
0xc4, 0x00, 0xc4, 0x00, 0xc4, 0x00, 0xc4, 0x00, 0xc4, 0x00, 0xc4, 0x00, 0xc4, 0x00, 0xc4, 0x00, 0xc4, 0x00, 0xc4, 0x00, 0xc4, 0x00, 0xc4, 0x00,
0xc4, 0x00, 0xc4, 0x00, 0xc4, 0x00, 0xc4, 0x00, 0xc4, 0x00, 0xc4, 0x00, 0xc4, 0x00, 0xc4, 0x00, 0xc4, 0x00, 0xc4, 0x00, 0xc4, 0x00, 0xc4, 0x00,
0xc4, 0x00, 0xc4, 0x00, 0xc4, 0x00, 0xc4, 0x00, 0xc4, 0x00, 0xc4, 0x00, 0xc4, 0x00, 0xc4, 0x00, 0xc4, 0x00, 0xc4, 0x00, 0xc4, 0x00, 0xc4, 0x00,
0xc4, 0x00, 0xc4, 0x00, 0xc4, 0x00, 0xc4, 0x00, 0xc4, 0x00, 0xc4, 0x00, 0xc4, 0x00, 0xc4, 0x00, 0xc4, 0x00, 0xc4, 0x00, 0xc4, 0x00, 0xc4, 0x00,
0xc4, 0x00, 0xc4, 0x00, 0xc4, 0x00, 0xc4, 0x00, 0xc4, 0x00, 0xc4, 0x00, 0xc4, 0x00, 0xc4, 0x00, 0xc4, 0x00, 0xc4, 0x00, 0xc4, 0x00, 0xc4, 0x00,
0xc4, 0x00, 0xc4, 0x00, 0xc4, 0x00, 0xc4, 0x00, 0xc4, 0x00, 0xc4, 0x00, 0xc4, 0x00, 0xc4, 0x00, 0x2a, 0x22, 0x2a, 0x22, 0x2a, 0x22, 0xc4, 0x00,
0xc4, 0x00, 0xc4, 0x00, 0xc4, 0x00, 0xc4, 0x00, 0xc4, 0x00, 0xc4, 0x00, 0xc4, 0x00, 0xc4, 0x00, 0xc4, 0x00, 0xc4, 0x00, 0xc4, 0x00, 0xc4, 0x00,
0xc4, 0x00, 0xc4, 0x00, 0xc4, 0x00, 0xc4, 0x00, 0xc4, 0x00, 0xc4, 0x00, 0xc4, 0x00, 0xc4, 0x00, 0xc4, 0x00, 0xc4, 0x00, 0xc4, 0x00, 0xc4, 0x00,
0xc4, 0x00, 0xc4, 0x00, 0xc4, 0x00, 0xc4, 0x00, 0xc4, 0x00, 0xc4, 0x00, 0xc4, 0x00, 0xc4, 0x00, 0xc4, 0x00, 0xc4, 0x00, 0xc4, 0x00, 0xc4, 0x00,
0xc4, 0x00, 0xc4, 0x00, 0xc4, 0x00, 0xc4, 0x00, 0xc4, 0x00, 0xc4, 0x00, 0xc4, 0x00, 0xc4, 0x00, 0xc4, 0x00, 0xc4, 0x00, 0xc4, 0x00, 0xc4, 0x00,
0xc4, 0x00, 0xc4, 0x00, 0xc4, 0x00, 0xc4, 0x00, 0xc4, 0x00, 0xc4, 0x00, 0xc4, 0x00, 0xc4, 0x00, 0xc4, 0x00, 0xc4, 0x00, 0xc4, 0x00, 0xc4, 0x00,
0xc4, 0x00, 0xc4, 0x00, 0xc4, 0x00, 0xc4, 0x00, 0xc4, 0x00, 0xc4, 0x00, 0xc4, 0x00, 0x2a, 0x22, 0x2a, 0x22, 0xc4, 0x00, 0xc4, 0x00, 0xc4, 0x00,
0xc4, 0x00, 0xc4, 0x00, 0xc4, 0x00, 0xc4, 0x00, 0xc4, 0x00, 0xc4, 0x00, 0xc4, 0x00, 0xc4, 0x00, 0xc4, 0x00, 0xc4, 0x00, 0xc4, 0x00, 0xc4, 0x00,
0xc4, 0x00, 0xc4, 0x00, 0xc4, 0x00, 0xc4, 0x00, 0xc4, 0x00, 0xc4, 0x00, 0xc4, 0x00, 0xc4, 0x00, 0xc4, 0x00, 0xc4, 0x00, 0xc4, 0x00, 0xc4, 0x00,
0x2a, 0x22, 0x2a, 0x22, 0xc4, 0x00, 0xc4, 0x00, 0xc4, 0x00, 0xc4, 0x00, 0xc4, 0x00, 0x2a, 0x22, 0xc4, 0x00, 0xc4, 0x00, 0xc4, 0x00, 0xc4, 0x00,
0xc4, 0x00, 0xc4, 0x00, 0xc4, 0x00, 0xc4, 0x00, 0xc4, 0x00, 0xc4, 0x00, 0xc4, 0x00, 0xc4, 0x00, 0x2a, 0x22, 0xc4, 0x00, 0xc4, 0x00, 0xc4, 0x00,
0xc4, 0x00, 0xc4, 0x00, 0xc4, 0x00, 0xc4, 0x00, 0xc4, 0x00, 0xc4, 0x00, 0xc4, 0x00, 0xc4, 0x00, 0xc4, 0x00, 0xc4, 0x00, 0xc4, 0x00, 0xc4, 0x00,
0xc4, 0x00, 0xc4, 0x00, 0xc4, 0x00, 0xc4, 0x00, 0xc4, 0x00, 0xc4, 0x00, 0xc4, 0x00, 0xc4, 0x00, 0xc4, 0x00, 0xc4, 0x00, 0xc4, 0x00, 0xc4, 0x00,
0xc4, 0x00, 0xc4, 0x00, 0xc4, 0x00, 0xc4, 0x00, 0xc4, 0x00, 0xc4, 0x00, 0xc4, 0x00, 0xc4, 0x00, 0xc4, 0x00, 0xc4, 0x00, 0xc4, 0x00, 0xc4, 0x00,
0xc4, 0x00, 0xc4, 0x00, 0xc4, 0x00, 0xc4, 0x00, 0xc4, 0x00, 0xc4, 0x00, 0xc4, 0x00, 0xc4, 0x00, 0xc4, 0x00, 0xc4, 0x00, 0xc4, 0x00, 0xc4, 0x00,
0xc4, 0x00, 0xc4, 0x00, 0xc4, 0x00, 0xc4, 0x00, 0xc4, 0x00, 0xc4, 0x00, 0xc4, 0x00, 0xc4, 0x00, 0xc4, 0x00, 0xc4, 0x00, 0xc4, 0x00, 0xc4, 0x00,
0xc4, 0x00, 0xc4, 0x00, 0xc4, 0x00, 0xc4, 0x00, 0xc4, 0x00, 0xc4, 0x00, 0xc4, 0x00, 0xc4, 0x00, 0xc4, 0x00, 0xc4, 0x00, 0xc4, 0x00, 0xc4, 0x00,
0xc4, 0x00, 0xc4, 0x00, 0xc4, 0x00, 0xc4, 0x00, 0xc4, 0x00, 0xc4, 0x00, 0xc4, 0x00, 0xc4, 0x00, 0xc4, 0x00, 0xc4, 0x00, 0xc4, 0x00, 0xc4, 0x00,
0xc4, 0x00, 0xc4, 0x00, 0xc4, 0x00, 0xc4, 0x00, 0xc4, 0x00, 0xc4, 0x00, 0xc4, 0x00, 0x2a, 0x22, 0x2a, 0x22, 0x2a, 0x22, 0x2a, 0x22, 0xc4, 0x00,
0xc4, 0x00, 0xc4, 0x00, 0xc4, 0x00, 0xc4, 0x00, 0xc4, 0x00, 0xc4, 0x00, 0xc4, 0x00, 0xc4, 0x00, 0xc4, 0x00, 0xc4, 0x00, 0xc4, 0x00, 0xc4, 0x00,
0xc4, 0x00, 0xc4, 0x00, 0xc4, 0x00, 0xc4, 0x00, 0xc4, 0x00, 0xc4, 0x00, 0xc4, 0x00, 0xc4, 0x00, 0xc4, 0x00, 0xc4, 0x00, 0xc4, 0x00, 0xc4, 0x00,
0xc4, 0x00, 0xc4, 0x00, 0xc4, 0x00, 0xc4, 0x00, 0xc4, 0x00, 0xc4, 0x00, 0xc4, 0x00, 0xc4, 0x00, 0xc4, 0x00, 0xc4, 0x00, 0xc4, 0x00, 0xc4, 0x00,
0xc4, 0x00, 0xc4, 0x00, 0xc4, 0x00, 0xc4, 0x00, 0xc4, 0x00, 0xc4, 0x00, 0xc4, 0x00, 0xc4, 0x00, 0xc4, 0x00, 0xc4, 0x00, 0xc4, 0x00, 0xc4, 0x00,
0xc4, 0x00, 0xc4, 0x00, 0xc4, 0x00, 0xc4, 0x00, 0xc4, 0x00, 0xc4, 0x00, 0xc4, 0x00, 0xc4, 0x00, 0xc4, 0x00, 0xc4, 0x00, 0xc4, 0x00, 0xc4, 0x00,
0xc4, 0x00, 0xc4, 0x00, 0xc4, 0x00, 0xc4, 0x00, 0x2a, 0x22, 0x2a, 0x22, 0x2a, 0x22, 0x2a, 0x22, 0x2a, 0x22, 0x2a, 0x22, 0x2a, 0x22, 0xc4, 0x00,
0xc4, 0x00, 0xc4, 0x00, 0xc4, 0x00, 0xc4, 0x00, 0xc4, 0x00, 0xc4, 0x00, 0xc4, 0x00, 0xc4, 0x00, 0xc4, 0x00, 0xc4, 0x00, 0xc4, 0x00, 0xc4, 0x00,
0x2a, 0x22, 0x2a, 0x22, 0x2a, 0x22, 0x2a, 0x22, 0x2a, 0x22, 0x2a, 0x22, 0x2a, 0x22, 0x2a, 0x22, 0x2a, 0x22, 0x2a, 0x22, 0x2a, 0x22, 0x2a, 0x22,
0x2a, 0x22, 0x2a, 0x22, 0x2a, 0x22, 0x2a, 0x22, 0x2a, 0x22, 0x2a, 0x22, 0x2a, 0x22, 0x2a, 0x22, 0x2a, 0x22, 0x2a, 0x22, 0x2a, 0x22, 0x2a, 0x22,
0x2a, 0x22, 0x2a, 0x22, 0x2a, 0x22, 0x2a, 0x22, 0x2a, 0x22, 0x2a, 0x22, 0x2a, 0x22, 0x2a, 0x22, 0x2a, 0x22, 0x2a, 0x22, 0x2a, 0x22, 0x2a, 0x22,
0x2a, 0x22, 0x2a, 0x22, 0x2a, 0x22, 0xc4, 0x00, 0xc4, 0x00, 0xc4, 0x00, 0xc4, 0x00, 0xc4, 0x00, 0xc4, 0x00, 0xc4, 0x00, 0xc4, 0x00, 0xc4, 0x00,
0xc4, 0x00, 0xc4, 0x00, 0xc4, 0x00, 0xc4, 0x00, 0xc4, 0x00, 0xc4, 0x00, 0xc4, 0x00, 0xc4, 0x00, 0xc4, 0x00, 0xc4, 0x00, 0xc4, 0x00, 0xc4, 0x00,
0xc4, 0x00, 0xc4, 0x00, 0xc4, 0x00, 0xc4, 0x00, 0xc4, 0x00, 0xc4, 0x00, 0xc4, 0x00, 0xc4, 0x00, 0xc4, 0x00, 0xc4, 0x00, 0xc4, 0x00, 0xc4, 0x00,
0xc4, 0x00, 0xc4, 0x00, 0xc4, 0x00, 0xc4, 0x00, 0xc4, 0x00, 0xc4, 0x00, 0xc4, 0x00, 0xc4, 0x00, 0xc4, 0x00, 0xc4, 0x00, 0xc4, 0x00, 0xc4, 0x00,
0xc4, 0x00, 0xc4, 0x00, 0xc4, 0x00, 0xc4, 0x00, 0xc4, 0x00, 0xc4, 0x00, 0xc4, 0x00, 0xc4, 0x00, 0xc4, 0x00, 0xc4, 0x00, 0xc4, 0x00, 0xc4, 0x00,
0xc4, 0x00, 0xc4, 0x00, 0xc4, 0x00, 0xc4, 0x00, 0xc4, 0x00, 0xc4, 0x00, 0xc4, 0x00, 0xc4, 0x00, 0xc4, 0x00, 0xc4, 0x00, 0xc4, 0x00, 0xc4, 0x00,
0xc4, 0x00, 0xc4, 0x00, 0xc4, 0x00, 0xc4, 0x00, 0xc4, 0x00, 0xc4, 0x00, 0xc4, 0x00, 0xc4, 0x00, 0xc4, 0x00, 0xc4, 0x00, 0xc4, 0x00, 0xc4, 0x00,
0xc4, 0x00, 0xc4, 0x00, 0xc4, 0x00, 0xc4, 0x00, 0xc4, 0x00, 0xc4, 0x00, 0xc4, 0x00, 0x2a, 0x22, 0x2a, 0x22, 0xc4, 0x00, 0xc4, 0x00, 0xc4, 0x00,
0xc4, 0x00, 0xc4, 0x00, 0xc4, 0x00, 0xc4, 0x00, 0xc4, 0x00, 0xc4, 0x00, 0xc4, 0x00, 0xc4, 0x00, 0xc4, 0x00, 0xc4, 0x00, 0xc4, 0x00, 0xc4, 0x00,
0xc4, 0x00, 0xc4, 0x00, 0xc4, 0x00, 0xc4, 0x00, 0xc4, 0x00, 0xc4, 0x00, 0xc4, 0x00, 0xc4, 0x00, 0xc4, 0x00, 0xc4, 0x00, 0xc4, 0x00, 0xc4, 0x00,
0xc4, 0x00, 0xc4, 0x00, 0xc4, 0x00, 0xc4, 0x00, 0xc4, 0x00, 0xc4, 0x00, 0xc4, 0x00, 0xc4, 0x00, 0xc4, 0x00, 0xc4, 0x00, 0xc4, 0x00, 0xc4, 0x00,
0xc4, 0x00, 0xc4, 0x00, 0xc4, 0x00, 0xc4, 0x00, 0xc4, 0x00, 0xc4, 0x00, 0xc4, 0x00, 0xc4, 0x00, 0xc4, 0x00, 0xc4, 0x00, 0xc4, 0x00, 0xc4, 0x00,
0xc4, 0x00, 0xc4, 0x00, 0xc4, 0x00, 0xc4, 0x00, 0xc4, 0x00, 0xc4, 0x00, 0xc4, 0x00, 0x2a, 0x22, 0x2a, 0x22, 0xc4, 0x00, 0xc4, 0x00, 0xc4, 0x00,
0x2a, 0x22, 0x2a, 0x22, 0x2a, 0x22, 0x2a, 0x22, 0x2a, 0x22, 0x2a, 0x22, 0x2a, 0x22, 0x2a, 0x22, 0x2a, 0x22, 0x2a, 0x22, 0x2a, 0x22, 0x2a, 0x22,
0x2a, 0x22, 0x2a, 0x22, 0x2a, 0x22, 0x2a, 0x22, 0x2a, 0x22, 0xc4, 0x00, 0xc4, 0x00, 0xc4, 0x00, 0xc4, 0x00, 0xc4, 0x00, 0x2a, 0x22, 0x2a, 0x22,
0x2a, 0x22, 0x2a, 0x22, 0x2a, 0x22, 0x2a, 0x22, 0x2a, 0x22, 0x2a, 0x22, 0x2a, 0x22, 0x2a, 0x22, 0x2a, 0x22, 0x2a, 0x22, 0x2a, 0x22, 0x2a, 0x22,
0x2a, 0x22, 0x2a, 0x22, 0x2a, 0x22, 0x2a, 0x22, 0x2a, 0x22, 0x2a, 0x22, 0x2a, 0x22, 0x2a, 0x22, 0x2a, 0x22, 0x2a, 0x22, 0x2a, 0x22, 0x2a, 0x22,
0x2a, 0x22, 0x2a, 0x22, 0x2a, 0x22, 0x2a, 0x22, 0x2a, 0x22, 0x2a, 0x22, 0x2a, 0x22, 0x2a, 0x22, 0x2a, 0x22, 0x2a, 0x22, 0x2a, 0x22, 0x2a, 0x22,
0x2a, 0x22, 0x2a, 0x22, 0x2a, 0x22, 0x2a, 0x22, 0x2a, 0x22, 0x2a, 0x22, 0xc4, 0x00, 0x2a, 0x22, 0xc4, 0x00, 0xc4, 0x00, 0xc4, 0x00, 0xc4, 0x00,
0xc4, 0x00, 0xc4, 0x00, 0xc4, 0x00, 0xc4, 0x00, 0xc4, 0x00, 0xc4, 0x00, 0xc4, 0x00, 0xc4, 0x00, 0xc4, 0x00, 0xc4, 0x00, 0xc4, 0x00, 0xc4, 0x00,
0xc4, 0x00, 0xc4, 0x00, 0xc4, 0x00, 0xc4, 0x00, 0xc4, 0x00, 0xc4, 0x00, 0xc4, 0x00, 0xc4, 0x00, 0xc4, 0x00, 0xc4, 0x00, 0xc4, 0x00, 0xc4, 0x00,
0xc4, 0x00, 0xc4, 0x00, 0xc4, 0x00, 0xc4, 0x00, 0xc4, 0x00, 0xc4, 0x00, 0xc4, 0x00, 0xc4, 0x00, 0xc4, 0x00, 0xc4, 0x00, 0xc4, 0x00, 0xc4, 0x00,
0xc4, 0x00, 0xc4, 0x00, 0xc4, 0x00, 0xc4, 0x00, 0xc4, 0x00, 0xc4, 0x00, 0xc4, 0x00, 0xc4, 0x00, 0xc4, 0x00, 0xc4, 0x00, 0xc4, 0x00, 0xc4, 0x00,
0xc4, 0x00, 0xc4, 0x00, 0xc4, 0x00, 0xc4, 0x00, 0xc4, 0x00, 0xc4, 0x00, 0xc4, 0x00, 0xc4, 0x00, 0xc4, 0x00, 0xc4, 0x00, 0xc4, 0x00, 0xc4, 0x00,
0xc4, 0x00, 0xc4, 0x00, 0xc4, 0x00, 0xc4, 0x00, 0xc4, 0x00, 0xc4, 0x00, 0xc4, 0x00, 0xc4, 0x00, 0xc4, 0x00, 0xc4, 0x00, 0xc4, 0x00, 0xc4, 0x00,
0xc4, 0x00, 0xc4, 0x00, 0xc4, 0x00, 0xc4, 0x00, 0x2a, 0x22, 0x2a, 0x22, 0x2a, 0x22, 0x2a, 0x22, 0x2a, 0x22, 0x2a, 0x22, 0x2a, 0x22, 0xc4, 0x00,
0xc4, 0x00, 0xc4, 0x00, 0xc4, 0x00, 0xc4, 0x00, 0xc4, 0x00, 0xc4, 0x00, 0xc4, 0x00, 0xc4, 0x00, 0xc4, 0x00, 0xc4, 0x00, 0xc4, 0x00, 0xc4, 0x00,
0xc4, 0x00, 0xc4, 0x00, 0xc4, 0x00, 0xc4, 0x00, 0xc4, 0x00, 0xc4, 0x00, 0xc4, 0x00, 0xc4, 0x00, 0xc4, 0x00, 0xc4, 0x00, 0xc4, 0x00, 0xc4, 0x00,
0xc4, 0x00, 0xc4, 0x00, 0xc4, 0x00, 0xc4, 0x00, 0xc4, 0x00, 0xc4, 0x00, 0xc4, 0x00, 0xc4, 0x00, 0xc4, 0x00, 0xc4, 0x00, 0xc4, 0x00, 0xc4, 0x00,
0xc4, 0x00, 0xc4, 0x00, 0xc4, 0x00, 0xc4, 0x00, 0x2a, 0x22, 0x2a, 0x22, 0xc4, 0x00, 0x2a, 0x22, 0x2a, 0x22, 0x2a, 0x22, 0x2a, 0x22, 0x2a, 0x22,
0x2a, 0x22, 0xc4, 0x00, 0xc4, 0x00, 0xc4, 0x00, 0xc4, 0x00, 0x2a, 0x22, 0x2a, 0x22, 0x2a, 0x22, 0x2a, 0x22, 0x2a, 0x22, 0x2a, 0x22, 0x2a, 0x22,
0x2a, 0x22, 0x2a, 0x22, 0x2a, 0x22, 0x2a, 0x22, 0x2a, 0x22, 0x2a, 0x22, 0x2a, 0x22, 0x2a, 0x22, 0x2a, 0x22, 0x2a, 0x22, 0x2a, 0x22, 0x2a, 0x22,
0x2a, 0x22, 0x2a, 0x22, 0x2a, 0x22, 0x2a, 0x22, 0x2a, 0x22, 0x2a, 0x22, 0xc4, 0x00, 0x2a, 0x22, 0x2a, 0x22, 0x2a, 0x22, 0x2a, 0x22, 0x2a, 0x22,
0x2a, 0x22, 0x2a, 0x22, 0x2a, 0x22, 0x2a, 0x22, 0x2a, 0x22, 0x2a, 0x22, 0x2a, 0x22, 0x2a, 0x22, 0x2a, 0x22, 0x2a, 0x22, 0x2a, 0x22, 0x2a, 0x22,
0x2a, 0x22, 0x2a, 0x22, 0x2a, 0x22, 0x2a, 0x22, 0x2a, 0x22, 0x2a, 0x22, 0x2a, 0x22, 0x2a, 0x22, 0x2a, 0x22, 0x2a, 0x22, 0x2a, 0x22, 0x2a, 0x22,
0x2a, 0x22, 0x2a, 0x22, 0x2a, 0x22, 0x2a, 0x22, 0x2a, 0x22, 0x2a, 0x22, 0x2a, 0x22, 0x2a, 0x22, 0x2a, 0x22, 0x2a, 0x22, 0x2a, 0x22, 0x2a, 0x22,
0x2a, 0x22, 0x2a, 0x22, 0x2a, 0x22, 0x2a, 0x22, 0x2a, 0x22, 0x2a, 0x22, 0x2a, 0x22, 0x2a, 0x22, 0x2a, 0x22, 0x2a, 0x22, 0x2a, 0x22, 0xc4, 0x00,
0xc4, 0x00, 0xc4, 0x00, 0xc4, 0x00, 0xc4, 0x00, 0xc4, 0x00, 0xc4, 0x00, 0xc4, 0x00, 0xc4, 0x00, 0xc4, 0x00, 0xc4, 0x00, 0xc4, 0x00, 0xc4, 0x00,
0xc4, 0x00, 0xc4, 0x00, 0xc4, 0x00, 0xc4, 0x00, 0xc4, 0x00, 0xc4, 0x00, 0xc4, 0x00, 0xc4, 0x00, 0xc4, 0x00, 0xc4, 0x00, 0xc4, 0x00, 0xc4, 0x00,
0xc4, 0x00, 0xc4, 0x00, 0xc4, 0x00, 0xc4, 0x00, 0xc4, 0x00, 0xc4, 0x00, 0xc4, 0x00, 0xc4, 0x00, 0xc4, 0x00, 0xc4, 0x00, 0xc4, 0x00, 0xc4, 0x00,
0xc4, 0x00, 0xc4, 0x00, 0xc4, 0x00, 0xc4, 0x00, 0xc4, 0x00, 0xc4, 0x00, 0xc4, 0x00, 0xc4, 0x00, 0xc4, 0x00, 0xc4, 0x00, 0xc4, 0x00, 0xc4, 0x00,
0xc4, 0x00, 0xc4, 0x00, 0xc4, 0x00, 0xc4, 0x00, 0xc4, 0x00, 0xc4, 0x00, 0xc4, 0x00, 0xc4, 0x00, 0xc4, 0x00, 0xc4, 0x00, 0xc4, 0x00, 0xc4, 0x00,
0xc4, 0x00, 0xc4, 0x00, 0xc4, 0x00, 0xc4, 0x00, 0xc4, 0x00, 0xc4, 0x00, 0xc4, 0x00, 0xc4, 0x00, 0xc4, 0x00, 0xc4, 0x00, 0xc4, 0x00, 0xc4, 0x00,
0xc4, 0x00, 0xc4, 0x00, 0xc4, 0x00, 0x2a, 0x22, 0x2a, 0x22, 0x2a, 0x22, 0x2a, 0x22, 0x2a, 0x22, 0x2a, 0x22, 0x2a, 0x22, 0x2a, 0x22, 0xc4, 0x00,
0xc4, 0x00, 0xc4, 0x00, 0xc4, 0x00, 0xc4, 0x00, 0xc4, 0x00, 0xc4, 0x00, 0xc4, 0x00, 0xc4, 0x00, 0xc4, 0x00, 0xc4, 0x00, 0xc4, 0x00, 0xc4, 0x00,
0xc4, 0x00, 0xc4, 0x00, 0xc4, 0x00, 0xc4, 0x00, 0xc4, 0x00, 0xc4, 0x00, 0xc4, 0x00, 0xc4, 0x00, 0xc4, 0x00, 0xc4, 0x00, 0xc4, 0x00, 0xc4, 0x00,
0xc4, 0x00, 0xc4, 0x00, 0xc4, 0x00, 0xc4, 0x00, 0x2a, 0x22, 0x2a, 0x22, 0x2a, 0x22, 0x2a, 0x22, 0x2a, 0x22, 0x2a, 0x22, 0x2a, 0x22, 0x2a, 0x22,
0x2a, 0x22, 0x2a, 0x22, 0x2a, 0x22, 0x2a, 0x22, 0x2a, 0x22, 0x2a, 0x22, 0x2a, 0x22, 0x2a, 0x22, 0x2a, 0x22, 0x2a, 0x22, 0x2a, 0x22, 0x2a, 0x22,
0x2a, 0x22, 0x2a, 0x22, 0x2a, 0x22, 0x2a, 0x22, 0x2a, 0x22, 0x2a, 0x22, 0x2a, 0x22, 0x2a, 0x22, 0x2a, 0x22, 0x2a, 0x22, 0x2a, 0x22, 0x2a, 0x22,
0x2a, 0x22, 0x2a, 0x22, 0x2a, 0x22, 0x2a, 0x22, 0x2a, 0x22, 0x2a, 0x22, 0x2a, 0x22, 0x2a, 0x22, 0x2a, 0x22, 0x2a, 0x22, 0x2a, 0x22, 0x2a, 0x22,
0x2a, 0x22, 0x2a, 0x22, 0x2a, 0x22, 0x2a, 0x22, 0x2a, 0x22, 0xc4, 0x00, 0x2a, 0x22, 0x2a, 0x22, 0x2a, 0x22, 0x2a, 0x22, 0x2a, 0x22, 0x2a, 0x22,
0x2a, 0x22, 0x2a, 0x22, 0x2a, 0x22, 0x2a, 0x22, 0x2a, 0x22, 0x2a, 0x22, 0x2a, 0x22, 0x2a, 0x22, 0x2a, 0x22, 0x2a, 0x22, 0x2a, 0x22, 0x2a, 0x22,
0x2a, 0x22, 0x2a, 0x22, 0x2a, 0x22, 0x2a, 0x22, 0x2a, 0x22, 0x2a, 0x22, 0x2a, 0x22, 0x2a, 0x22, 0x2a, 0x22, 0x2a, 0x22, 0x2a, 0x22, 0x2a, 0x22,
0x2a, 0x22, 0x2a, 0x22, 0x2a, 0x22, 0x2a, 0x22, 0x2a, 0x22, 0x2a, 0x22, 0x2a, 0x22, 0x2a, 0x22, 0x2a, 0x22, 0x2a, 0x22, 0x2a, 0x22, 0x2a, 0x22,
0x2a, 0x22, 0x2a, 0x22, 0x2a, 0x22, 0x2a, 0x22, 0x2a, 0x22, 0x2a, 0x22, 0x2a, 0x22, 0x2a, 0x22, 0x2a, 0x22, 0x2a, 0x22, 0x2a, 0x22, 0x2a, 0x22,
0x2a, 0x22, 0x2a, 0x22, 0x2a, 0x22, 0x2a, 0x22, 0x2a, 0x22, 0x2a, 0x22, 0xc4, 0x00, 0xc4, 0x00, 0xc4, 0x00, 0xc4, 0x00, 0xc4, 0x00, 0xc4, 0x00,
0xc4, 0x00, 0xc4, 0x00, 0xc4, 0x00, 0xc4, 0x00, 0xc4, 0x00, 0xc4, 0x00, 0xc4, 0x00, 0xc4, 0x00, 0xc4, 0x00, 0xc4, 0x00, 0xc4, 0x00, 0xc4, 0x00,
0xc4, 0x00, 0xc4, 0x00, 0xc4, 0x00, 0xc4, 0x00, 0xc4, 0x00, 0xc4, 0x00, 0xc4, 0x00, 0xc4, 0x00, 0xc4, 0x00, 0xc4, 0x00, 0xc4, 0x00, 0xc4, 0x00,
0xc4, 0x00, 0xc4, 0x00, 0xc4, 0x00, 0xc4, 0x00, 0xc4, 0x00, 0xc4, 0x00, 0xc4, 0x00, 0xc4, 0x00, 0xc4, 0x00, 0xc4, 0x00, 0xc4, 0x00, 0xc4, 0x00,
0xc4, 0x00, 0xc4, 0x00, 0xc4, 0x00, 0xc4, 0x00, 0xc4, 0x00, 0xc4, 0x00, 0xc4, 0x00, 0xc4, 0x00, 0xc4, 0x00, 0x2a, 0x22, 0x2a, 0x22, 0x2a, 0x22,
0x2a, 0x22, 0x2a, 0x22, 0x2a, 0x22, 0xc4, 0x00, 0xc4, 0x00, 0xc4, 0x00, 0x2a, 0x22, 0xc4, 0x00, 0xc4, 0x00, 0xc4, 0x00, 0xc4, 0x00, 0xc4, 0x00,
0xc4, 0x00, 0xc4, 0x00, 0x2a, 0x22, 0x2a, 0x22, 0x2a, 0x22, 0x2a, 0x22, 0x2a, 0x22, 0x2a, 0x22, 0x2a, 0x22, 0x2a, 0x22, 0x2a, 0x22, 0x2a, 0x22,
0xc4, 0x00, 0xc4, 0x00, 0xc4, 0x00, 0xc4, 0x00, 0xc4, 0x00, 0xc4, 0x00, 0xc4, 0x00, 0xc4, 0x00, 0xc4, 0x00, 0xc4, 0x00, 0xc4, 0x00, 0xc4, 0x00,
0xc4, 0x00, 0xc4, 0x00, 0xc4, 0x00, 0xc4, 0x00, 0xc4, 0x00, 0xc4, 0x00, 0xc4, 0x00, 0xc4, 0x00, 0xc4, 0x00, 0xc4, 0x00, 0xc4, 0x00, 0xc4, 0x00,
0xc4, 0x00, 0xc4, 0x00, 0x2a, 0x22, 0x2a, 0x22, 0x2a, 0x22, 0x2a, 0x22, 0x2a, 0x22, 0x2a, 0x22, 0x2a, 0x22, 0x2a, 0x22, 0x2a, 0x22, 0x2a, 0x22,
0x2a, 0x22, 0x2a, 0x22, 0x2a, 0x22, 0x2a, 0x22, 0x2a, 0x22, 0x2a, 0x22, 0x2a, 0x22, 0x2a, 0x22, 0x2a, 0x22, 0x2a, 0x22, 0x2a, 0x22, 0x2a, 0x22,
0x2a, 0x22, 0x2a, 0x22, 0x2a, 0x22, 0x2a, 0x22, 0x2a, 0x22, 0x2a, 0x22, 0x2a, 0x22, 0x2a, 0x22, 0x2a, 0x22, 0x2a, 0x22, 0x2a, 0x22, 0x2a, 0x22,
0x2a, 0x22, 0x2a, 0x22, 0x2a, 0x22, 0x2a, 0x22, 0x2a, 0x22, 0x2a, 0x22, 0x2a, 0x22, 0x2a, 0x22, 0x2a, 0x22, 0x2a, 0x22, 0x2a, 0x22, 0x2a, 0x22,
0x2a, 0x22, 0x2a, 0x22, 0x2a, 0x22, 0x2a, 0x22, 0x2a, 0x22, 0x2a, 0x22, 0x2a, 0x22, 0x2a, 0x22, 0x2a, 0x22, 0x2a, 0x22, 0x2a, 0x22, 0x2a, 0x22,
0x2a, 0x22, 0x2a, 0x22, 0x2a, 0x22, 0x2a, 0x22, 0x2a, 0x22, 0x2a, 0x22, 0x2a, 0x22, 0x2a, 0x22, 0x2a, 0x22, 0x2a, 0x22, 0x2a, 0x22, 0x2a, 0x22,
0x2a, 0x22, 0x2a, 0x22, 0x2a, 0x22, 0x2a, 0x22, 0x2a, 0x22, 0x2a, 0x22, 0x2a, 0x22, 0x2a, 0x22, 0x2a, 0x22, 0x2a, 0x22, 0x2a, 0x22, 0x2a, 0x22,
0x2a, 0x22, 0x2a, 0x22, 0x2a, 0x22, 0x2a, 0x22, 0x2a, 0x22, 0x2a, 0x22, 0x2a, 0x22, 0x2a, 0x22, 0x2a, 0x22, 0x2a, 0x22, 0x2a, 0x22, 0x2a, 0x22,
0x2a, 0x22, 0x2a, 0x22, 0x2a, 0x22, 0x2a, 0x22, 0x2a, 0x22, 0x2a, 0x22, 0x2a, 0x22, 0x2a, 0x22, 0x2a, 0x22, 0x2a, 0x22, 0x2a, 0x22, 0x2a, 0x22,
0x2a, 0x22, 0x2a, 0x22, 0x2a, 0x22, 0x2a, 0x22, 0x2a, 0x22, 0x2a, 0x22, 0xc4, 0x00, 0xc4, 0x00, 0xc4, 0x00, 0xc4, 0x00, 0xc4, 0x00, 0xc4, 0x00,
0xc4, 0x00, 0xc4, 0x00, 0xc4, 0x00, 0xc4, 0x00, 0xc4, 0x00, 0xc4, 0x00, 0xc4, 0x00, 0xc4, 0x00, 0xc4, 0x00, 0xc4, 0x00, 0xc4, 0x00, 0xc4, 0x00,
0xc4, 0x00, 0xc4, 0x00, 0xc4, 0x00, 0xc4, 0x00, 0xc4, 0x00, 0xc4, 0x00, 0xc4, 0x00, 0xc4, 0x00, 0xc4, 0x00, 0xc4, 0x00, 0xc4, 0x00, 0xc4, 0x00,
0xc4, 0x00, 0xc4, 0x00, 0x2a, 0x22, 0x2a, 0x22, 0x2a, 0x22, 0xc4, 0x00, 0x2a, 0x22, 0x2a, 0x22, 0x2a, 0x22, 0x2a, 0x22, 0x2a, 0x22, 0x2a, 0x22,
0x2a, 0x22, 0x2a, 0x22, 0x2a, 0x22, 0x2a, 0x22, 0x2a, 0x22, 0xc4, 0x00, 0xc4, 0x00, 0xc4, 0x00, 0xc4, 0x00, 0x2a, 0x22, 0x2a, 0x22, 0x2a, 0x22,
0x2a, 0x22, 0x2a, 0x22, 0x2a, 0x22, 0x2a, 0x22, 0x2a, 0x22, 0x2a, 0x22, 0x2a, 0x22, 0x2a, 0x22, 0x2a, 0x22, 0x2a, 0x22, 0x2a, 0x22, 0x2a, 0x22,
0x2a, 0x22, 0x2a, 0x22, 0x2a, 0x22, 0x2a, 0x22, 0x2a, 0x22, 0x2a, 0x22, 0x2a, 0x22, 0x2a, 0x22, 0x2a, 0x22, 0x2a, 0x22, 0x2a, 0x22, 0x2a, 0x22,
0xc4, 0x00, 0xc4, 0x00, 0xc4, 0x00, 0xc4, 0x00, 0xc4, 0x00, 0xc4, 0x00, 0xc4, 0x00, 0xc4, 0x00, 0xc4, 0x00, 0xc4, 0x00, 0xc4, 0x00, 0xc4, 0x00,
0xc4, 0x00, 0xc4, 0x00, 0xc4, 0x00, 0xc4, 0x00, 0xc4, 0x00, 0xc4, 0x00, 0xc4, 0x00, 0xc4, 0x00, 0xc4, 0x00, 0xc4, 0x00, 0xc4, 0x00, 0xc4, 0x00,
0xc4, 0x00, 0x2a, 0x22, 0x2a, 0x22, 0x2a, 0x22, 0x2a, 0x22, 0x2a, 0x22, 0x2a, 0x22, 0x2a, 0x22, 0x2a, 0x22, 0x2a, 0x22, 0x2a, 0x22, 0x2a, 0x22,
0x2a, 0x22, 0x2a, 0x22, 0x2a, 0x22, 0x2a, 0x22, 0x2a, 0x22, 0x2a, 0x22, 0x2a, 0x22, 0x2a, 0x22, 0x2a, 0x22, 0x2a, 0x22, 0x2a, 0x22, 0x2a, 0x22,
0x2a, 0x22, 0x2a, 0x22, 0x2a, 0x22, 0x2a, 0x22, 0x2a, 0x22, 0x2a, 0x22, 0x2a, 0x22, 0x2a, 0x22, 0x2a, 0x22, 0x2a, 0x22, 0x2a, 0x22, 0x2a, 0x22,
0x2a, 0x22, 0x2a, 0x22, 0x2a, 0x22, 0x2a, 0x22, 0x2a, 0x22, 0x2a, 0x22, 0x2a, 0x22, 0x2a, 0x22, 0x2a, 0x22, 0x2a, 0x22, 0x2a, 0x22, 0x2a, 0x22,
0x2a, 0x22, 0x2a, 0x22, 0x2a, 0x22, 0x2a, 0x22, 0x2a, 0x22, 0x2a, 0x22, 0x2a, 0x22, 0x2a, 0x22, 0x2a, 0x22, 0x2a, 0x22, 0x2a, 0x22, 0x2a, 0x22,
0x2a, 0x22, 0x2a, 0x22, 0x2a, 0x22, 0x2a, 0x22, 0x2a, 0x22, 0x2a, 0x22, 0x2a, 0x22, 0x2a, 0x22, 0x2a, 0x22, 0x2a, 0x22, 0x2a, 0x22, 0x2a, 0x22,
0x2a, 0x22, 0x2a, 0x22, 0x2a, 0x22, 0x2a, 0x22, 0x2a, 0x22, 0x2a, 0x22, 0x2a, 0x22, 0x2a, 0x22, 0x2a, 0x22, 0x2a, 0x22, 0x2a, 0x22, 0x2a, 0x22,
0x2a, 0x22, 0x2a, 0x22, 0x2a, 0x22, 0x2a, 0x22, 0x2a, 0x22, 0x2a, 0x22, 0x2a, 0x22, 0x2a, 0x22, 0x2a, 0x22, 0x2a, 0x22, 0x2a, 0x22, 0x2a, 0x22,
0x2a, 0x22, 0x2a, 0x22, 0x2a, 0x22, 0x2a, 0x22, 0x2a, 0x22, 0x2a, 0x22, 0x2a, 0x22, 0x2a, 0x22, 0x2a, 0x22, 0x2a, 0x22, 0x2a, 0x22, 0x2a, 0x22,
0x2a, 0x22, 0x2a, 0x22, 0x2a, 0x22, 0x2a, 0x22, 0x2a, 0x22, 0xc4, 0x00, 0xc4, 0x00, 0xc4, 0x00, 0xc4, 0x00, 0xc4, 0x00, 0xc4, 0x00, 0xc4, 0x00,
0xc4, 0x00, 0xc4, 0x00, 0xc4, 0x00, 0xc4, 0x00, 0xc4, 0x00, 0xc4, 0x00, 0xc4, 0x00, 0xc4, 0x00, 0xc4, 0x00, 0xc4, 0x00, 0xc4, 0x00, 0xc4, 0x00,
0xc4, 0x00, 0xc4, 0x00, 0xc4, 0x00, 0xc4, 0x00, 0xc4, 0x00, 0xc4, 0x00, 0xc4, 0x00, 0xc4, 0x00, 0x2a, 0x22, 0x2a, 0x22, 0x2a, 0x22, 0x2a, 0x22,
0x2a, 0x22, 0x2a, 0x22, 0x2a, 0x22, 0x2a, 0x22, 0x2a, 0x22, 0x2a, 0x22, 0x2a, 0x22, 0x2a, 0x22, 0x2a, 0x22, 0x2a, 0x22, 0x2a, 0x22, 0x2a, 0x22,
0x2a, 0x22, 0x2a, 0x22, 0x2a, 0x22, 0x2a, 0x22, 0x2a, 0x22, 0x2a, 0x22, 0x2a, 0x22, 0x2a, 0x22, 0x2a, 0x22, 0x2a, 0x22, 0x2a, 0x22, 0x2a, 0x22,
0x2a, 0x22, 0x2a, 0x22, 0x2a, 0x22, 0x2a, 0x22, 0x2a, 0x22, 0x2a, 0x22, 0x2a, 0x22, 0x2a, 0x22, 0x2a, 0x22, 0x2a, 0x22, 0x2a, 0x22, 0x2a, 0x22,
0x2a, 0x22, 0x2a, 0x22, 0x2a, 0x22, 0x2a, 0x22, 0x2a, 0x22, 0x2a, 0x22, 0x2a, 0x22, 0x2a, 0x22, 0x2a, 0x22, 0x2a, 0x22, 0x2a, 0x22, 0xc4, 0x00,
0xc4, 0x00, 0xc4, 0x00, 0xc4, 0x00, 0xc4, 0x00, 0xc4, 0x00, 0xc4, 0x00, 0xc4, 0x00, 0xc4, 0x00, 0xc4, 0x00, 0xc4, 0x00, 0xc4, 0x00, 0xc4, 0x00,
0xc4, 0x00, 0xc4, 0x00, 0xc4, 0x00, 0xc4, 0x00, 0xc4, 0x00, 0xc4, 0x00, 0xc4, 0x00, 0xc4, 0x00, 0xc4, 0x00, 0xc4, 0x00, 0xc4, 0x00, 0x2a, 0x22,
0x2a, 0x22, 0x2a, 0x22, 0x2a, 0x22, 0x2a, 0x22, 0x2a, 0x22, 0x2a, 0x22, 0x2a, 0x22, 0x2a, 0x22, 0x2a, 0x22, 0x2a, 0x22, 0x2a, 0x22, 0x2a, 0x22,
0x2a, 0x22, 0x2a, 0x22, 0x2a, 0x22, 0x2a, 0x22, 0x2a, 0x22, 0x2a, 0x22, 0x2a, 0x22, 0x2a, 0x22, 0x2a, 0x22, 0x2a, 0x22, 0x2a, 0x22, 0x2a, 0x22,
0x2a, 0x22, 0x2a, 0x22, 0x2a, 0x22, 0x2a, 0x22, 0x2a, 0x22, 0x2a, 0x22, 0x2a, 0x22, 0x2a, 0x22, 0x2a, 0x22, 0x2a, 0x22, 0x2a, 0x22, 0x2a, 0x22,
0x2a, 0x22, 0x2a, 0x22, 0x2a, 0x22, 0x2a, 0x22, 0x2a, 0x22, 0x2a, 0x22, 0x2a, 0x22, 0x2a, 0x22, 0x2a, 0x22, 0x2a, 0x22, 0x2a, 0x22, 0x2a, 0x22,
0x2a, 0x22, 0x2a, 0x22, 0x2a, 0x22, 0x2a, 0x22, 0x2a, 0x22, 0x2a, 0x22, 0x2a, 0x22, 0x2a, 0x22, 0x2a, 0x22, 0x2a, 0x22, 0x2a, 0x22, 0x2a, 0x22,
0x2a, 0x22, 0x2a, 0x22, 0x2a, 0x22, 0x2a, 0x22, 0x2a, 0x22, 0x2a, 0x22, 0x2a, 0x22, 0x2a, 0x22, 0x2a, 0x22, 0x2a, 0x22, 0x2a, 0x22, 0x2a, 0x22,
0x2a, 0x22, 0x2a, 0x22, 0x2a, 0x22, 0x2a, 0x22, 0x2a, 0x22, 0x2a, 0x22, 0x2a, 0x22, 0x2a, 0x22, 0x2a, 0x22, 0x2a, 0x22, 0x2a, 0x22, 0x2a, 0x22,
0x2a, 0x22, 0x2a, 0x22, 0x2a, 0x22, 0x2a, 0x22, 0x2a, 0x22, 0x2a, 0x22, 0x2a, 0x22, 0x2a, 0x22, 0x2a, 0x22, 0x2a, 0x22, 0x2a, 0x22, 0x2a, 0x22,
0x2a, 0x22, 0x2a, 0x22, 0x2a, 0x22, 0x2a, 0x22, 0x2a, 0x22, 0x2a, 0x22, 0x2a, 0x22, 0x2a, 0x22, 0x2a, 0x22, 0x2a, 0x22, 0x2a, 0x22, 0x2a, 0x22,
0x2a, 0x22, 0x2a, 0x22, 0x2a, 0x22, 0xc4, 0x00, 0xc4, 0x00, 0xc4, 0x00, 0xc4, 0x00, 0xc4, 0x00, 0xc4, 0x00, 0xc4, 0x00, 0xc4, 0x00, 0xc4, 0x00,
0xc4, 0x00, 0xc4, 0x00, 0xc4, 0x00, 0xc4, 0x00, 0xc4, 0x00, 0xc4, 0x00, 0xc4, 0x00, 0xc4, 0x00, 0xc4, 0x00, 0xc4, 0x00, 0xc4, 0x00, 0xc4, 0x00,
0x2a, 0x22, 0x2a, 0x22, 0x2a, 0x22, 0x2a, 0x22, 0xc4, 0x00, 0x2a, 0x22, 0x2a, 0x22, 0x2a, 0x22, 0x2a, 0x22, 0x2a, 0x22, 0x2a, 0x22, 0x2a, 0x22,
0x2a, 0x22, 0x2a, 0x22, 0x2a, 0x22, 0x2a, 0x22, 0x2a, 0x22, 0x2a, 0x22, 0x2a, 0x22, 0x2a, 0x22, 0x2a, 0x22, 0x2a, 0x22, 0x2a, 0x22, 0x2a, 0x22,
0x2a, 0x22, 0x2a, 0x22, 0x2a, 0x22, 0x2a, 0x22, 0x2a, 0x22, 0x2a, 0x22, 0x2a, 0x22, 0x2a, 0x22, 0x2a, 0x22, 0x2a, 0x22, 0x2a, 0x22, 0x2a, 0x22,
0x2a, 0x22, 0x2a, 0x22, 0x2a, 0x22, 0x2a, 0x22, 0x2a, 0x22, 0x2a, 0x22, 0x2a, 0x22, 0x2a, 0x22, 0x2a, 0x22, 0x2a, 0x22, 0x2a, 0x22, 0x2a, 0x22,
0x2a, 0x22, 0x2a, 0x22, 0x2a, 0x22, 0x2a, 0x22, 0x2a, 0x22, 0x2a, 0x22, 0x2a, 0x22, 0xc4, 0x00, 0xc4, 0x00, 0xc4, 0x00, 0xc4, 0x00, 0xc4, 0x00,
0xc4, 0x00, 0xc4, 0x00, 0xc4, 0x00, 0xc4, 0x00, 0xc4, 0x00, 0xc4, 0x00, 0xc4, 0x00, 0xc4, 0x00, 0xc4, 0x00, 0xc4, 0x00, 0xc4, 0x00, 0xc4, 0x00,
0xc4, 0x00, 0xc4, 0x00, 0xc4, 0x00, 0xc4, 0x00, 0xc4, 0x00, 0x2a, 0x22, 0x2a, 0x22, 0x2a, 0x22, 0x2a, 0x22, 0x2a, 0x22, 0x2a, 0x22, 0x2a, 0x22,
0x2a, 0x22, 0x2a, 0x22, 0x2a, 0x22, 0x2a, 0x22, 0x2a, 0x22, 0x2a, 0x22, 0x2a, 0x22, 0x2a, 0x22, 0x2a, 0x22, 0x2a, 0x22, 0x2a, 0x22, 0x2a, 0x22,
0x2a, 0x22, 0x2a, 0x22, 0x2a, 0x22, 0x2a, 0x22, 0x2a, 0x22, 0x2a, 0x22, 0x2a, 0x22, 0x2a, 0x22, 0x2a, 0x22, 0x2a, 0x22, 0x2a, 0x22, 0x2a, 0x22,
0x2a, 0x22, 0x2a, 0x22, 0x2a, 0x22, 0x2a, 0x22, 0x2a, 0x22, 0x2a, 0x22, 0x2a, 0x22, 0x2a, 0x22, 0x2a, 0x22, 0x2a, 0x22, 0x2a, 0x22, 0x2a, 0x22,
0x2a, 0x22, 0x2a, 0x22, 0x2a, 0x22, 0x2a, 0x22, 0x2a, 0x22, 0x2a, 0x22, 0x2a, 0x22, 0x2a, 0x22, 0x2a, 0x22, 0x2a, 0x22, 0x2a, 0x22, 0x2a, 0x22,
0x2a, 0x22, 0x2a, 0x22, 0x2a, 0x22, 0x2a, 0x22, 0x2a, 0x22, 0x2a, 0x22, 0x2a, 0x22, 0x2a, 0x22, 0x2a, 0x22, 0x2a, 0x22, 0x2a, 0x22, 0x2a, 0x22,
0x2a, 0x22, 0x2a, 0x22, 0x2a, 0x22, 0x2a, 0x22, 0x2a, 0x22, 0x2a, 0x22, 0x2a, 0x22, 0x2a, 0x22, 0x2a, 0x22, 0x2a, 0x22, 0x2a, 0x22, 0x2a, 0x22,
0x2a, 0x22, 0x2a, 0x22, 0x2a, 0x22, 0x2a, 0x22, 0x2a, 0x22, 0x2a, 0x22, 0x2a, 0x22, 0x2a, 0x22, 0x2a, 0x22, 0x2a, 0x22, 0x2a, 0x22, 0x2a, 0x22,
0x2a, 0x22, 0x2a, 0x22, 0x2a, 0x22, 0x2a, 0x22, 0x2a, 0x22, 0x2a, 0x22, 0x2a, 0x22, 0x2a, 0x22, 0x2a, 0x22, 0x2a, 0x22, 0x2a, 0x22, 0x2a, 0x22,
0x2a, 0x22, 0x2a, 0x22, 0x2a, 0x22, 0x2a, 0x22, 0x2a, 0x22, 0x2a, 0x22, 0x2a, 0x22, 0x2a, 0x22, 0x2a, 0x22, 0x2a, 0x22, 0x2a, 0x22, 0x2a, 0x22,
0x2a, 0x22, 0x2a, 0x22, 0xc4, 0x00, 0xc4, 0x00, 0xc4, 0x00, 0xc4, 0x00, 0xc4, 0x00, 0xc4, 0x00, 0xc4, 0x00, 0xc4, 0x00, 0xc4, 0x00, 0xc4, 0x00,
0xc4, 0x00, 0xc4, 0x00, 0xc4, 0x00, 0xc4, 0x00, 0xc4, 0x00, 0xc4, 0x00, 0xc4, 0x00, 0xc4, 0x00, 0xc4, 0x00, 0x2a, 0x22, 0x2a, 0x22, 0x2a, 0x22,
0xc4, 0x00, 0x2a, 0x22, 0x2a, 0x22, 0x2a, 0x22, 0x2a, 0x22, 0x2a, 0x22, 0x2a, 0x22, 0x2a, 0x22, 0x2a, 0x22, 0x2a, 0x22, 0x2a, 0x22, 0x2a, 0x22,
0x2a, 0x22, 0x2a, 0x22, 0x2a, 0x22, 0x2a, 0x22, 0x2a, 0x22, 0x2a, 0x22, 0x2a, 0x22, 0x2a, 0x22, 0x2a, 0x22, 0x2a, 0x22, 0x2a, 0x22, 0x2a, 0x22,
0x2a, 0x22, 0x2a, 0x22, 0x2a, 0x22, 0x2a, 0x22, 0x2a, 0x22, 0x2a, 0x22, 0x2a, 0x22, 0x2a, 0x22, 0x2a, 0x22, 0x2a, 0x22, 0x2a, 0x22, 0x2a, 0x22,
0x2a, 0x22, 0x2a, 0x22, 0x2a, 0x22, 0x2a, 0x22, 0x2a, 0x22, 0x2a, 0x22, 0x2a, 0x22, 0x2a, 0x22, 0x2a, 0x22, 0x2a, 0x22, 0x2a, 0x22, 0x2a, 0x22,
0x2a, 0x22, 0x2a, 0x22, 0x2a, 0x22, 0x2a, 0x22, 0xc4, 0x00, 0xc4, 0x00, 0xc4, 0x00, 0xc4, 0x00, 0xc4, 0x00, 0xc4, 0x00, 0xc4, 0x00, 0xc4, 0x00,
0xc4, 0x00, 0xc4, 0x00, 0xc4, 0x00, 0xc4, 0x00, 0xc4, 0x00, 0xc4, 0x00, 0x2a, 0x22, 0x2a, 0x22, 0x2a, 0x22, 0x2a, 0x22, 0xc4, 0x00, 0xc4, 0x00,
0xc4, 0x00, 0xc4, 0x00, 0x2a, 0x22, 0x2a, 0x22, 0x2a, 0x22, 0x2a, 0x22, 0x2a, 0x22, 0x2a, 0x22, 0x2a, 0x22, 0x2a, 0x22, 0x2a, 0x22, 0x2a, 0x22,
0x2a, 0x22, 0x2a, 0x22, 0x2a, 0x22, 0x2a, 0x22, 0x2a, 0x22, 0x2a, 0x22, 0x2a, 0x22, 0x2a, 0x22, 0x2a, 0x22, 0x2a, 0x22, 0x2a, 0x22, 0x2a, 0x22,
0x2a, 0x22, 0x2a, 0x22, 0x2a, 0x22, 0x2a, 0x22, 0x2a, 0x22, 0x2a, 0x22, 0x2a, 0x22, 0x2a, 0x22, 0x2a, 0x22, 0x2a, 0x22, 0x2a, 0x22, 0x2a, 0x22,
0x2a, 0x22, 0x2a, 0x22, 0x2a, 0x22, 0x2a, 0x22, 0x2a, 0x22, 0x2a, 0x22, 0x2a, 0x22, 0x2a, 0x22, 0x2a, 0x22, 0x2a, 0x22, 0x2a, 0x22, 0x2a, 0x22,
0x2a, 0x22, 0x2a, 0x22, 0x2a, 0x22, 0x2a, 0x22, 0x2a, 0x22, 0x2a, 0x22, 0x2a, 0x22, 0x2a, 0x22, 0x2a, 0x22, 0x2a, 0x22, 0x2a, 0x22, 0x2a, 0x22,
0x2a, 0x22, 0x2a, 0x22, 0x2a, 0x22, 0x2a, 0x22, 0x2a, 0x22, 0x2a, 0x22, 0x2a, 0x22, 0x2a, 0x22, 0x2a, 0x22, 0x2a, 0x22, 0x2a, 0x22, 0x2a, 0x22,
0x2a, 0x22, 0x2a, 0x22, 0x2a, 0x22, 0x2a, 0x22, 0x2a, 0x22, 0x2a, 0x22, 0x2a, 0x22, 0x2a, 0x22, 0x2a, 0x22, 0x2a, 0x22, 0x2a, 0x22, 0x2a, 0x22,
0x2a, 0x22, 0x2a, 0x22, 0x2a, 0x22, 0x2a, 0x22, 0x2a, 0x22, 0x2a, 0x22, 0x2a, 0x22, 0x2a, 0x22, 0x2a, 0x22, 0x2a, 0x22, 0x2a, 0x22, 0x2a, 0x22,
0x2a, 0x22, 0x2a, 0x22, 0x2a, 0x22, 0x2a, 0x22, 0x2a, 0x22, 0x2a, 0x22, 0x2a, 0x22, 0x2a, 0x22, 0x2a, 0x22, 0x2a, 0x22, 0x2a, 0x22, 0x2a, 0x22,
0x2a, 0x22, 0x2a, 0x22, 0x2a, 0x22, 0x2a, 0x22, 0x2a, 0x22, 0x2a, 0x22, 0x2a, 0x22, 0x2a, 0x22, 0x2a, 0x22, 0x2a, 0x22, 0x2a, 0x22, 0x2a, 0x22,
0x2a, 0x22, 0x2a, 0x22, 0x2a, 0x22, 0xc4, 0x00, 0xc4, 0x00, 0xc4, 0x00, 0xc4, 0x00, 0xc4, 0x00, 0xc4, 0x00, 0xc4, 0x00, 0xc4, 0x00, 0xc4, 0x00,
0xc4, 0x00, 0xc4, 0x00, 0xc4, 0x00, 0xc4, 0x00, 0xc4, 0x00, 0xc4, 0x00, 0xc4, 0x00, 0xc4, 0x00, 0xc4, 0x00, 0xc4, 0x00, 0x2a, 0x22, 0x2a, 0x22,
0x2a, 0x22, 0xc4, 0x00, 0x2a, 0x22, 0x2a, 0x22, 0x2a, 0x22, 0x2a, 0x22, 0x2a, 0x22, 0x2a, 0x22, 0x2a, 0x22, 0x2a, 0x22, 0x2a, 0x22, 0x2a, 0x22,
0x2a, 0x22, 0x2a, 0x22, 0x2a, 0x22, 0x2a, 0x22, 0x2a, 0x22, 0x2a, 0x22, 0x2a, 0x22, 0x2a, 0x22, 0x2a, 0x22, 0x2a, 0x22, 0x2a, 0x22, 0x2a, 0x22,
0x2a, 0x22, 0x2a, 0x22, 0x2a, 0x22, 0x2a, 0x22, 0x2a, 0x22, 0x2a, 0x22, 0x2a, 0x22, 0x2a, 0x22, 0x2a, 0x22, 0x2a, 0x22, 0x2a, 0x22, 0x2a, 0x22,
0x2a, 0x22, 0x2a, 0x22, 0x2a, 0x22, 0x2a, 0x22, 0x2a, 0x22, 0x2a, 0x22, 0x2a, 0x22, 0x2a, 0x22, 0x2a, 0x22, 0x2a, 0x22, 0x2a, 0x22, 0x2a, 0x22,
0x2a, 0x22, 0x2a, 0x22, 0xc4, 0x00, 0xc4, 0x00, 0xc4, 0x00, 0xc4, 0x00, 0xc4, 0x00, 0xc4, 0x00, 0xc4, 0x00, 0xc4, 0x00, 0x2a, 0x22, 0x2a, 0x22,
0xc4, 0x00, 0xc4, 0x00, 0xc4, 0x00, 0xc4, 0x00, 0x2a, 0x22, 0x2a, 0x22, 0x2a, 0x22, 0x2a, 0x22, 0x2a, 0x22, 0x2a, 0x22, 0xc4, 0x00, 0xc4, 0x00,
0xc4, 0x00, 0xc4, 0x00, 0x2a, 0x22, 0x2a, 0x22, 0x2a, 0x22, 0x2a, 0x22, 0x2a, 0x22, 0x2a, 0x22, 0x2a, 0x22, 0x2a, 0x22, 0x2a, 0x22, 0x2a, 0x22,
0x2a, 0x22, 0x2a, 0x22, 0x2a, 0x22, 0x2a, 0x22, 0x2a, 0x22, 0x2a, 0x22, 0x2a, 0x22, 0x2a, 0x22, 0x2a, 0x22, 0x2a, 0x22, 0x2a, 0x22, 0x2a, 0x22,
0x2a, 0x22, 0x2a, 0x22, 0x2a, 0x22, 0x2a, 0x22, 0x2a, 0x22, 0x2a, 0x22, 0x2a, 0x22, 0x2a, 0x22, 0x2a, 0x22, 0x2a, 0x22, 0x2a, 0x22, 0x2a, 0x22,
0x2a, 0x22, 0x2a, 0x22, 0x2a, 0x22, 0x2a, 0x22, 0x2a, 0x22, 0x2a, 0x22, 0x2a, 0x22, 0x2a, 0x22, 0x2a, 0x22, 0x2a, 0x22, 0x2a, 0x22, 0x2a, 0x22,
0x2a, 0x22, 0x2a, 0x22, 0x2a, 0x22, 0x2a, 0x22, 0x2a, 0x22, 0x2a, 0x22, 0x2a, 0x22, 0x2a, 0x22, 0x2a, 0x22, 0x2a, 0x22, 0x2a, 0x22, 0x2a, 0x22,
0x2a, 0x22, 0x2a, 0x22, 0x2a, 0x22, 0x2a, 0x22, 0x2a, 0x22, 0x2a, 0x22, 0x2a, 0x22, 0x2a, 0x22, 0x2a, 0x22, 0x2a, 0x22, 0x2a, 0x22, 0x2a, 0x22,
0x2a, 0x22, 0x2a, 0x22, 0x2a, 0x22, 0x2a, 0x22, 0x2a, 0x22, 0x2a, 0x22, 0x2a, 0x22, 0x2a, 0x22, 0x2a, 0x22, 0x2a, 0x22, 0x2a, 0x22, 0x2a, 0x22,
0x2a, 0x22, 0x2a, 0x22, 0x2a, 0x22, 0x2a, 0x22, 0x2a, 0x22, 0x2a, 0x22, 0x2a, 0x22, 0x2a, 0x22, 0x2a, 0x22, 0x2a, 0x22, 0x2a, 0x22, 0x2a, 0x22,
0x2a, 0x22, 0x2a, 0x22, 0x2a, 0x22, 0x2a, 0x22, 0x2a, 0x22, 0x2a, 0x22, 0x2a, 0x22, 0x2a, 0x22, 0x2a, 0x22, 0x2a, 0x22, 0x2a, 0x22, 0x2a, 0x22,
0x2a, 0x22, 0x2a, 0x22, 0x2a, 0x22, 0x2a, 0x22, 0x2a, 0x22, 0x2a, 0x22, 0x2a, 0x22, 0x2a, 0x22, 0x2a, 0x22, 0x2a, 0x22, 0x2a, 0x22, 0x2a, 0x22,
0x2a, 0x22, 0x2a, 0x22, 0x2a, 0x22, 0x2a, 0x22, 0xc4, 0x00, 0xc4, 0x00, 0xc4, 0x00, 0xc4, 0x00, 0xc4, 0x00, 0xc4, 0x00, 0xc4, 0x00, 0xc4, 0x00,
0xc4, 0x00, 0xc4, 0x00, 0xc4, 0x00, 0xc4, 0x00, 0xc4, 0x00, 0xc4, 0x00, 0xc4, 0x00, 0xc4, 0x00, 0xc4, 0x00, 0xc4, 0x00, 0xc4, 0x00, 0xc4, 0x00,
0xc4, 0x00, 0x2a, 0x22, 0x2a, 0x22, 0x2a, 0x22, 0x2a, 0x22, 0x2a, 0x22, 0x2a, 0x22, 0x2a, 0x22, 0x2a, 0x22, 0x2a, 0x22, 0x2a, 0x22, 0x2a, 0x22,
0x2a, 0x22, 0x2a, 0x22, 0x2a, 0x22, 0x2a, 0x22, 0x2a, 0x22, 0x2a, 0x22, 0x2a, 0x22, 0x2a, 0x22, 0x2a, 0x22, 0x2a, 0x22, 0x2a, 0x22, 0x2a, 0x22,
0x2a, 0x22, 0x2a, 0x22, 0x2a, 0x22, 0x2a, 0x22, 0x2a, 0x22, 0x2a, 0x22, 0x2a, 0x22, 0x2a, 0x22, 0x2a, 0x22, 0x2a, 0x22, 0x2a, 0x22, 0x2a, 0x22,
0x2a, 0x22, 0x2a, 0x22, 0x2a, 0x22, 0x2a, 0x22, 0x2a, 0x22, 0x2a, 0x22, 0x2a, 0x22, 0x2a, 0x22, 0x2a, 0x22, 0x2a, 0x22, 0x2a, 0x22, 0x2a, 0x22,
0x2a, 0x22, 0x2a, 0x22, 0x2a, 0x22, 0x2a, 0x22, 0x2a, 0x22, 0x2a, 0x22, 0x2a, 0x22, 0x2a, 0x22, 0x2a, 0x22, 0x2a, 0x22, 0x2a, 0x22, 0x2a, 0x22,
0xc4, 0x00, 0xc4, 0x00, 0xc4, 0x00, 0x2a, 0x22, 0x2a, 0x22, 0x2a, 0x22, 0x2a, 0x22, 0x2a, 0x22, 0x2a, 0x22, 0xc4, 0x00, 0xc4, 0x00, 0x2a, 0x22,
0x2a, 0x22, 0x2a, 0x22, 0x2a, 0x22, 0x2a, 0x22, 0x2a, 0x22, 0x2a, 0x22, 0x2a, 0x22, 0x2a, 0x22, 0x2a, 0x22, 0x2a, 0x22, 0x2a, 0x22, 0x2a, 0x22,
0x2a, 0x22, 0x2a, 0x22, 0x2a, 0x22, 0x2a, 0x22, 0x2a, 0x22, 0x2a, 0x22, 0x2a, 0x22, 0x2a, 0x22, 0x2a, 0x22, 0x2a, 0x22, 0x2a, 0x22, 0x2a, 0x22,
0x2a, 0x22, 0x2a, 0x22, 0x2a, 0x22, 0x2a, 0x22, 0x2a, 0x22, 0x2a, 0x22, 0x2a, 0x22, 0x2a, 0x22, 0x2a, 0x22, 0x2a, 0x22, 0x2a, 0x22, 0x2a, 0x22,
0x2a, 0x22, 0x2a, 0x22, 0x2a, 0x22, 0x2a, 0x22, 0x2a, 0x22, 0x2a, 0x22, 0x2a, 0x22, 0x2a, 0x22, 0x2a, 0x22, 0x2a, 0x22, 0x2a, 0x22, 0x2a, 0x22,
0x2a, 0x22, 0x2a, 0x22, 0x2a, 0x22, 0x2a, 0x22, 0x2a, 0x22, 0x2a, 0x22, 0x2a, 0x22, 0x2a, 0x22, 0x2a, 0x22, 0x2a, 0x22, 0x2a, 0x22, 0x2a, 0x22,
0x2a, 0x22, 0x2a, 0x22, 0x2a, 0x22, 0x2a, 0x22, 0x2a, 0x22, 0x2a, 0x22, 0x2a, 0x22, 0x2a, 0x22, 0x2a, 0x22, 0x2a, 0x22, 0x2a, 0x22, 0x2a, 0x22,
0x2a, 0x22, 0x2a, 0x22, 0x2a, 0x22, 0x2a, 0x22, 0x2a, 0x22, 0x2a, 0x22, 0x2a, 0x22, 0x2a, 0x22, 0x2a, 0x22, 0x2a, 0x22, 0x2a, 0x22, 0x2a, 0x22,
0x2a, 0x22, 0x2a, 0x22, 0x2a, 0x22, 0x2a, 0x22, 0x2a, 0x22, 0x2a, 0x22, 0x2a, 0x22, 0x2a, 0x22, 0x2a, 0x22, 0x2a, 0x22, 0x2a, 0x22, 0x2a, 0x22,
0x2a, 0x22, 0x2a, 0x22, 0x2a, 0x22, 0x2a, 0x22, 0x2a, 0x22, 0x2a, 0x22, 0x2a, 0x22, 0x2a, 0x22, 0x2a, 0x22, 0x2a, 0x22, 0x2a, 0x22, 0x2a, 0x22,
0x2a, 0x22, 0x2a, 0x22, 0x2a, 0x22, 0x2a, 0x22, 0x2a, 0x22, 0x2a, 0x22, 0x2a, 0x22, 0x2a, 0x22, 0x2a, 0x22, 0x2a, 0x22, 0x2a, 0x22, 0x2a, 0x22,
0xc4, 0x00, 0xc4, 0x00, 0xc4, 0x00, 0xc4, 0x00, 0xc4, 0x00, 0xc4, 0x00, 0xc4, 0x00, 0xc4, 0x00, 0xc4, 0x00, 0xc4, 0x00, 0xc4, 0x00, 0xc4, 0x00,
0xc4, 0x00, 0xc4, 0x00, 0xc4, 0x00, 0xc4, 0x00, 0xc4, 0x00, 0xc4, 0x00, 0xc4, 0x00, 0xc4, 0x00, 0xc4, 0x00, 0xc4, 0x00, 0xc4, 0x00, 0xc4, 0x00,
0xc4, 0x00, 0xc4, 0x00, 0xc4, 0x00, 0x2a, 0x22, 0x2a, 0x22, 0x2a, 0x22, 0x2a, 0x22, 0x2a, 0x22, 0x2a, 0x22, 0x2a, 0x22, 0x2a, 0x22, 0x2a, 0x22,
0x2a, 0x22, 0x2a, 0x22, 0x2a, 0x22, 0x2a, 0x22, 0x2a, 0x22, 0x2a, 0x22, 0x2a, 0x22, 0x2a, 0x22, 0x2a, 0x22, 0x2a, 0x22, 0x2a, 0x22, 0x2a, 0x22,
0x2a, 0x22, 0x2a, 0x22, 0x2a, 0x22, 0x2a, 0x22, 0x2a, 0x22, 0x2a, 0x22, 0x2a, 0x22, 0x2a, 0x22, 0x2a, 0x22, 0x2a, 0x22, 0x2a, 0x22, 0x2a, 0x22,
0x2a, 0x22, 0x2a, 0x22, 0x2a, 0x22, 0x2a, 0x22, 0x2a, 0x22, 0x2a, 0x22, 0x2a, 0x22, 0x2a, 0x22, 0x2a, 0x22, 0x2a, 0x22, 0x2a, 0x22, 0x2a, 0x22,
0x2a, 0x22, 0x2a, 0x22, 0x2a, 0x22, 0x2a, 0x22, 0x2a, 0x22, 0x2a, 0x22, 0x2a, 0x22, 0x2a, 0x22, 0x2a, 0x22, 0x2a, 0x22, 0x2a, 0x22, 0x2a, 0x22,
0x2a, 0x22, 0x2a, 0x22, 0x2a, 0x22, 0x2a, 0x22, 0x2a, 0x22, 0x2a, 0x22, 0x2a, 0x22, 0x2a, 0x22, 0x2a, 0x22, 0x2a, 0x22, 0x2a, 0x22, 0x2a, 0x22,
0x2a, 0x22, 0x2a, 0x22, 0x2a, 0x22, 0x2a, 0x22, 0x2a, 0x22, 0x2a, 0x22, 0x2a, 0x22, 0x2a, 0x22, 0x2a, 0x22, 0x2a, 0x22, 0x2a, 0x22, 0x2a, 0x22,
0x2a, 0x22, 0x2a, 0x22, 0x2a, 0x22, 0x2a, 0x22, 0x2a, 0x22, 0x2a, 0x22, 0x2a, 0x22, 0x2a, 0x22, 0x2a, 0x22, 0x2a, 0x22, 0x2a, 0x22, 0x2a, 0x22,
0x2a, 0x22, 0x2a, 0x22, 0x2a, 0x22, 0x2a, 0x22, 0x2a, 0x22, 0x2a, 0x22, 0x2a, 0x22, 0x2a, 0x22, 0x2a, 0x22, 0x2a, 0x22, 0x2a, 0x22, 0x2a, 0x22,
0x2a, 0x22, 0x2a, 0x22, 0x2a, 0x22, 0x2a, 0x22, 0x2a, 0x22, 0x2a, 0x22, 0x2a, 0x22, 0x2a, 0x22, 0x2a, 0x22, 0x2a, 0x22, 0x2a, 0x22, 0x2a, 0x22,
0x2a, 0x22, 0x2a, 0x22, 0x2a, 0x22, 0x2a, 0x22, 0x2a, 0x22, 0x2a, 0x22, 0x2a, 0x22, 0x2a, 0x22, 0x2a, 0x22, 0x2a, 0x22, 0x2a, 0x22, 0x2a, 0x22,
0x2a, 0x22, 0x2a, 0x22, 0x2a, 0x22, 0x2a, 0x22, 0x2a, 0x22, 0x2a, 0x22, 0x2a, 0x22, 0x2a, 0x22, 0x2a, 0x22, 0x2a, 0x22, 0x2a, 0x22, 0x2a, 0x22,
0x2a, 0x22, 0x2a, 0x22, 0x2a, 0x22, 0x2a, 0x22, 0x2a, 0x22, 0x2a, 0x22, 0x2a, 0x22, 0x2a, 0x22, 0x2a, 0x22, 0x2a, 0x22, 0x2a, 0x22, 0x2a, 0x22,
0x2a, 0x22, 0x2a, 0x22, 0x2a, 0x22, 0x2a, 0x22, 0x2a, 0x22, 0x2a, 0x22, 0x2a, 0x22, 0x2a, 0x22, 0x2a, 0x22, 0x2a, 0x22, 0x2a, 0x22, 0x2a, 0x22,
0x2a, 0x22, 0x2a, 0x22, 0x2a, 0x22, 0x2a, 0x22, 0x2a, 0x22, 0x2a, 0x22, 0x2a, 0x22, 0x2a, 0x22, 0x2a, 0x22, 0x2a, 0x22, 0x2a, 0x22, 0x2a, 0x22,
0x2a, 0x22, 0x2a, 0x22, 0x2a, 0x22, 0x2a, 0x22, 0x2a, 0x22, 0x2a, 0x22, 0x2a, 0x22, 0x2a, 0x22, 0x2a, 0x22, 0x2a, 0x22, 0x2a, 0x22, 0x2a, 0x22,
0x2a, 0x22, 0x2a, 0x22, 0x2a, 0x22, 0xc4, 0x00, 0xc4, 0x00, 0xc4, 0x00, 0xc4, 0x00, 0xc4, 0x00, 0xc4, 0x00, 0xc4, 0x00, 0xc4, 0x00, 0xc4, 0x00,
0x2a, 0x22, 0xc4, 0x00, 0x2a, 0x22, 0xc4, 0x00, 0x2a, 0x22, 0x2a, 0x22, 0x2a, 0x22, 0xc4, 0x00, 0xc4, 0x00, 0xc4, 0x00, 0xc4, 0x00, 0xc4, 0x00,
0xc4, 0x00, 0xc4, 0x00, 0xc4, 0x00, 0x2a, 0x22, 0x2a, 0x22, 0x2a, 0x22, 0x2a, 0x22, 0x2a, 0x22, 0x2a, 0x22, 0x2a, 0x22, 0x2a, 0x22, 0x2a, 0x22,
0x2a, 0x22, 0x2a, 0x22, 0x2a, 0x22, 0x2a, 0x22, 0x2a, 0x22, 0x2a, 0x22, 0x2a, 0x22, 0x2a, 0x22, 0x2a, 0x22, 0x2a, 0x22, 0x2a, 0x22, 0x2a, 0x22,
0x2a, 0x22, 0x2a, 0x22, 0x2a, 0x22, 0x2a, 0x22, 0x2a, 0x22, 0x2a, 0x22, 0x2a, 0x22, 0x2a, 0x22, 0x2a, 0x22, 0x2a, 0x22, 0x2a, 0x22, 0x2a, 0x22,
0x2a, 0x22, 0x2a, 0x22, 0x2a, 0x22, 0x2a, 0x22, 0x2a, 0x22, 0x2a, 0x22, 0x2a, 0x22, 0x2a, 0x22, 0x2a, 0x22, 0x2a, 0x22, 0x2a, 0x22, 0x2a, 0x22,
0x2a, 0x22, 0x2a, 0x22, 0x2a, 0x22, 0x2a, 0x22, 0x2a, 0x22, 0x2a, 0x22, 0x2a, 0x22, 0x2a, 0x22, 0x2a, 0x22, 0x2a, 0x22, 0x2a, 0x22, 0x2a, 0x22,
0x2a, 0x22, 0x2a, 0x22, 0x2a, 0x22, 0x2a, 0x22, 0x2a, 0x22, 0x2a, 0x22, 0x2a, 0x22, 0x2a, 0x22, 0x2a, 0x22, 0x2a, 0x22, 0x2a, 0x22, 0x2a, 0x22,
0x2a, 0x22, 0x2a, 0x22, 0x2a, 0x22, 0x2a, 0x22, 0x2a, 0x22, 0x2a, 0x22, 0x2a, 0x22, 0x2a, 0x22, 0x2a, 0x22, 0x2a, 0x22, 0x2a, 0x22, 0x2a, 0x22,
0x2a, 0x22, 0x2a, 0x22, 0x2a, 0x22, 0x2a, 0x22, 0x2a, 0x22, 0x2a, 0x22, 0x2a, 0x22, 0x2a, 0x22, 0x2a, 0x22, 0x2a, 0x22, 0x2a, 0x22, 0x2a, 0x22,
0x2a, 0x22, 0x2a, 0x22, 0x2a, 0x22, 0x2a, 0x22, 0x2a, 0x22, 0x2a, 0x22, 0x2a, 0x22, 0x2a, 0x22, 0x2a, 0x22, 0x2a, 0x22, 0x2a, 0x22, 0x2a, 0x22,
0x2a, 0x22, 0x2a, 0x22, 0x2a, 0x22, 0x2a, 0x22, 0x2a, 0x22, 0x2a, 0x22, 0x2a, 0x22, 0x2a, 0x22, 0x2a, 0x22, 0x2a, 0x22, 0x2a, 0x22, 0x2a, 0x22,
0x2a, 0x22, 0x2a, 0x22, 0x2a, 0x22, 0x2a, 0x22, 0x2a, 0x22, 0x2a, 0x22, 0x2a, 0x22, 0x2a, 0x22, 0x2a, 0x22, 0x2a, 0x22, 0x2a, 0x22, 0x2a, 0x22,
0x2a, 0x22, 0x2a, 0x22, 0x2a, 0x22, 0x2a, 0x22, 0x2a, 0x22, 0x2a, 0x22, 0x2a, 0x22, 0x2a, 0x22, 0x2a, 0x22, 0x2a, 0x22, 0x2a, 0x22, 0x2a, 0x22,
0x2a, 0x22, 0x2a, 0x22, 0x2a, 0x22, 0x2a, 0x22, 0x2a, 0x22, 0x2a, 0x22, 0x2a, 0x22, 0x2a, 0x22, 0x2a, 0x22, 0x2a, 0x22, 0x2a, 0x22, 0x2a, 0x22,
0x2a, 0x22, 0x2a, 0x22, 0x2a, 0x22, 0x2a, 0x22, 0x2a, 0x22, 0x2a, 0x22, 0x2a, 0x22, 0x2a, 0x22, 0x2a, 0x22, 0x2a, 0x22, 0x2a, 0x22, 0x2a, 0x22,
0x2a, 0x22, 0x2a, 0x22, 0x2a, 0x22, 0x2a, 0x22, 0x2a, 0x22, 0x2a, 0x22, 0x2a, 0x22, 0x2a, 0x22, 0x2a, 0x22, 0x2a, 0x22, 0x2a, 0x22, 0x2a, 0x22,
0x2a, 0x22, 0x2a, 0x22, 0x2a, 0x22, 0x2a, 0x22, 0x2a, 0x22, 0x2a, 0x22, 0x2a, 0x22, 0x2a, 0x22, 0x2a, 0x22, 0x2a, 0x22, 0x2a, 0x22, 0x2a, 0x22,
0x2a, 0x22, 0x2a, 0x22, 0x2a, 0x22, 0x2a, 0x22, 0x2a, 0x22, 0x2a, 0x22, 0x2a, 0x22, 0xc4, 0x00, 0x2a, 0x22, 0xc4, 0x00, 0xc4, 0x00, 0xc4, 0x00,
0x2a, 0x22, 0x2a, 0x22, 0x2a, 0x22, 0x2a, 0x22, 0x2a, 0x22, 0x2a, 0x22, 0x2a, 0x22, 0x2a, 0x22, 0x2a, 0x22, 0x2a, 0x22, 0x2a, 0x22, 0x2a, 0x22,
0x2a, 0x22, 0x2a, 0x22, 0x2a, 0x22, 0x2a, 0x22, 0x2a, 0x22, 0x2a, 0x22, 0x2a, 0x22, 0x2a, 0x22, 0x2a, 0x22, 0x2a, 0x22, 0x2a, 0x22, 0x2a, 0x22,
0x2a, 0x22, 0x2a, 0x22, 0x2a, 0x22, 0x2a, 0x22, 0x2a, 0x22, 0x2a, 0x22, 0x2a, 0x22, 0x2a, 0x22, 0x2a, 0x22, 0x2a, 0x22, 0x2a, 0x22, 0x2a, 0x22,
0x2a, 0x22, 0x2a, 0x22, 0x2a, 0x22, 0x2a, 0x22, 0x2a, 0x22, 0x2a, 0x22, 0x2a, 0x22, 0x2a, 0x22, 0x2a, 0x22, 0x2a, 0x22, 0x2a, 0x22, 0x2a, 0x22,
0x2a, 0x22, 0x2a, 0x22, 0x2a, 0x22, 0x2a, 0x22, 0x2a, 0x22, 0x2a, 0x22, 0x2a, 0x22, 0x2a, 0x22, 0x2a, 0x22, 0x2a, 0x22, 0x2a, 0x22, 0x2a, 0x22,
0x2a, 0x22, 0x2a, 0x22, 0x2a, 0x22, 0x2a, 0x22, 0x2a, 0x22, 0x2a, 0x22, 0x2a, 0x22, 0x2a, 0x22, 0x2a, 0x22, 0x2a, 0x22, 0x2a, 0x22, 0x2a, 0x22,
0x2a, 0x22, 0x2a, 0x22, 0x2a, 0x22, 0x2a, 0x22, 0x2a, 0x22, 0x2a, 0x22, 0x2a, 0x22, 0x2a, 0x22, 0x2a, 0x22, 0x2a, 0x22, 0x2a, 0x22, 0x2a, 0x22,
0x2a, 0x22, 0x2a, 0x22, 0x2a, 0x22, 0x2a, 0x22, 0x2a, 0x22, 0x2a, 0x22, 0x2a, 0x22, 0x2a, 0x22, 0x2a, 0x22, 0x2a, 0x22, 0x2a, 0x22, 0x2a, 0x22,
0x2a, 0x22, 0x2a, 0x22, 0x2a, 0x22, 0x2a, 0x22, 0x2a, 0x22, 0x2a, 0x22, 0x2a, 0x22, 0x2a, 0x22, 0x2a, 0x22, 0x2a, 0x22, 0x2a, 0x22, 0x2a, 0x22,
0x2a, 0x22, 0x2a, 0x22, 0x2a, 0x22, 0x2a, 0x22, 0x2a, 0x22, 0x2a, 0x22, 0x2a, 0x22, 0x2a, 0x22, 0x2a, 0x22, 0x2a, 0x22, 0x2a, 0x22, 0x2a, 0x22,
0x2a, 0x22, 0x2a, 0x22, 0x2a, 0x22, 0x2a, 0x22, 0x2a, 0x22, 0x2a, 0x22, 0x2a, 0x22, 0x2a, 0x22, 0x2a, 0x22, 0x2a, 0x22, 0x2a, 0x22, 0x2a, 0x22,
0x2a, 0x22, 0x2a, 0x22, 0x2a, 0x22, 0x2a, 0x22, 0x2a, 0x22, 0x2a, 0x22, 0x2a, 0x22, 0x2a, 0x22, 0x2a, 0x22, 0x2a, 0x22, 0x2a, 0x22, 0x2a, 0x22,
0x2a, 0x22, 0x2a, 0x22, 0x2a, 0x22, 0x2a, 0x22, 0x2a, 0x22, 0x2a, 0x22, 0x2a, 0x22, 0x2a, 0x22, 0x2a, 0x22, 0x2a, 0x22, 0x2a, 0x22, 0x2a, 0x22,
0x2a, 0x22, 0x2a, 0x22, 0x2a, 0x22, 0x2a, 0x22, 0x2a, 0x22, 0x2a, 0x22, 0x2a, 0x22, 0x2a, 0x22, 0x2a, 0x22, 0x2a, 0x22, 0x2a, 0x22, 0x2a, 0x22,
0x2a, 0x22, 0x2a, 0x22, 0x2a, 0x22, 0x2a, 0x22, 0x2a, 0x22, 0x2a, 0x22, 0x2a, 0x22, 0x2a, 0x22, 0x2a, 0x22, 0x2a, 0x22, 0x2a, 0x22, 0x2a, 0x22,
0x2a, 0x22, 0x2a, 0x22, 0x2a, 0x22, 0x2a, 0x22, 0x2a, 0x22, 0x2a, 0x22, 0x2a, 0x22, 0x2a, 0x22, 0x2a, 0x22, 0x2a, 0x22, 0x2a, 0x22, 0x2a, 0x22,
0x2a, 0x22, 0x2a, 0x22, 0x2a, 0x22, 0x2a, 0x22, 0x2a, 0x22, 0x2a, 0x22, 0x2a, 0x22, 0x2a, 0x22, 0x2a, 0x22, 0x2a, 0x22, 0x2a, 0x22, 0x2a, 0x22,
0x2a, 0x22, 0x2a, 0x22, 0x2a, 0x22, 0x2a, 0x22, 0x2a, 0x22, 0x2a, 0x22, 0x2a, 0x22, 0x2a, 0x22, 0x2a, 0x22, 0x2a, 0x22, 0x2a, 0x22, 0x2a, 0x22,
0x2a, 0x22, 0x2a, 0x22, 0x2a, 0x22, 0x2a, 0x22, 0x2a, 0x22, 0x2a, 0x22, 0x2a, 0x22, 0x2a, 0x22, 0x2a, 0x22, 0x2a, 0x22, 0x2a, 0x22, 0x2a, 0x22,
0x2a, 0x22, 0x2a, 0x22, 0x2a, 0x22, 0x2a, 0x22, 0x2a, 0x22, 0x2a, 0x22, 0x2a, 0x22, 0x2a, 0x22, 0x2a, 0x22, 0x2a, 0x22, 0x2a, 0x22, 0x2a, 0x22,
0x2a, 0x22, 0x2a, 0x22, 0x2a, 0x22, 0x2a, 0x22, 0x2a, 0x22, 0x2a, 0x22, 0x2a, 0x22, 0x2a, 0x22, 0x2a, 0x22, 0x2a, 0x22, 0x2a, 0x22, 0x2a, 0x22,
0x2a, 0x22, 0x2a, 0x22, 0x2a, 0x22, 0x2a, 0x22, 0x2a, 0x22, 0x2a, 0x22, 0x2a, 0x22, 0x2a, 0x22, 0x2a, 0x22, 0x2a, 0x22, 0x2a, 0x22, 0x2a, 0x22,
0x2a, 0x22, 0x2a, 0x22, 0x2a, 0x22, 0x2a, 0x22, 0x2a, 0x22, 0x2a, 0x22, 0x2a, 0x22, 0x2a, 0x22, 0x2a, 0x22, 0x2a, 0x22, 0x2a, 0x22, 0x2a, 0x22,
0x2a, 0x22, 0x2a, 0x22, 0x2a, 0x22, 0x2a, 0x22, 0x2a, 0x22, 0x2a, 0x22, 0x2a, 0x22, 0x2a, 0x22, 0x2a, 0x22, 0x2a, 0x22, 0x2a, 0x22, 0x2a, 0x22,
0x2a, 0x22, 0x2a, 0x22, 0x2a, 0x22, 0x2a, 0x22, 0x2a, 0x22, 0x2a, 0x22, 0x2a, 0x22, 0x2a, 0x22, 0x2a, 0x22, 0x2a, 0x22, 0x2a, 0x22, 0x2a, 0x22,
0x2a, 0x22, 0x2a, 0x22, 0x2a, 0x22, 0x2a, 0x22, 0x2a, 0x22, 0x2a, 0x22, 0x2a, 0x22, 0x2a, 0x22, 0x2a, 0x22, 0x2a, 0x22, 0x2a, 0x22, 0x2a, 0x22,
0x2a, 0x22, 0x2a, 0x22, 0x2a, 0x22, 0x2a, 0x22, 0x2a, 0x22, 0x2a, 0x22, 0x2a, 0x22, 0x2a, 0x22, 0x2a, 0x22, 0x2a, 0x22, 0x2a, 0x22, 0x2a, 0x22,
0x2a, 0x22, 0x2a, 0x22, 0x2a, 0x22, 0x2a, 0x22, 0x2a, 0x22, 0x2a, 0x22, 0x2a, 0x22, 0x2a, 0x22, 0x2a, 0x22, 0x2a, 0x22, 0x2a, 0x22, 0x2a, 0x22,
0x2a, 0x22, 0x2a, 0x22, 0x2a, 0x22, 0x2a, 0x22, 0x2a, 0x22, 0x2a, 0x22, 0x2a, 0x22, 0x2a, 0x22, 0x2a, 0x22, 0x2a, 0x22, 0x2a, 0x22, 0x2a, 0x22,
0x2a, 0x22, 0x2a, 0x22, 0x2a, 0x22, 0x2a, 0x22, 0x2a, 0x22, 0x2a, 0x22, 0x2a, 0x22, 0x2a, 0x22, 0x2a, 0x22, 0x2a, 0x22, 0x2a, 0x22, 0x2a, 0x22,
0x2a, 0x22, 0x2a, 0x22, 0x2a, 0x22, 0x2a, 0x22, 0x2a, 0x22, 0x2a, 0x22, 0x2a, 0x22, 0x2a, 0x22, 0x2a, 0x22, 0x2a, 0x22, 0x2a, 0x22, 0x2a, 0x22,
0x2a, 0x22, 0x2a, 0x22, 0x2a, 0x22, 0x2a, 0x22, 0x2a, 0x22, 0x2a, 0x22, 0x2a, 0x22, 0x2a, 0x22, 0x2a, 0x22, 0x2a, 0x22, 0x2a, 0x22, 0x2a, 0x22,
0x2a, 0x22, 0x2a, 0x22, 0x2a, 0x22, 0x2a, 0x22, 0x2a, 0x22, 0x2a, 0x22, 0x2a, 0x22, 0x2a, 0x22, 0x2a, 0x22, 0x2a, 0x22, 0x2a, 0x22, 0x2a, 0x22,
0x2a, 0x22, 0x2a, 0x22, 0x2a, 0x22, 0x2a, 0x22, 0x2a, 0x22, 0x2a, 0x22, 0x2a, 0x22, 0x2a, 0x22, 0x2a, 0x22, 0x2a, 0x22, 0x2a, 0x22, 0x2a, 0x22,
0x2a, 0x22, 0x2a, 0x22, 0x2a, 0x22, 0x2a, 0x22, 0x2a, 0x22, 0x2a, 0x22, 0x2a, 0x22, 0x2a, 0x22, 0x2a, 0x22, 0x2a, 0x22, 0x2a, 0x22, 0x2a, 0x22,
0x2a, 0x22, 0x2a, 0x22, 0x2a, 0x22, 0x2a, 0x22, 0x2a, 0x22, 0x2a, 0x22, 0x2a, 0x22, 0x2a, 0x22, 0x2a, 0x22, 0x2a, 0x22, 0x2a, 0x22, 0x2a, 0x22,
0x2a, 0x22, 0x2a, 0x22, 0x2a, 0x22, 0x2a, 0x22, 0x2a, 0x22, 0x2a, 0x22, 0x2a, 0x22, 0x2a, 0x22, 0x2a, 0x22, 0x2a, 0x22, 0x2a, 0x22, 0x2a, 0x22,
0x2a, 0x22, 0x2a, 0x22, 0x2a, 0x22, 0x2a, 0x22, 0x2a, 0x22, 0x2a, 0x22, 0x2a, 0x22, 0x2a, 0x22, 0x2a, 0x22, 0x2a, 0x22, 0x2a, 0x22, 0x2a, 0x22,
0x2a, 0x22, 0x2a, 0x22, 0x2a, 0x22, 0x2a, 0x22, 0x2a, 0x22, 0x2a, 0x22, 0x2a, 0x22, 0x2a, 0x22, 0x2a, 0x22, 0x2a, 0x22, 0x2a, 0x22, 0x2a, 0x22,
0x2a, 0x22, 0x2a, 0x22, 0x2a, 0x22, 0x2a, 0x22, 0x2a, 0x22, 0x2a, 0x22, 0x2a, 0x22, 0x2a, 0x22, 0x2a, 0x22, 0x2a, 0x22, 0x2a, 0x22, 0x2a, 0x22,
0x2a, 0x22, 0x2a, 0x22, 0x2a, 0x22, 0x2a, 0x22, 0x2a, 0x22, 0x2a, 0x22, 0x2a, 0x22, 0x2a, 0x22, 0x2a, 0x22, 0x2a, 0x22, 0x2a, 0x22, 0x2a, 0x22,
0x2a, 0x22, 0x2a, 0x22, 0x2a, 0x22, 0x2a, 0x22, 0x2a, 0x22, 0x2a, 0x22, 0x2a, 0x22, 0x2a, 0x22, 0x2a, 0x22, 0x2a, 0x22, 0x2a, 0x22, 0x2a, 0x22,
0x2a, 0x22, 0x2a, 0x22, 0x2a, 0x22, 0x2a, 0x22, 0x2a, 0x22, 0x2a, 0x22, 0x2a, 0x22, 0x2a, 0x22, 0x2a, 0x22, 0x2a, 0x22, 0x2a, 0x22, 0x2a, 0x22,
0x2a, 0x22, 0x2a, 0x22, 0x2a, 0x22, 0x2a, 0x22, 0x2a, 0x22, 0x2a, 0x22, 0x2a, 0x22, 0x2a, 0x22, 0x2a, 0x22, 0x2a, 0x22, 0x2a, 0x22, 0x2a, 0x22,
0x2a, 0x22, 0x2a, 0x22, 0x2a, 0x22, 0x2a, 0x22, 0x2a, 0x22, 0x2a, 0x22, 0x2a, 0x22, 0x2a, 0x22, 0x2a, 0x22, 0x2a, 0x22, 0x2a, 0x22, 0x2a, 0x22,
0x2a, 0x22, 0x2a, 0x22, 0x2a, 0x22, 0x2a, 0x22, 0x2a, 0x22, 0x2a, 0x22, 0x2a, 0x22, 0x2a, 0x22, 0x2a, 0x22, 0x2a, 0x22, 0x2a, 0x22, 0x2a, 0x22,
0x2a, 0x22, 0x2a, 0x22, 0x2a, 0x22, 0x2a, 0x22, 0x2a, 0x22, 0x2a, 0x22, 0x2a, 0x22, 0x2a, 0x22, 0x2a, 0x22, 0x2a, 0x22, 0x2a, 0x22, 0x2a, 0x22,
0x2a, 0x22, 0x2a, 0x22, 0x2a, 0x22, 0x2a, 0x22, 0x2a, 0x22, 0x2a, 0x22, 0x2a, 0x22, 0x2a, 0x22, 0x2a, 0x22, 0x2a, 0x22, 0x2a, 0x22, 0x2a, 0x22,
0x2a, 0x22, 0x2a, 0x22, 0x2a, 0x22, 0x2a, 0x22, 0x2a, 0x22, 0x2a, 0x22, 0x2a, 0x22, 0x2a, 0x22, 0x2a, 0x22, 0x2a, 0x22, 0x2a, 0x22, 0x2a, 0x22,
0x2a, 0x22, 0x2a, 0x22, 0x2a, 0x22, 0x2a, 0x22, 0x2a, 0x22, 0x2a, 0x22, 0x2a, 0x22, 0x2a, 0x22, 0x2a, 0x22, 0x2a, 0x22, 0x2a, 0x22, 0x2a, 0x22,
0x2a, 0x22, 0x2a, 0x22, 0x2a, 0x22, 0x2a, 0x22, 0x2a, 0x22, 0x2a, 0x22, 0x2a, 0x22, 0x2a, 0x22, 0x2a, 0x22, 0x2a, 0x22, 0x2a, 0x22, 0x2a, 0x22,
0x2a, 0x22, 0x2a, 0x22, 0x2a, 0x22, 0x2a, 0x22, 0x2a, 0x22, 0x2a, 0x22, 0x2a, 0x22, 0x2a, 0x22, 0x2a, 0x22, 0x2a, 0x22, 0x2a, 0x22, 0x2a, 0x22,
0x2a, 0x22, 0x2a, 0x22, 0x2a, 0x22, 0x2a, 0x22, 0x2a, 0x22, 0x2a, 0x22, 0x2a, 0x22, 0x2a, 0x22, 0x2a, 0x22, 0x2a, 0x22, 0x2a, 0x22, 0x2a, 0x22,
0x2a, 0x22, 0x2a, 0x22, 0x2a, 0x22, 0x2a, 0x22, 0x2a, 0x22, 0x2a, 0x22, 0x2a, 0x22, 0x2a, 0x22, 0x2a, 0x22, 0x2a, 0x22, 0x2a, 0x22, 0x2a, 0x22,
0x2a, 0x22, 0x2a, 0x22, 0x2a, 0x22, 0x2a, 0x22, 0x2a, 0x22, 0x2a, 0x22, 0x2a, 0x22, 0x2a, 0x22, 0x2a, 0x22, 0x2a, 0x22, 0x2a, 0x22, 0x2a, 0x22,
0x2a, 0x22, 0x2a, 0x22, 0x2a, 0x22, 0x2a, 0x22, 0x2a, 0x22, 0x2a, 0x22, 0x2a, 0x22, 0x2a, 0x22, 0x2a, 0x22, 0x2a, 0x22, 0x2a, 0x22, 0x2a, 0x22,
0x2a, 0x22, 0x2a, 0x22, 0x2a, 0x22, 0x2a, 0x22, 0x2a, 0x22, 0x2a, 0x22, 0x2a, 0x22, 0x2a, 0x22, 0x2a, 0x22, 0x2a, 0x22, 0x2a, 0x22, 0x2a, 0x22,
0x2a, 0x22, 0x2a, 0x22, 0x2a, 0x22, 0x2a, 0x22, 0x2a, 0x22, 0x2a, 0x22, 0x2a, 0x22, 0x2a, 0x22, 0x2a, 0x22, 0x2a, 0x22, 0x2a, 0x22, 0x2a, 0x22,
0x2a, 0x22, 0x2a, 0x22, 0x2a, 0x22, 0x2a, 0x22, 0x2a, 0x22, 0x2a, 0x22, 0x2a, 0x22, 0x2a, 0x22, 0x2a, 0x22, 0x2a, 0x22, 0x2a, 0x22, 0x2a, 0x22,
0x2a, 0x22, 0x2a, 0x22, 0x2a, 0x22, 0x2a, 0x22, 0x2a, 0x22, 0x2a, 0x22, 0x2a, 0x22, 0x2a, 0x22, 0x2a, 0x22, 0x2a, 0x22, 0x2a, 0x22, 0x2a, 0x22,
0x2a, 0x22, 0x2a, 0x22, 0x2a, 0x22, 0x2a, 0x22, 0x2a, 0x22, 0x2a, 0x22, 0x2a, 0x22, 0x2a, 0x22, 0x2a, 0x22, 0x2a, 0x22, 0x2a, 0x22, 0x2a, 0x22,
0x2a, 0x22, 0x2a, 0x22, 0x2a, 0x22, 0x2a, 0x22, 0x2a, 0x22, 0x2a, 0x22, 0x2a, 0x22, 0x2a, 0x22, 0x2a, 0x22, 0x2a, 0x22, 0x2a, 0x22, 0x2a, 0x22,
0x2a, 0x22, 0x2a, 0x22, 0x2a, 0x22, 0x2a, 0x22, 0x2a, 0x22, 0x2a, 0x22, 0x2a, 0x22, 0x2a, 0x22, 0x2a, 0x22, 0x2a, 0x22, 0x2a, 0x22, 0x2a, 0x22,
0x2a, 0x22, 0x2a, 0x22, 0x2a, 0x22, 0x2a, 0x22, 0x2a, 0x22, 0x2a, 0x22, 0x2a, 0x22, 0x2a, 0x22, 0x2a, 0x22, 0x2a, 0x22, 0x2a, 0x22, 0x2a, 0x22,
0x2a, 0x22, 0x2a, 0x22, 0x2a, 0x22, 0x2a, 0x22, 0x2a, 0x22, 0x2a, 0x22, 0x2a, 0x22, 0x2a, 0x22, 0x2a, 0x22, 0x2a, 0x22, 0x2a, 0x22, 0x2a, 0x22,
0x2a, 0x22, 0x2a, 0x22, 0x2a, 0x22, 0x2a, 0x22, 0x2a, 0x22, 0x2a, 0x22, 0x2a, 0x22, 0x2a, 0x22, 0x2a, 0x22, 0x2a, 0x22, 0x2a, 0x22, 0x2a, 0x22,
0x2a, 0x22, 0x2a, 0x22, 0x2a, 0x22, 0x2a, 0x22, 0x2a, 0x22, 0x2a, 0x22, 0x2a, 0x22, 0x2a, 0x22, 0x2a, 0x22, 0x2a, 0x22, 0x2a, 0x22, 0x2a, 0x22,
0x2a, 0x22, 0x2a, 0x22, 0x2a, 0x22, 0x2a, 0x22, 0x2a, 0x22, 0x2a, 0x22, 0x2a, 0x22, 0x2a, 0x22, 0x2a, 0x22, 0x2a, 0x22, 0x2a, 0x22, 0x2a, 0x22,
0x2a, 0x22, 0x2a, 0x22, 0x2a, 0x22, 0x2a, 0x22, 0x2a, 0x22, 0x2a, 0x22, 0x2a, 0x22, 0x2a, 0x22, 0x2a, 0x22, 0x2a, 0x22, 0x2a, 0x22, 0x2a, 0x22,
0x2a, 0x22, 0x2a, 0x22, 0x2a, 0x22, 0x2a, 0x22, 0x2a, 0x22, 0x2a, 0x22, 0x2a, 0x22, 0x2a, 0x22, 0x2a, 0x22, 0x2a, 0x22, 0x2a, 0x22, 0x2a, 0x22,
0x2a, 0x22, 0x2a, 0x22, 0x2a, 0x22, 0x2a, 0x22, 0x2a, 0x22, 0x2a, 0x22, 0x2a, 0x22, 0x2a, 0x22, 0x2a, 0x22, 0x2a, 0x22, 0x2a, 0x22, 0x2a, 0x22,
0x2a, 0x22, 0x2a, 0x22, 0x2a, 0x22, 0x2a, 0x22, 0x2a, 0x22, 0x2a, 0x22, 0x2a, 0x22, 0x2a, 0x22, 0x2a, 0x22, 0x2a, 0x22, 0x2a, 0x22, 0x2a, 0x22,
0x2a, 0x22, 0x2a, 0x22, 0x2a, 0x22, 0x2a, 0x22, 0x2a, 0x22, 0x2a, 0x22, 0x2a, 0x22, 0x2a, 0x22, 0x2a, 0x22, 0x2a, 0x22, 0x2a, 0x22, 0x2a, 0x22,
0x2a, 0x22, 0x2a, 0x22, 0x2a, 0x22, 0x2a, 0x22, 0x2a, 0x22, 0x2a, 0x22, 0x2a, 0x22, 0x2a, 0x22, 0x2a, 0x22, 0x2a, 0x22, 0x2a, 0x22, 0x2a, 0x22,
0x2a, 0x22, 0x2a, 0x22, 0x2a, 0x22, 0x2a, 0x22, 0x2a, 0x22, 0x2a, 0x22, 0x2a, 0x22, 0x2a, 0x22, 0x2a, 0x22, 0x2a, 0x22, 0x2a, 0x22, 0x2a, 0x22,
0x2a, 0x22, 0x2a, 0x22, 0x2a, 0x22, 0x2a, 0x22, 0x2a, 0x22, 0x2a, 0x22, 0x2a, 0x22, 0x2a, 0x22, 0x2a, 0x22, 0x2a, 0x22, 0x2a, 0x22, 0x2a, 0x22,
0x2a, 0x22, 0x2a, 0x22, 0x2a, 0x22, 0x2a, 0x22, 0x2a, 0x22, 0x2a, 0x22, 0x2a, 0x22, 0x2a, 0x22, 0x2a, 0x22, 0x2a, 0x22, 0x2a, 0x22, 0x2a, 0x22,
0x2a, 0x22, 0x2a, 0x22, 0x2a, 0x22, 0x2a, 0x22, 0x2a, 0x22, 0x2a, 0x22, 0x2a, 0x22, 0x2a, 0x22, 0x2a, 0x22, 0x2a, 0x22, 0x2a, 0x22, 0x2a, 0x22,
0x2a, 0x22, 0x2a, 0x22, 0x2a, 0x22, 0x2a, 0x22, 0x2a, 0x22, 0x2a, 0x22, 0x2a, 0x22, 0x2a, 0x22, 0x2a, 0x22, 0x2a, 0x22, 0x2a, 0x22, 0x2a, 0x22,
0x2a, 0x22, 0x2a, 0x22, 0x2a, 0x22, 0x2a, 0x22, 0x2a, 0x22, 0x2a, 0x22, 0x2a, 0x22, 0x2a, 0x22, 0x2a, 0x22, 0x2a, 0x22, 0x2a, 0x22, 0x2a, 0x22,
0x2a, 0x22, 0x2a, 0x22, 0x2a, 0x22, 0x2a, 0x22, 0x2a, 0x22, 0x2a, 0x22, 0x2a, 0x22, 0x2a, 0x22, 0x2a, 0x22, 0x2a, 0x22, 0x2a, 0x22, 0x2a, 0x22,
0x37, 0x4f, 0x2a, 0x22, 0x2a, 0x22, 0x2a, 0x22, 0x2a, 0x22, 0x2a, 0x22, 0x2a, 0x22, 0x2a, 0x22, 0x2a, 0x22, 0x2a, 0x22, 0x2a, 0x22, 0x2a, 0x22,
0x2a, 0x22, 0x2a, 0x22, 0x2a, 0x22, 0x2a, 0x22, 0x2a, 0x22, 0x2a, 0x22, 0x2a, 0x22, 0x2a, 0x22, 0x2a, 0x22, 0x2a, 0x22, 0x2a, 0x22, 0x2a, 0x22,
0x2a, 0x22, 0x2a, 0x22, 0x2a, 0x22, 0x2a, 0x22, 0x2a, 0x22, 0x2a, 0x22, 0x2a, 0x22, 0x2a, 0x22, 0x2a, 0x22, 0x2a, 0x22, 0x2a, 0x22, 0x2a, 0x22,
0x2a, 0x22, 0x2a, 0x22, 0x2a, 0x22, 0x2a, 0x22, 0x2a, 0x22, 0x2a, 0x22, 0x2a, 0x22, 0x2a, 0x22, 0x2a, 0x22, 0x2a, 0x22, 0x2a, 0x22, 0x2a, 0x22,
0x2a, 0x22, 0x2a, 0x22, 0x2a, 0x22, 0x2a, 0x22, 0x2a, 0x22, 0x2a, 0x22, 0x2a, 0x22, 0x2a, 0x22, 0x2a, 0x22, 0x2a, 0x22, 0x2a, 0x22, 0x2a, 0x22,
0x2a, 0x22, 0x2a, 0x22, 0x2a, 0x22, 0x2a, 0x22, 0x2a, 0x22, 0x2a, 0x22, 0x2a, 0x22, 0x2a, 0x22, 0x2a, 0x22, 0x2a, 0x22, 0x2a, 0x22, 0x2a, 0x22,
0x2a, 0x22, 0x2a, 0x22, 0x2a, 0x22, 0x2a, 0x22, 0x2a, 0x22, 0x2a, 0x22, 0x2a, 0x22, 0x2a, 0x22, 0x2a, 0x22, 0x2a, 0x22, 0x2a, 0x22, 0x2a, 0x22,
0x2a, 0x22, 0x2a, 0x22, 0x2a, 0x22, 0x2a, 0x22, 0x2a, 0x22, 0x2a, 0x22, 0x2a, 0x22, 0x2a, 0x22, 0x2a, 0x22, 0x2a, 0x22, 0x2a, 0x22, 0x2a, 0x22,
0x2a, 0x22, 0x2a, 0x22, 0x2a, 0x22, 0x2a, 0x22, 0x2a, 0x22, 0x2a, 0x22, 0x2a, 0x22, 0x2a, 0x22, 0x2a, 0x22, 0x2a, 0x22, 0x2a, 0x22, 0x2a, 0x22
};
const lv_image_dsc_t worldcam_map = {.header={.magic=LV_IMAGE_HEADER_MAGIC,.cf=LV_COLOR_FORMAT_RGB565,.w=216,.h=128,.stride=432},.data_size=sizeof(map_pixels),.data=map_pixels};
