/* Generated by tools/convert_slot_symbols.py; do not hand edit. */
#include "slot_symbols.h"

static const uint8_t slot_cherry_pixels[6144] __attribute__((aligned(4))) = {
    0x9c,0xf7,0x9c,0xf7,0x9c,0xf7,0x9c,0xf7,0x9c,0xf7,0x9c,0xf7,0x9c,0xf7,0x9c,0xf7,0x9c,0xf7,0x9c,0xf7,0x9c,0xf7,0x9c,0xf7,
    0x9c,0xf7,0x9c,0xf7,0x9c,0xf7,0x9c,0xf7,0x9c,0xf7,0x9c,0xf7,0x9c,0xf7,0x9c,0xf7,0x9c,0xf7,0x9c,0xf7,0x9c,0xf7,0x9c,0xf7,
    0x9c,0xf7,0x9c,0xf7,0x9c,0xf7,0x9c,0xf7,0x9c,0xf7,0x9c,0xf7,0x9c,0xf7,0x9c,0xf7,0x9c,0xf7,0x9c,0xf7,0x9c,0xf7,0x9c,0xf7,
    0x9c,0xf7,0x9c,0xf7,0x9c,0xf7,0x9c,0xf7,0x9c,0xf7,0x9c,0xf7,0x9c,0xf7,0x9c,0xf7,0x9c,0xf7,0x9c,0xf7,0x9c,0xf7,0x9c,0xf7,
    0x9c,0xf7,0x9c,0xf7,0x9c,0xf7,0x9c,0xf7,0x9c,0xf7,0x9c,0xf7,0x9c,0xf7,0x9c,0xf7,0x9c,0xf7,0x9c,0xf7,0x9c,0xf7,0x9c,0xf7,
    0x9c,0xf7,0x9c,0xf7,0x9c,0xf7,0x9c,0xf7,0x9c,0xf7,0x9c,0xf7,0x9c,0xf7,0x9c,0xf7,0x9c,0xf7,0x9c,0xf7,0x9c,0xf7,0x9c,0xf7,
    0x9c,0xf7,0x9c,0xf7,0x9c,0xf7,0x9c,0xf7,0x9c,0xf7,0x9c,0xf7,0x9c,0xf7,0x9c,0xf7,0x9c,0xf7,0x9c,0xf7,0x9c,0xf7,0x9c,0xf7,
    0x9c,0xf7,0x9c,0xf7,0x9c,0xf7,0x9c,0xf7,0x9c,0xf7,0x9c,0xf7,0x9c,0xf7,0x9c,0xf7,0x9c,0xf7,0x9c,0xf7,0x9c,0xf7,0x9c,0xf7,
    0x9c,0xf7,0x9c,0xf7,0x9c,0xf7,0x9c,0xf7,0x9c,0xf7,0x9c,0xf7,0x9c,0xf7,0x9c,0xf7,0x9c,0xf7,0x9c,0xf7,0x9c,0xf7,0x9c,0xf7,
    0x9c,0xf7,0x9c,0xf7,0x9c,0xf7,0x9c,0xf7,0x9c,0xf7,0x9c,0xf7,0x9c,0xf7,0x9c,0xf7,0x9c,0xf7,0x9c,0xf7,0x9c,0xf7,0x9c,0xf7,
    0x9c,0xf7,0x9c,0xf7,0x9c,0xf7,0x9c,0xf7,0x9c,0xf7,0x9c,0xf7,0x9c,0xf7,0x9c,0xf7,0x9c,0xf7,0x9c,0xf7,0x9c,0xf7,0x9c,0xf7,
    0x9c,0xf7,0x9c,0xf7,0x9c,0xf7,0x9c,0xf7,0x9c,0xf7,0x9c,0xf7,0x9c,0xf7,0x9c,0xf7,0x9c,0xf7,0x9c,0xf7,0x9c,0xf7,0x9c,0xf7,
    0x9c,0xf7,0x9c,0xf7,0x9c,0xf7,0x9c,0xf7,0x9c,0xf7,0x9c,0xf7,0x9c,0xf7,0x9c,0xf7,0x9c,0xf7,0x9c,0xf7,0x9c,0xf7,0x9c,0xf7,
    0x9c,0xf7,0x9c,0xf7,0x9c,0xf7,0x9c,0xf7,0x9c,0xf7,0x9c,0xf7,0x9c,0xf7,0x9c,0xf7,0x9c,0xf7,0x9c,0xf7,0x9c,0xf7,0x9c,0xf7,
    0x9c,0xf7,0x9c,0xf7,0x9c,0xf7,0x9c,0xf7,0x9c,0xf7,0x9c,0xf7,0x9c,0xf7,0x9c,0xf7,0x9c,0xf7,0x9c,0xf7,0x9c,0xf7,0x9c,0xf7,
    0x9c,0xf7,0x9c,0xf7,0x9c,0xf7,0x9c,0xf7,0x9c,0xf7,0x9c,0xf7,0x9c,0xf7,0x9c,0xf7,0x9c,0xf7,0x9c,0xf7,0x9c,0xf7,0x9c,0xf7,
    0x9c,0xf7,0x9c,0xf7,0x9c,0xf7,0x9c,0xf7,0x9c,0xf7,0x9c,0xf7,0x9c,0xf7,0x9c,0xf7,0x9c,0xf7,0x9c,0xf7,0x9c,0xf7,0x9c,0xf7,
    0x9c,0xf7,0x9c,0xf7,0x9c,0xf7,0x9c,0xf7,0x9c,0xf7,0x9c,0xf7,0x9c,0xf7,0x9c,0xf7,0x9c,0xf7,0x9c,0xf7,0x9c,0xf7,0x9c,0xf7,
    0x9c,0xf7,0x9c,0xf7,0x9c,0xf7,0x9c,0xf7,0x9c,0xf7,0x9c,0xf7,0x9c,0xf7,0x9c,0xf7,0x9c,0xf7,0x9c,0xf7,0x9c,0xf7,0x9c,0xf7,
    0x9c,0xf7,0x9c,0xf7,0x9c,0xf7,0x9c,0xf7,0x9c,0xf7,0x9c,0xf7,0x9c,0xf7,0x9c,0xf7,0x9c,0xf7,0x9c,0xf7,0x9c,0xf7,0x9c,0xf7,
    0x9c,0xf7,0x9c,0xf7,0x9c,0xf7,0x9c,0xf7,0x9c,0xf7,0x9c,0xf7,0x9c,0xf7,0x9c,0xf7,0x9c,0xf7,0x9c,0xf7,0x9c,0xf7,0x9c,0xf7,
    0x9c,0xf7,0x9c,0xf7,0x9c,0xf7,0x9c,0xf7,0x9c,0xf7,0x9c,0xf7,0x9c,0xf7,0x9c,0xf7,0x9c,0xf7,0x9c,0xf7,0x9c,0xf7,0x9c,0xf7,
    0x9c,0xf7,0x9c,0xf7,0x9c,0xf7,0x9c,0xf7,0x9c,0xf7,0x9c,0xf7,0x9c,0xf7,0x9c,0xf7,0x9c,0xf7,0x9c,0xf7,0x9c,0xf7,0x9c,0xf7,
    0x9c,0xf7,0x9c,0xf7,0x9c,0xf7,0x9c,0xf7,0x9c,0xf7,0x9c,0xf7,0x9c,0xf7,0x9c,0xf7,0x9c,0xf7,0x9c,0xf7,0x9c,0xf7,0x9c,0xf7,
    0x9c,0xf7,0x9c,0xf7,0x9c,0xf7,0x9c,0xf7,0x9c,0xf7,0x9c,0xf7,0x9c,0xf7,0x9c,0xf7,0x9c,0xf7,0x9c,0xf7,0x9c,0xf7,0x9c,0xf7,
    0x9c,0xf7,0x9c,0xf7,0x9c,0xf7,0x9c,0xf7,0x9c,0xf7,0x9c,0xf7,0x9c,0xf7,0x9c,0xf7,0x9c,0xf7,0x9c,0xf7,0x9c,0xf7,0x9c,0xf7,
    0x9c,0xf7,0x9c,0xf7,0x9c,0xf7,0x9c,0xf7,0x9c,0xf7,0x9c,0xf7,0x9c,0xf7,0x9c,0xf7,0x9c,0xf7,0x9c,0xf7,0x9c,0xf7,0x9c,0xf7,
    0x9c,0xf7,0x9c,0xf7,0x9c,0xf7,0x9c,0xf7,0x9c,0xf7,0x9c,0xf7,0x9c,0xf7,0x9c,0xf7,0x9c,0xf7,0x9c,0xf7,0x9c,0xf7,0x9c,0xf7,
    0x9c,0xf7,0x9c,0xf7,0x9c,0xf7,0x9c,0xf7,0x9c,0xf7,0x9c,0xf7,0x9c,0xf7,0x9c,0xf7,0x9c,0xf7,0x9c,0xf7,0x9c,0xf7,0x9c,0xf7,
    0x9c,0xf7,0x9c,0xf7,0x9c,0xf7,0x9c,0xf7,0x9c,0xf7,0x9c,0xf7,0x9c,0xf7,0x9c,0xf7,0x9c,0xf7,0x9c,0xf7,0x9c,0xf7,0x9c,0xf7,
    0x9c,0xf7,0x9c,0xf7,0x9c,0xf7,0x9c,0xf7,0x9c,0xf7,0x9c,0xf7,0x9c,0xf7,0x9c,0xf7,0x9c,0xf7,0x9c,0xf7,0x9c,0xf7,0x9c,0xf7,
    0x9c,0xf7,0x9c,0xf7,0x9c,0xf7,0x9c,0xf7,0x9c,0xf7,0x9c,0xf7,0x9c,0xf7,0x9c,0xf7,0x9c,0xf7,0x9c,0xf7,0x9c,0xf7,0x9c,0xf7,
    0x9c,0xf7,0x9c,0xf7,0x9c,0xf7,0x9c,0xf7,0x9c,0xf7,0x9c,0xf7,0x9c,0xf7,0x9c,0xf7,0x9c,0xf7,0x9c,0xf7,0x9c,0xf7,0x9c,0xf7,
    0x9c,0xf7,0x9c,0xf7,0x9c,0xf7,0x9c,0xf7,0x9c,0xf7,0x9c,0xf7,0x9c,0xf7,0x9c,0xf7,0x9c,0xf7,0x9c,0xf7,0x9c,0xf7,0x9c,0xf7,
    0x9c,0xf7,0x9c,0xf7,0x9c,0xf7,0x9c,0xf7,0x9c,0xf7,0x9c,0xf7,0x9c,0xf7,0x9c,0xf7,0x9c,0xf7,0x9c,0xf7,0x9c,0xf7,0x9c,0xf7,
    0x9c,0xf7,0x9c,0xf7,0x9c,0xf7,0x9c,0xf7,0x9c,0xf7,0x9c,0xf7,0x9c,0xf7,0x9c,0xf7,0x9c,0xf7,0x9c,0xf7,0x9c,0xf7,0x9c,0xf7,
    0x9c,0xf7,0x9c,0xf7,0x9c,0xf7,0x9c,0xf7,0x9c,0xf7,0x9c,0xf7,0x9c,0xf7,0x9c,0xf7,0x9c,0xf7,0x9c,0xf7,0x9c,0xf7,0x9c,0xf7,
    0x9c,0xf7,0x9c,0xf7,0x9c,0xf7,0x9c,0xf7,0x9c,0xf7,0x9c,0xf7,0x9c,0xf7,0x9c,0xf7,0x9c,0xf7,0x9c,0xf7,0x9c,0xf7,0x9c,0xf7,
    0x9c,0xf7,0x9c,0xf7,0xfa,0xe6,0x2a,0x73,0x24,0x62,0x88,0x62,0x3a,0xef,0x9c,0xf7,0x9c,0xf7,0x9c,0xf7,0x9c,0xf7,0x9c,0xf7,
    0x9c,0xf7,0x9c,0xf7,0x9c,0xf7,0x9c,0xf7,0x9c,0xf7,0x9c,0xf7,0x9c,0xf7,0x9c,0xf7,0x9c,0xf7,0x9c,0xf7,0x9c,0xf7,0x9c,0xf7,
    0x9c,0xf7,0x9c,0xf7,0x9c,0xf7,0x9c,0xf7,0x9c,0xf7,0x9c,0xf7,0x9c,0xf7,0x9c,0xf7,0x9c,0xf7,0x9c,0xf7,0x9c,0xf7,0x9c,0xf7,
    0x9c,0xf7,0x9c,0xf7,0x9c,0xf7,0x9c,0xf7,0x9c,0xf7,0x9c,0xf7,0x9c,0xf7,0x9c,0xf7,0x9c,0xf7,0x9c,0xf7,0x9c,0xf7,0x9c,0xf7,
    0x9c,0xf7,0x5b,0xf7,0xa8,0x6a,0x26,0x93,0x83,0x8a,0x20,0x49,0xb1,0x9c,0x7c,0xf7,0x7b,0xf7,0x7c,0xf7,0x9c,0xf7,0x9c,0xf7,
    0x9c,0xf7,0x9c,0xf7,0x9c,0xf7,0x9c,0xf7,0x9c,0xf7,0x9c,0xf7,0x9c,0xf7,0x9c,0xf7,0x9c,0xf7,0x9c,0xf7,0x9c,0xf7,0x9c,0xf7,
    0x9c,0xf7,0x9c,0xf7,0x9c,0xf7,0x9c,0xf7,0x9c,0xf7,0x9c,0xf7,0x9c,0xf7,0x9c,0xf7,0x9c,0xf7,0x9c,0xf7,0x9c,0xf7,0x9c,0xf7,
    0x9c,0xf7,0x9c,0xf7,0x9c,0xf7,0x9c,0xf7,0x9c,0xf7,0x9c,0xf7,0x9c,0xf7,0x9c,0xf7,0x9c,0xf7,0x9c,0xf7,0x9c,0xf7,0x9c,0xf7,
    0x9c,0xf7,0x1a,0xe7,0xa2,0x51,0x46,0x8b,0x23,0x72,0x20,0x59,0x6b,0x7b,0x9c,0xf7,0x9c,0xf7,0x9c,0xf7,0x9c,0xf7,0x9c,0xf7,
    0x9c,0xf7,0x7b,0xf7,0x7c,0xf7,0x9c,0xf7,0x9c,0xf7,0x9c,0xf7,0x9c,0xf7,0x9c,0xf7,0x9c,0xf7,0x9c,0xf7,0x9c,0xf7,0x9c,0xf7,
    0x9c,0xf7,0x9c,0xf7,0x9c,0xf7,0x9c,0xf7,0x9c,0xf7,0x9c,0xf7,0x9c,0xf7,0x9c,0xf7,0x9c,0xf7,0x9c,0xf7,0x9c,0xf7,0x9c,0xf7,
    0x9c,0xf7,0x9c,0xf7,0x9c,0xf7,0x9c,0xf7,0x9c,0xf7,0x9c,0xf7,0x9c,0xf7,0x9c,0xf7,0x9c,0xf7,0x9c,0xf7,0x9c,0xf7,0x7b,0xf7,
    0x9c,0xf7,0x33,0xad,0x43,0x72,0x64,0x93,0x00,0x39,0x80,0x31,0x87,0x4a,0xf6,0xc5,0x98,0xd6,0xb8,0xde,0xf9,0xe6,0x5b,0xef,
    0x9c,0xf7,0x9c,0xf7,0x9c,0xf7,0x7c,0xf7,0x9c,0xf7,0x9c,0xf7,0x9c,0xf7,0x9c,0xf7,0x9c,0xf7,0x9c,0xf7,0x9c,0xf7,0x9c,0xf7,
    0x9c,0xf7,0x9c,0xf7,0x9c,0xf7,0x9c,0xf7,0x9c,0xf7,0x9c,0xf7,0x9c,0xf7,0x9c,0xf7,0x9c,0xf7,0x9c,0xf7,0x9c,0xf7,0x9c,0xf7,
    0x9c,0xf7,0x9c,0xf7,0x9c,0xf7,0x9c,0xf7,0x9c,0xf7,0x9c,0xf7,0x9c,0xf7,0x9c,0xf7,0x9c,0xf7,0x9c,0xf7,0x9c,0xf7,0x7c,0xf7,
    0x9c,0xf7,0x66,0x62,0x44,0x9b,0x02,0x6a,0xa0,0x28,0x20,0x32,0xe1,0x6b,0x41,0x32,0x62,0x2a,0x02,0x43,0xe2,0x42,0xe4,0x4a,
    0x69,0x63,0xf0,0x9c,0xb9,0xde,0x9c,0xf7,0x9c,0xf7,0x7c,0xf7,0x9c,0xf7,0x9c,0xf7,0x9c,0xf7,0x9c,0xf7,0x9c,0xf7,0x9c,0xf7,
    0x9c,0xf7,0x9c,0xf7,0x9c,0xf7,0x9c,0xf7,0x9c,0xf7,0x9c,0xf7,0x9c,0xf7,0x9c,0xf7,0x9c,0xf7,0x9c,0xf7,0x9c,0xf7,0x9c,0xf7,
    0x9c,0xf7,0x9c,0xf7,0x9c,0xf7,0x9c,0xf7,0x9c,0xf7,0x9c,0xf7,0x9c,0xf7,0x9c,0xf7,0x9c,0xf7,0x9c,0xf7,0x7c,0xf7,0x9c,0xf7,
    0x74,0xb5,0x63,0x62,0x23,0x93,0x00,0x49,0x22,0x39,0xc5,0x31,0x21,0x3b,0x02,0x7c,0x60,0x33,0x01,0x44,0x22,0x5c,0xe0,0x4b,
    0xe0,0x3b,0x81,0x3b,0x83,0x3a,0xac,0x7b,0x1a,0xef,0x9c,0xf7,0x7c,0xf7,0x9c,0xf7,0x9c,0xf7,0x9c,0xf7,0x9c,0xf7,0x9c,0xf7,
    0x9c,0xf7,0x9c,0xf7,0x9c,0xf7,0x9c,0xf7,0x9c,0xf7,0x9c,0xf7,0x9c,0xf7,0x9c,0xf7,0x9c,0xf7,0x9c,0xf7,0x9c,0xf7,0x9c,0xf7,
    0x9c,0xf7,0x9c,0xf7,0x9c,0xf7,0x9c,0xf7,0x9c,0xf7,0x9c,0xf7,0x9c,0xf7,0x9c,0xf7,0x9c,0xf7,0x9c,0xf7,0x7c,0xf7,0x3b,0xef,
    0xc6,0x6a,0xa4,0x8b,0x81,0x41,0x00,0x39,0x4c,0x73,0x6e,0x8c,0x60,0x1a,0xc1,0x11,0xa2,0x6b,0x61,0x43,0x42,0x5c,0xc9,0x9d,
    0x87,0x95,0x40,0x5c,0xc1,0x43,0x21,0x3b,0xc5,0x52,0xd5,0xbd,0x9c,0xf7,0x7c,0xf7,0x9c,0xf7,0x9c,0xf7,0x9c,0xf7,0x9c,0xf7,
    0x9c,0xf7,0x9c,0xf7,0x9c,0xf7,0x9c,0xf7,0x9c,0xf7,0x9c,0xf7,0x9c,0xf7,0x9c,0xf7,0x9c,0xf7,0x9c,0xf7,0x9c,0xf7,0x9c,0xf7,
    0x9c,0xf7,0x9c,0xf7,0x9c,0xf7,0x9c,0xf7,0x9c,0xf7,0x9c,0xf7,0x9c,0xf7,0x9c,0xf7,0x9c,0xf7,0x7b,0xf7,0x9c,0xf7,0x6b,0x7b,
    0x45,0x94,0xa1,0x39,0xc0,0x39,0x60,0x31,0xb5,0xbd,0x0c,0x7c,0xa0,0x2a,0x40,0x0a,0x00,0x0a,0x62,0x63,0x01,0x5c,0xe5,0x74,
    0xc6,0x7c,0x02,0x64,0x00,0x54,0xa0,0x33,0xa1,0x3b,0xc1,0x29,0x54,0xb5,0x9c,0xf7,0x7c,0xf7,0x9c,0xf7,0x9c,0xf7,0x9c,0xf7,
    0x9c,0xf7,0x9c,0xf7,0x9c,0xf7,0x9c,0xf7,0x9c,0xf7,0x9c,0xf7,0x9c,0xf7,0x9c,0xf7,0x9c,0xf7,0x9c,0xf7,0x9c,0xf7,0x9c,0xf7,
    0x9c,0xf7,0x9c,0xf7,0x9c,0xf7,0x9c,0xf7,0x9c,0xf7,0x9c,0xf7,0x9c,0xf7,0x9c,0xf7,0x7b,0xf7,0x9c,0xf7,0x90,0x9c,0xe5,0x83,
    0x42,0x4a,0x41,0x10,0xc1,0x52,0x20,0x29,0xfa,0xe6,0xec,0x7b,0x41,0x33,0x00,0x2b,0x80,0x1a,0x40,0x12,0xe1,0x4a,0xe1,0x53,
    0x27,0x85,0x90,0xc6,0xc9,0xa5,0xc2,0x74,0x61,0x3b,0x40,0x2b,0xe1,0x29,0xb5,0xbd,0x9c,0xf7,0x7c,0xf7,0x9c,0xf7,0x9c,0xf7,
    0x9c,0xf7,0x9c,0xf7,0x9c,0xf7,0x9c,0xf7,0x9c,0xf7,0x9c,0xf7,0x9c,0xf7,0x9c,0xf7,0x9c,0xf7,0x9c,0xf7,0x9c,0xf7,0x9c,0xf7,
    0x9c,0xf7,0x9c,0xf7,0x9c,0xf7,0x9c,0xf7,0x9c,0xf7,0x9c,0xf7,0x9c,0xf7,0x7c,0xf7,0x9c,0xf7,0xb5,0xbd,0x44,0x6b,0x63,0x6b,
    0x27,0x52,0xad,0x7b,0x01,0x5b,0xa2,0x39,0x9c,0xf7,0x90,0x94,0x41,0x43,0xc1,0x43,0x82,0x43,0xa1,0x43,0x00,0x02,0xa2,0x5b,
    0x01,0x5c,0xe5,0x74,0xe7,0x84,0x22,0x6c,0x00,0x5c,0x61,0x2b,0x60,0x33,0x24,0x42,0x3a,0xef,0x9c,0xf7,0x9c,0xf7,0x9c,0xf7,
    0x9c,0xf7,0x9c,0xf7,0x9c,0xf7,0x9c,0xf7,0x9c,0xf7,0x9c,0xf7,0x9c,0xf7,0x9c,0xf7,0x9c,0xf7,0x9c,0xf7,0x9c,0xf7,0x9c,0xf7,
    0x9c,0xf7,0x9c,0xf7,0x9c,0xf7,0x9c,0xf7,0x9c,0xf7,0x9c,0xf7,0x7c,0xf7,0x9c,0xf7,0x98,0xd6,0x46,0x6b,0x25,0x84,0x03,0x29,
    0x1a,0xe7,0x90,0x9c,0x62,0x6b,0xc3,0x41,0x9c,0xf7,0x54,0xad,0x23,0x4b,0x00,0x4c,0x65,0x64,0xc4,0x7c,0xe0,0x12,0xa1,0x1a,
    0x01,0x4b,0x02,0x5c,0xaa,0x95,0x2c,0xbe,0xe4,0x8c,0x80,0x3b,0x00,0x1b,0xc0,0x32,0x8c,0x73,0x9c,0xf7,0x7c,0xf7,0x9c,0xf7,
    0x9c,0xf7,0x9c,0xf7,0x9c,0xf7,0x9c,0xf7,0x9c,0xf7,0x9c,0xf7,0x9c,0xf7,0x9c,0xf7,0x9c,0xf7,0x9c,0xf7,0x9c,0xf7,0x9c,0xf7,
    0x9c,0xf7,0x9c,0xf7,0x9c,0xf7,0x9c,0xf7,0x9c,0xf7,0x9c,0xf7,0x9c,0xf7,0x5b,0xf7,0x28,0x6b,0x66,0x8c,0x01,0x29,0xd6,0xc5,
    0x9c,0xf7,0x90,0x9c,0x62,0x6b,0xa2,0x39,0x3a,0xef,0xb9,0xde,0x43,0x42,0xe1,0x4b,0x65,0x6c,0xc9,0xad,0x00,0x33,0x81,0x43,
    0x40,0x12,0x61,0x53,0x21,0x4c,0x64,0x6c,0x23,0x6c,0x41,0x5c,0x80,0x2b,0xe0,0x22,0x22,0x3a,0x1a,0xef,0x9c,0xf7,0x9c,0xf7,
    0x9c,0xf7,0x9c,0xf7,0x9c,0xf7,0x9c,0xf7,0x9c,0xf7,0x9c,0xf7,0x9c,0xf7,0x9c,0xf7,0x9c,0xf7,0x9c,0xf7,0x9c,0xf7,0x9c,0xf7,
    0x9c,0xf7,0x9c,0xf7,0x9c,0xf7,0x9c,0xf7,0x9c,0xf7,0x7b,0xf7,0x9c,0xf7,0x8b,0x7b,0xc8,0x9c,0xa1,0x39,0xf2,0xa4,0x9c,0xf7,
    0x9c,0xf7,0x54,0xb5,0x43,0x6b,0xc1,0x39,0x37,0xce,0x9c,0xf7,0xe8,0x5a,0xc2,0x53,0x43,0x64,0x68,0xa5,0x81,0x43,0x46,0x95,
    0x80,0x33,0x20,0x12,0x41,0x53,0xa2,0x43,0xa6,0x74,0x22,0x54,0x00,0x23,0x20,0x1b,0x80,0x2a,0x70,0x94,0x9c,0xf7,0x9c,0xf7,
    0x9c,0xf7,0x9c,0xf7,0x9c,0xf7,0x9c,0xf7,0x9c,0xf7,0x9c,0xf7,0x9c,0xf7,0x9c,0xf7,0x9c,0xf7,0x9c,0xf7,0x9c,0xf7,0x9c,0xf7,
    0x9c,0xf7,0x9c,0xf7,0x9c,0xf7,0x9c,0xf7,0x7c,0xf7,0x9c,0xf7,0xb0,0x9c,0x47,0x8c,0xc2,0x5a,0x4c,0x73,0x9c,0xf7,0x5b,0xf7,
    0x9c,0xf7,0x57,0xd6,0x04,0x6b,0xc2,0x5a,0xd2,0xa4,0x9c,0xf7,0x33,0xad,0x04,0x53,0x63,0x6c,0xa2,0x8c,0x62,0x6c,0x0e,0xb6,
    0xa1,0x53,0x80,0x1a,0xe0,0x19,0x61,0x4b,0x42,0x4c,0xe3,0x7c,0xe1,0x5b,0x00,0x1b,0x40,0x2b,0x48,0x63,0x9c,0xf7,0x9c,0xf7,
    0x9c,0xf7,0x9c,0xf7,0x9c,0xf7,0x9c,0xf7,0x9c,0xf7,0x9c,0xf7,0x9c,0xf7,0x9c,0xf7,0x9c,0xf7,0x9c,0xf7,0x9c,0xf7,0x9c,0xf7,
    0x9c,0xf7,0x9c,0xf7,0x9c,0xf7,0x7c,0xf7,0x9c,0xf7,0x57,0xce,0x86,0x7b,0x05,0x84,0xc6,0x41,0x7c,0xf7,0x7c,0xf7,0x7c,0xf7,
    0x9c,0xf7,0x7b,0xf7,0x27,0x6b,0xe5,0x7b,0x4c,0x73,0x9c,0xf7,0x9c,0xf7,0xe9,0x5a,0x24,0x6c,0xc2,0x84,0xa0,0x63,0x69,0x9d,
    0xe2,0x63,0xc1,0x53,0x21,0x23,0x60,0x22,0xe0,0x3a,0x00,0x1b,0x80,0x33,0x00,0x23,0x00,0x23,0x64,0x3a,0x1a,0xe7,0x9c,0xf7,
    0x9c,0xf7,0x9c,0xf7,0x9c,0xf7,0x9c,0xf7,0x9c,0xf7,0x9c,0xf7,0x9c,0xf7,0x9c,0xf7,0x9c,0xf7,0x9c,0xf7,0x9c,0xf7,0x9c,0xf7,
    0x9c,0xf7,0x9c,0xf7,0x9c,0xf7,0x7c,0xf7,0x7c,0xf7,0x28,0x6b,0x08,0xa5,0x41,0x31,0x78,0xd6,0x9c,0xf7,0x7c,0xf7,0x9c,0xf7,
    0x7b,0xf7,0x9c,0xf7,0x8c,0x7b,0x66,0x8c,0x04,0x4a,0x5b,0xef,0x9c,0xf7,0xb9,0xde,0x45,0x42,0xc5,0x84,0xa0,0x4b,0x23,0x6c,
    0x62,0x6c,0x03,0x64,0x22,0x54,0x40,0x02,0x20,0x22,0x20,0x3b,0x60,0x3b,0x80,0x1a,0xc0,0x12,0x01,0x22,0x16,0xc6,0x9c,0xf7,
    0x9c,0xf7,0x9c,0xf7,0x9c,0xf7,0x9c,0xf7,0x9c,0xf7,0x9c,0xf7,0x9c,0xf7,0x9c,0xf7,0x9c,0xf7,0x9c,0xf7,0x9c,0xf7,0x9c,0xf7,
    0x9c,0xf7,0x9c,0xf7,0x7c,0xf7,0x9c,0xf7,0x90,0x9c,0x87,0x94,0x62,0x52,0x50,0x94,0x9c,0xf7,0x7b,0xf7,0x9c,0xf7,0x9c,0xf7,
    0x7c,0xf7,0x9c,0xf7,0x74,0xb5,0xa5,0x7b,0xc3,0x5a,0x13,0xa5,0x9c,0xf7,0x9c,0xf7,0xf6,0xc5,0x83,0x31,0x84,0x74,0x62,0x6c,
    0x00,0x5c,0x82,0x43,0x24,0x6c,0x00,0x2b,0x00,0x02,0x80,0x2a,0x40,0x33,0x60,0x3b,0xe0,0x1a,0x20,0x1a,0x33,0xad,0x9c,0xf7,
    0x9c,0xf7,0x9c,0xf7,0x9c,0xf7,0x9c,0xf7,0x9c,0xf7,0x9c,0xf7,0x9c,0xf7,0x9c,0xf7,0x9c,0xf7,0x9c,0xf7,0x9c,0xf7,0x9c,0xf7,
    0x9c,0xf7,0x7c,0xf7,0x9c,0xf7,0xf9,0xe6,0x46,0x73,0x66,0x84,0xe6,0x49,0x9c,0xf7,0x7c,0xf7,0x9c,0xf7,0x9c,0xf7,0x9c,0xf7,
    0x9c,0xf7,0x9c,0xf7,0x5b,0xf7,0xc6,0x62,0xa7,0x94,0x06,0x4a,0x9c,0xf7,0x7b,0xf7,0x9c,0xf7,0x37,0xce,0x25,0x42,0xa4,0x63,
    0x41,0x64,0xe1,0x2a,0x61,0x3b,0x80,0x4b,0xe0,0x22,0x00,0x0a,0x20,0x22,0xe0,0x12,0x00,0x1b,0x60,0x22,0x4f,0x8c,0x9c,0xf7,
    0x9c,0xf7,0x9c,0xf7,0x9c,0xf7,0x9c,0xf7,0x9c,0xf7,0x9c,0xf7,0x9c,0xf7,0x7c,0xf7,0x7b,0xf7,0x7b,0xf7,0x7c,0xf7,0x7b,0xf7,
    0x7c,0xf7,0x7b,0xf7,0x9c,0xf7,0xcc,0x83,0x09,0xa5,0xa1,0x39,0x95,0xbd,0x9c,0xf7,0x7c,0xf7,0x9c,0xf7,0x9c,0xf7,0x9c,0xf7,
    0x9c,0xf7,0x7b,0xf7,0x9c,0xf7,0x90,0x94,0x47,0x8c,0x82,0x52,0x53,0xad,0x9c,0xf7,0x5b,0xf7,0x9c,0xf7,0xd9,0xe6,0xea,0x5a,
    0x62,0x42,0x02,0x5c,0xc1,0x3b,0x20,0x2b,0xa0,0x2a,0xc0,0x1a,0x00,0x1a,0x60,0x2a,0x80,0x0a,0x40,0x22,0x0e,0x84,0x9c,0xf7,
    0x9c,0xf7,0x9c,0xf7,0x9c,0xf7,0x9c,0xf7,0x9c,0xf7,0x7c,0xf7,0x7c,0xf7,0x9c,0xf7,0x9c,0xf7,0x9c,0xf7,0x9c,0xf7,0x9c,0xf7,
    0x9c,0xf7,0x9c,0xf7,0xb8,0xde,0x45,0x73,0x05,0x84,0x27,0x4a,0x7c,0xf7,0x7b,0xf7,0x9c,0xf7,0x9c,0xf7,0x9c,0xf7,0x9c,0xf7,
    0x9c,0xf7,0x9c,0xf7,0x9c,0xf7,0x5b,0xef,0xa6,0x5a,0xe7,0x9c,0xc4,0x49,0x5b,0xef,0x9c,0xf7,0x7c,0xf7,0x9c,0xf7,0x9c,0xf7,
    0x53,0xad,0x26,0x42,0x21,0x32,0x61,0x43,0x00,0x2b,0x21,0x23,0x20,0x0a,0x00,0x22,0x60,0x1a,0x20,0x1a,0xad,0x7b,0x9c,0xf7,
    0x9c,0xf7,0x9c,0xf7,0x9c,0xf7,0x9c,0xf7,0x7c,0xf7,0x9c,0xf7,0x9c,0xf7,0x37,0xce,0x2f,0x8c,0xea,0x7a,0xca,0x7a,0x6c,0x83,
    0xf2,0xa4,0xfa,0xe6,0xac,0x7b,0x08,0x9d,0xe1,0x41,0xd6,0xc5,0x9c,0xf7,0x9c,0xf7,0x9c,0xf7,0x7c,0xf7,0x9c,0xf7,0x9c,0xf7,
    0x9c,0xf7,0x9c,0xf7,0x7b,0xf7,0x9c,0xf7,0xb1,0x9c,0x06,0x84,0x22,0x63,0xad,0x83,0x9c,0xf7,0x5b,0xf7,0x7b,0xf7,0x9c,0xf7,
    0x9c,0xf7,0x9c,0xf7,0xd5,0xbd,0x4a,0x6b,0x01,0x32,0xa0,0x2a,0xa0,0x22,0x20,0x12,0x60,0x22,0x20,0x1a,0xad,0x7b,0x9c,0xf7,
    0x9c,0xf7,0x9c,0xf7,0x9c,0xf7,0x7c,0xf7,0x9c,0xf7,0x98,0xd6,0xaa,0x72,0xa3,0x78,0x26,0xb1,0xe9,0xd1,0x68,0xc9,0xa4,0xb0,
    0xa3,0x98,0xc3,0x60,0xc4,0x62,0x86,0x8c,0x02,0x29,0x33,0xad,0x74,0xb5,0x37,0xce,0x7b,0xf7,0x9c,0xf7,0x9c,0xf7,0x9c,0xf7,
    0x9c,0xf7,0x9c,0xf7,0x7c,0xf7,0x7b,0xf7,0x5b,0xf7,0xa6,0x62,0x27,0xa5,0xa1,0x39,0x78,0xd6,0x9c,0xf7,0x9c,0xf7,0xfa,0xe6,
    0xb5,0xbd,0xf2,0xa4,0x94,0xbd,0x78,0xd6,0x57,0xce,0x50,0x94,0x44,0x42,0x40,0x22,0x00,0x1a,0xe0,0x19,0x4b,0x6b,0x9c,0xf7,
    0x9c,0xf7,0x9c,0xf7,0x7c,0xf7,0x9c,0xf7,0x54,0xb5,0xc3,0x68,0xe5,0xc8,0x0a,0xea,0xf8,0xfd,0x7a,0xfe,0x83,0xb8,0x20,0x88,
    0x61,0x90,0x01,0x78,0x46,0x8c,0xa2,0x4a,0xa3,0x58,0x46,0x91,0x46,0x99,0xc4,0x80,0x45,0x69,0x50,0x94,0x7c,0xf7,0x9c,0xf7,
    0x7c,0xf7,0x7c,0xf7,0x9c,0xf7,0x9c,0xf7,0x9c,0xf7,0xb5,0xbd,0x85,0x73,0xe4,0x7b,0x47,0x5a,0xb5,0xbd,0xca,0x6a,0x25,0x69,
    0x05,0x89,0x26,0x99,0xe4,0x90,0x42,0x68,0xa6,0x69,0xb1,0xa4,0xfa,0xe6,0xb1,0x9c,0xc2,0x29,0x60,0x22,0x09,0x5b,0x9c,0xf7,
    0x9c,0xf7,0x7c,0xf7,0x9c,0xf7,0x94,0xb5,0x83,0x70,0xe5,0xe0,0x62,0xd8,0x83,0xd0,0x09,0xe2,0xd0,0xeb,0x46,0xc1,0x00,0x60,
    0x00,0x40,0x41,0x51,0xe6,0x94,0x20,0x29,0x62,0x70,0xa3,0xa0,0x09,0xc2,0x87,0xb9,0x22,0xa0,0x42,0x80,0x07,0x62,0xfa,0xe6,
    0x9c,0xf7,0x9c,0xf7,0x57,0xce,0xee,0x8b,0x89,0x72,0xe7,0x69,0x01,0x49,0x47,0xa5,0xc0,0x41,0x41,0x50,0x06,0xb1,0xc8,0xd1,
    0x52,0xf4,0x6f,0xeb,0x83,0xc8,0x42,0xa8,0x42,0xa0,0x21,0x88,0xa6,0x59,0xd9,0xe6,0xd9,0xde,0x65,0x4a,0x45,0x42,0x9c,0xf7,
    0x9c,0xf7,0x9c,0xf7,0xd9,0xe6,0xc3,0x60,0xc4,0xd0,0x20,0xc0,0x00,0xd0,0x84,0xe8,0x84,0xe0,0x01,0xd0,0xe5,0xd8,0x05,0xb1,
    0x20,0x30,0x41,0x63,0x83,0x63,0x40,0x31,0x00,0x30,0x00,0x48,0x00,0x78,0x00,0xa0,0x20,0x88,0x41,0x90,0x21,0x80,0x28,0x5a,
    0xb9,0xde,0x0b,0x73,0x82,0x70,0x46,0xb1,0x87,0xc1,0xc4,0xb8,0x21,0x80,0x84,0x73,0xa4,0x6b,0xc1,0x58,0x41,0x98,0x20,0x70,
    0x00,0x78,0x00,0xa0,0x00,0xb8,0x00,0x98,0x20,0x80,0x41,0x90,0x22,0x98,0xc3,0x48,0xb9,0xde,0x3a,0xef,0x53,0xb5,0x9c,0xf7,
    0x9c,0xf7,0x9c,0xf7,0xeb,0x7a,0x84,0xb8,0x41,0xc0,0x00,0xc8,0x84,0xe8,0xed,0xf2,0x55,0xfd,0xf0,0xf3,0xc4,0xd8,0x83,0xd0,
    0x67,0xc1,0xa4,0x81,0x61,0x49,0x40,0x39,0x00,0x38,0x00,0x78,0x06,0xd1,0xca,0xe1,0x21,0xa8,0x00,0x60,0x21,0x78,0x00,0x60,
    0xc3,0x38,0xc4,0xb0,0x2e,0xf3,0x0d,0xeb,0x20,0x98,0x20,0x78,0x00,0x60,0x61,0x49,0xe7,0x94,0x80,0x31,0x40,0x48,0x20,0x50,
    0x00,0x80,0xa4,0xc8,0xa9,0xd9,0x21,0xb8,0x00,0x90,0x00,0x60,0x41,0x78,0x22,0x98,0x65,0x49,0x7b,0xf7,0x9c,0xf7,0x9c,0xf7,
    0x9c,0xf7,0x98,0xd6,0x83,0x70,0x83,0xc8,0x00,0xa8,0x01,0xd8,0xe5,0xe8,0x14,0xfd,0xff,0xff,0xff,0xff,0x76,0xfd,0x25,0xe1,
    0x41,0xd8,0x63,0xc8,0x83,0xc8,0x84,0xc0,0x67,0xd1,0xf1,0xf3,0x5a,0xfe,0x8c,0xda,0x00,0x98,0x20,0x68,0x00,0x48,0x41,0x48,
    0xe5,0xc0,0xe9,0xf1,0x3c,0xff,0x14,0xed,0x20,0x98,0x00,0x58,0x00,0x38,0xc0,0x30,0x46,0x9d,0xc1,0x4a,0x00,0x19,0x00,0x38,
    0x83,0xc0,0xb7,0xfd,0x53,0xf4,0x01,0xb0,0x00,0x98,0x00,0x70,0x00,0x58,0x42,0x88,0x21,0x70,0x50,0x94,0x9c,0xf7,0x9c,0xf7,
    0x9c,0xf7,0x0f,0x8c,0x62,0x98,0x41,0xb0,0x00,0xb0,0x01,0xd8,0xc4,0xe8,0xd3,0xfc,0xdf,0xff,0xff,0xff,0xde,0xff,0x73,0xfc,
    0x26,0xf1,0x01,0xd8,0x00,0xc8,0x20,0xc0,0xa3,0xc8,0xa8,0xc9,0x46,0xc1,0x01,0xa8,0x00,0x78,0x00,0x58,0x00,0x28,0xe5,0xa8,
    0x84,0xe0,0xa4,0xd0,0x6b,0xea,0x2d,0xeb,0x87,0xe1,0x25,0xb1,0x82,0x60,0xc1,0x40,0xc2,0x62,0x22,0x62,0x03,0x69,0xc9,0xc9,
    0x35,0xfd,0xbb,0xf6,0x46,0xd1,0x00,0xb0,0x20,0x98,0x00,0x78,0x00,0x58,0x20,0x58,0x22,0x98,0x04,0x51,0x1a,0xef,0x9c,0xf7,
    0x9c,0xf7,0x48,0x6a,0x42,0xb0,0x20,0xa0,0x20,0xb8,0x01,0xd8,0x84,0xe8,0x8b,0xfa,0x76,0xfd,0x18,0xfe,0x14,0xfd,0x0d,0xfb,
    0x26,0xf1,0x43,0xe8,0x20,0xd8,0x00,0xd0,0x00,0xb8,0x00,0xa0,0x00,0x90,0x00,0x88,0x00,0x70,0x00,0x38,0x42,0x58,0xc4,0xd8,
    0x00,0xc0,0x21,0xd8,0x63,0xe0,0x42,0xd8,0x01,0xc8,0xe5,0xd8,0x66,0xd9,0xa7,0xd1,0xe5,0xb8,0xa5,0xc0,0x06,0xd9,0x2a,0xe2,
    0xe9,0xd1,0x22,0xc8,0x00,0xb0,0x00,0xa8,0x00,0x90,0x00,0x78,0x00,0x58,0x00,0x48,0x41,0x88,0x21,0x60,0x13,0xad,0x9c,0xf7,
    0x9c,0xf7,0x04,0x61,0x42,0xb8,0x00,0x98,0x20,0xb8,0x00,0xd0,0x22,0xe8,0x67,0xf1,0x8b,0xfa,0x2a,0xf2,0x88,0xf1,0xa4,0xe8,
    0x43,0xe8,0x01,0xe0,0x00,0xd0,0x00,0xc8,0x00,0xb8,0x20,0xa0,0x20,0x90,0x00,0x78,0x00,0x58,0x00,0x28,0x83,0xa0,0x21,0xc0,
    0x21,0xc8,0xa4,0xe8,0x8b,0xf2,0x72,0xfc,0xf0,0xf3,0x09,0xea,0x83,0xd8,0x42,0xd0,0x00,0xc8,0x00,0xc8,0x00,0xc8,0x00,0xc0,
    0x00,0xb8,0x00,0xb8,0x20,0xa8,0x00,0x98,0x00,0x80,0x00,0x68,0x00,0x60,0x00,0x48,0x41,0x70,0x42,0x80,0xeb,0x72,0x9c,0xf7,
    0x9c,0xf7,0x82,0x60,0x41,0xb0,0x00,0x90,0x20,0xb0,0x20,0xc8,0x21,0xe0,0xa4,0xe8,0xe6,0xf0,0xa5,0xe8,0x43,0xe8,0x22,0xe8,
    0x01,0xe0,0x00,0xd0,0x00,0xc8,0x00,0xb8,0x00,0xa8,0x00,0x98,0x00,0x80,0x20,0x70,0x00,0x40,0x20,0x38,0x63,0xc0,0x00,0xb8,
    0x21,0xd8,0xc5,0xe8,0x52,0xfc,0xff,0xff,0xff,0xff,0x9e,0xff,0x35,0xfd,0x4a,0xfa,0x84,0xe8,0x22,0xe0,0x21,0xe0,0x20,0xd0,
    0x20,0xc0,0x00,0xb0,0x00,0xa0,0x00,0x90,0x00,0x78,0x00,0x68,0x00,0x78,0x00,0x50,0x20,0x60,0x83,0x98,0x85,0x51,0x9c,0xf7,
    0x9c,0xf7,0x62,0x58,0x41,0xb0,0x00,0x88,0x20,0xa8,0x00,0xc0,0x20,0xd0,0x22,0xe0,0x42,0xe0,0x22,0xe0,0x21,0xe0,0x21,0xd8,
    0x00,0xd0,0x00,0xc8,0x00,0xb8,0x00,0xa8,0x00,0xa0,0x00,0x88,0x20,0x70,0x00,0x60,0x00,0x28,0x21,0x50,0x42,0xc8,0x00,0xb0,
    0x01,0xd0,0xc4,0xe8,0xaf,0xf3,0x1c,0xff,0xdf,0xff,0x9e,0xff,0xf4,0xfc,0x09,0xf2,0x64,0xe8,0x22,0xe0,0x20,0xd8,0x00,0xc8,
    0x00,0xb8,0x00,0xa8,0x00,0x98,0x00,0x88,0x00,0x78,0x21,0x80,0x64,0x98,0x00,0x60,0x00,0x50,0x63,0x98,0x03,0x49,0x9c,0xf7,
    0x9c,0xf7,0xc3,0x58,0x41,0xb0,0x00,0x80,0x20,0xa0,0x00,0xb8,0x00,0xc8,0x21,0xd0,0x21,0xd8,0x21,0xd8,0x21,0xd0,0x00,0xd0,
    0x00,0xc0,0x00,0xb8,0x00,0xb0,0x00,0xa0,0x00,0x98,0x00,0x78,0x00,0x68,0x21,0x60,0x00,0x20,0x21,0x60,0x21,0xb8,0x00,0xa0,
    0x20,0xd0,0x22,0xd8,0xa8,0xf1,0x92,0xfc,0x96,0xfd,0xf0,0xfb,0xe9,0xf1,0x84,0xe8,0x22,0xe0,0x20,0xd8,0x00,0xd0,0x00,0xc0,
    0x00,0xb0,0x00,0xa8,0x00,0x90,0x00,0x80,0x00,0x70,0xa4,0x90,0xa9,0xb1,0x01,0x68,0x00,0x48,0x43,0x98,0xc3,0x48,0x9c,0xf7,
    0x9c,0xf7,0xa6,0x59,0x42,0xa8,0x20,0x80,0x00,0x88,0x00,0xa8,0x20,0xb8,0x00,0xc0,0x00,0xc8,0x00,0xc8,0x20,0xc8,0x00,0xc0,
    0x00,0xb8,0x00,0xa8,0x00,0xa0,0x00,0x90,0x00,0x80,0x00,0x68,0x62,0x80,0x83,0x70,0x00,0x18,0x21,0x60,0x21,0xb8,0x00,0xa0,
    0x20,0xc0,0x21,0xd0,0x84,0xe8,0x68,0xf1,0xc9,0xf1,0x06,0xf1,0x64,0xe8,0x22,0xe0,0x01,0xd8,0x00,0xd0,0x20,0xc8,0x00,0xb8,
    0x00,0xa8,0x00,0x98,0x00,0x88,0x20,0x78,0x00,0x70,0xe9,0xb1,0x0c,0xc3,0x00,0x60,0x20,0x50,0x43,0x98,0x03,0x49,0x9c,0xf7,
    0x9c,0xf7,0x4c,0x73,0x42,0x98,0x20,0x88,0x00,0x78,0x00,0x98,0x00,0xa8,0x00,0xb8,0x00,0xb8,0x00,0xb8,0x20,0xb8,0x00,0xb0,
    0x00,0xa8,0x00,0x98,0x00,0x90,0x00,0x80,0x20,0x78,0x00,0x60,0xa3,0x88,0x83,0x70,0x00,0x18,0x21,0x50,0x21,0xb8,0x00,0x90,
    0x00,0xb8,0x20,0xc8,0x22,0xd8,0x43,0xe0,0xa5,0xe8,0x43,0xe8,0x21,0xd8,0x00,0xd0,0x00,0xd0,0x00,0xc8,0x00,0xc0,0x00,0xb0,
    0x00,0xa0,0x00,0x90,0x00,0x78,0x00,0x70,0x00,0x70,0xe9,0xb1,0xe9,0xb1,0x00,0x58,0x20,0x58,0x42,0x90,0xa6,0x51,0x9c,0xf7,
    0x9c,0xf7,0x74,0xb5,0x21,0x68,0x42,0xa8,0x00,0x70,0x00,0x88,0x00,0x98,0x00,0xa0,0x00,0xa8,0x00,0xa8,0x20,0xa0,0x00,0x98,
    0x00,0x98,0x00,0x90,0x00,0x80,0x00,0x70,0x00,0x60,0x00,0x58,0x21,0x78,0x00,0x48,0x00,0x20,0x00,0x40,0x21,0xa8,0x00,0x80,
    0x20,0xa8,0x00,0xc0,0x00,0xc8,0x21,0xd8,0x22,0xd8,0x01,0xd8,0x00,0xd0,0x00,0xc8,0x00,0xc0,0x00,0xb8,0x00,0xb0,0x00,0xa0,
    0x00,0x98,0x00,0x88,0x00,0x70,0x00,0x60,0x01,0x78,0xe6,0xa8,0x84,0x90,0x00,0x48,0x21,0x68,0x21,0x80,0xeb,0x6a,0x9c,0xf7,
    0x9c,0xf7,0x5b,0xf7,0x65,0x51,0x43,0xb0,0x20,0x78,0x00,0x70,0x00,0x80,0x00,0x90,0x20,0x98,0x00,0x90,0x00,0x90,0x00,0x90,
    0x00,0x88,0x00,0x78,0x00,0x70,0x00,0x60,0x00,0x50,0x00,0x50,0x00,0x58,0x00,0x38,0x00,0x30,0x00,0x28,0x21,0xa0,0x20,0x88,
    0x20,0x90,0x00,0xb0,0x00,0xc0,0x00,0xc8,0x01,0xc8,0x00,0xc8,0x00,0xc8,0x00,0xc0,0x00,0xb0,0x00,0xa8,0x00,0xa8,0x00,0x98,
    0x00,0x88,0x00,0x78,0x00,0x60,0x00,0x60,0x01,0x78,0x23,0x88,0x21,0x78,0x00,0x40,0x21,0x78,0x01,0x58,0xf2,0xa4,0x9c,0xf7,
    0x9c,0xf7,0x9c,0xf7,0xf2,0xa4,0x21,0x68,0x42,0xa0,0x00,0x60,0x00,0x70,0x00,0x78,0x00,0x80,0x00,0x80,0x00,0x88,0x00,0x78,
    0x00,0x70,0x00,0x68,0x00,0x60,0x00,0x58,0x00,0x48,0x00,0x50,0x00,0x48,0x00,0x40,0x00,0x40,0x00,0x38,0x42,0x78,0x21,0x98,
    0x20,0x78,0x00,0x98,0x00,0xb0,0x00,0xb8,0x00,0xb8,0x00,0xb8,0x00,0xb8,0x00,0xb0,0x00,0xa8,0x00,0xa0,0x00,0x90,0x00,0x88,
    0x00,0x78,0x00,0x70,0x00,0x60,0x00,0x58,0x20,0x70,0x01,0x78,0x00,0x58,0x20,0x48,0x21,0x88,0xc3,0x40,0x1a,0xef,0x9c,0xf7,
    0x9c,0xf7,0x7c,0xf7,0x9c,0xf7,0x28,0x5a,0x22,0x90,0x41,0x90,0x00,0x50,0x00,0x68,0x00,0x68,0x00,0x68,0x00,0x70,0x20,0x68,
    0x00,0x60,0x00,0x58,0x00,0x50,0x20,0x48,0x00,0x48,0x00,0x58,0x00,0x60,0x00,0x40,0x20,0x60,0x00,0x48,0x00,0x30,0x42,0xa8,
    0x00,0x70,0x00,0x80,0x00,0x98,0x00,0xa0,0x00,0xa8,0x00,0xa8,0x00,0xa0,0x00,0xa0,0x00,0x98,0x00,0x90,0x00,0x88,0x00,0x78,
    0x00,0x70,0x00,0x60,0x00,0x50,0x00,0x50,0x20,0x60,0x00,0x60,0x00,0x50,0x41,0x70,0x00,0x70,0x8d,0x7b,0x9c,0xf7,0x9c,0xf7,
    0x9c,0xf7,0x7c,0xf7,0x9c,0xf7,0xd9,0xe6,0xe3,0x40,0x22,0x98,0x41,0x80,0x00,0x50,0x00,0x58,0x00,0x58,0x00,0x50,0x00,0x50,
    0x00,0x50,0x00,0x48,0x00,0x40,0x00,0x48,0x21,0x70,0x42,0x80,0x00,0x50,0x41,0x60,0x01,0x70,0x45,0x41,0xca,0x5a,0x21,0x78,
    0x41,0x90,0x00,0x60,0x00,0x80,0x00,0x88,0x00,0x90,0x00,0x98,0x00,0x90,0x00,0x88,0x20,0x88,0x00,0x80,0x00,0x70,0x00,0x68,
    0x00,0x60,0x00,0x58,0x00,0x48,0x00,0x48,0x00,0x68,0x00,0x70,0x20,0x50,0x21,0x88,0x41,0x38,0xd9,0xde,0x9c,0xf7,0x9c,0xf7,
    0x9c,0xf7,0x9c,0xf7,0x7c,0xf7,0x9c,0xf7,0x57,0xce,0x04,0x49,0x02,0x88,0x41,0x88,0x20,0x58,0x00,0x48,0x00,0x48,0x00,0x48,
    0x00,0x48,0x00,0x50,0x41,0x68,0x66,0x99,0x88,0xa9,0x62,0x70,0x20,0x60,0x00,0x68,0x24,0x41,0x98,0xd6,0x9c,0xf7,0x24,0x41,
    0x22,0x98,0x20,0x80,0x00,0x60,0x00,0x70,0x00,0x78,0x20,0x80,0x00,0x80,0x00,0x78,0x00,0x78,0x00,0x68,0x00,0x60,0x00,0x58,
    0x00,0x50,0x20,0x48,0x00,0x48,0x00,0x68,0x22,0x90,0x20,0x60,0x41,0x78,0x00,0x50,0x90,0x94,0x9c,0xf7,0x7c,0xf7,0x9c,0xf7,
    0x9c,0xf7,0x9c,0xf7,0x9c,0xf7,0x7c,0xf7,0x9c,0xf7,0xb9,0xde,0x28,0x5a,0x21,0x60,0x21,0x88,0x21,0x80,0x20,0x68,0x20,0x68,
    0x21,0x78,0x42,0x80,0x26,0xa1,0xa7,0xa1,0x62,0x78,0x00,0x68,0x00,0x48,0x69,0x5a,0xfa,0xe6,0x9c,0xf7,0x9c,0xf7,0xf6,0xc5,
    0x41,0x38,0x21,0x98,0x21,0x78,0x00,0x58,0x00,0x60,0x00,0x70,0x00,0x70,0x00,0x68,0x00,0x60,0x00,0x58,0x00,0x50,0x00,0x48,
    0x00,0x48,0x00,0x50,0x42,0x78,0x06,0xa9,0x42,0x78,0x40,0x78,0x00,0x58,0xeb,0x62,0x9c,0xf7,0x7c,0xf7,0x9c,0xf7,0x9c,0xf7,
    0x9c,0xf7,0x9c,0xf7,0x9c,0xf7,0x9c,0xf7,0x7c,0xf7,0x9c,0xf7,0x9c,0xf7,0xf2,0xa4,0xa6,0x51,0x01,0x48,0x01,0x68,0x00,0x70,
    0x00,0x70,0x00,0x68,0x00,0x68,0x00,0x50,0x00,0x40,0xe7,0x51,0x53,0xad,0x9c,0xf7,0x9c,0xf7,0x7c,0xf7,0x7c,0xf7,0x9c,0xf7,
    0xb5,0xbd,0x61,0x38,0x22,0x90,0x21,0x80,0x20,0x58,0x00,0x50,0x00,0x50,0x00,0x50,0x00,0x50,0x00,0x50,0x00,0x48,0x00,0x48,
    0x00,0x58,0xc3,0x88,0x49,0xb2,0xe4,0x88,0x00,0x70,0x00,0x50,0xea,0x62,0x7c,0xf7,0x7c,0xf7,0x9c,0xf7,0x9c,0xf7,0x9c,0xf7,
    0x9c,0xf7,0x9c,0xf7,0x9c,0xf7,0x9c,0xf7,0x9c,0xf7,0x9c,0xf7,0x9c,0xf7,0x9c,0xf7,0x9c,0xf7,0x16,0xc6,0x2f,0x8c,0xeb,0x6a,
    0x69,0x62,0x89,0x62,0x0b,0x73,0x50,0x94,0x16,0xc6,0x9c,0xf7,0x9c,0xf7,0x7c,0xf7,0x9c,0xf7,0x9c,0xf7,0x9c,0xf7,0x7c,0xf7,
    0x9c,0xf7,0x16,0xc6,0x85,0x49,0x01,0x68,0x01,0x80,0x21,0x70,0x20,0x60,0x20,0x50,0x00,0x50,0x00,0x50,0x00,0x58,0x00,0x78,
    0x43,0x90,0xc4,0x90,0x41,0x78,0x00,0x60,0x41,0x38,0xee,0x83,0x9c,0xf7,0x9c,0xf7,0x9c,0xf7,0x9c,0xf7,0x9c,0xf7,0x9c,0xf7,
    0x9c,0xf7,0x9c,0xf7,0x9c,0xf7,0x9c,0xf7,0x9c,0xf7,0x9c,0xf7,0x9c,0xf7,0x7c,0xf7,0x9c,0xf7,0x9c,0xf7,0x9c,0xf7,0x9c,0xf7,
    0x9c,0xf7,0x9c,0xf7,0x9c,0xf7,0x9c,0xf7,0x9c,0xf7,0x9c,0xf7,0x7c,0xf7,0x9c,0xf7,0x9c,0xf7,0x9c,0xf7,0x9c,0xf7,0x9c,0xf7,
    0x7c,0xf7,0x9c,0xf7,0x7b,0xf7,0x50,0x8c,0x24,0x49,0x00,0x58,0x01,0x70,0x00,0x78,0x00,0x78,0x00,0x78,0x00,0x78,0x00,0x78,
    0x00,0x68,0x00,0x50,0xa2,0x40,0xeb,0x6a,0x78,0xd6,0x9c,0xf7,0x7c,0xf7,0x9c,0xf7,0x9c,0xf7,0x9c,0xf7,0x9c,0xf7,0x9c,0xf7,
    0x9c,0xf7,0x9c,0xf7,0x9c,0xf7,0x9c,0xf7,0x9c,0xf7,0x9c,0xf7,0x9c,0xf7,0x9c,0xf7,0x9c,0xf7,0x7c,0xf7,0x7b,0xf7,0x7b,0xf7,
    0x7c,0xf7,0x7c,0xf7,0x7b,0xf7,0x7b,0xf7,0x7c,0xf7,0x9c,0xf7,0x9c,0xf7,0x9c,0xf7,0x9c,0xf7,0x9c,0xf7,0x9c,0xf7,0x9c,0xf7,
    0x9c,0xf7,0x7c,0xf7,0x9c,0xf7,0x9c,0xf7,0x3a,0xef,0x33,0xad,0x2b,0x73,0xc6,0x51,0xe3,0x40,0x82,0x40,0xa2,0x40,0x45,0x49,
    0xa9,0x62,0x91,0x94,0xb9,0xde,0x9c,0xf7,0x9c,0xf7,0x7c,0xf7,0x9c,0xf7,0x9c,0xf7,0x9c,0xf7,0x9c,0xf7,0x9c,0xf7,0x9c,0xf7,
    0x9c,0xf7,0x9c,0xf7,0x9c,0xf7,0x9c,0xf7,0x9c,0xf7,0x9c,0xf7,0x9c,0xf7,0x9c,0xf7,0x9c,0xf7,0x9c,0xf7,0x9c,0xf7,0x9c,0xf7,
    0x9c,0xf7,0x9c,0xf7,0x9c,0xf7,0x9c,0xf7,0x9c,0xf7,0x9c,0xf7,0x9c,0xf7,0x9c,0xf7,0x9c,0xf7,0x9c,0xf7,0x9c,0xf7,0x9c,0xf7,
    0x9c,0xf7,0x9c,0xf7,0x9c,0xf7,0x9c,0xf7,0x9c,0xf7,0x9c,0xf7,0x9c,0xf7,0x9c,0xf7,0x9c,0xf7,0x9c,0xf7,0x9c,0xf7,0x9c,0xf7,
    0x9c,0xf7,0x9c,0xf7,0x9c,0xf7,0x9c,0xf7,0x9c,0xf7,0x9c,0xf7,0x9c,0xf7,0x9c,0xf7,0x9c,0xf7,0x9c,0xf7,0x9c,0xf7,0x9c,0xf7,
    0x9c,0xf7,0x9c,0xf7,0x9c,0xf7,0x9c,0xf7,0x9c,0xf7,0x9c,0xf7,0x9c,0xf7,0x9c,0xf7,0x9c,0xf7,0x9c,0xf7,0x9c,0xf7,0x9c,0xf7,
    0x9c,0xf7,0x9c,0xf7,0x9c,0xf7,0x9c,0xf7,0x9c,0xf7,0x9c,0xf7,0x9c,0xf7,0x9c,0xf7,0x9c,0xf7,0x9c,0xf7,0x9c,0xf7,0x9c,0xf7,
    0x9c,0xf7,0x9c,0xf7,0x9c,0xf7,0x9c,0xf7,0x9c,0xf7,0x9c,0xf7,0x9c,0xf7,0x9c,0xf7,0x9c,0xf7,0x9c,0xf7,0x9c,0xf7,0x9c,0xf7,
    0x9c,0xf7,0x9c,0xf7,0x9c,0xf7,0x9c,0xf7,0x9c,0xf7,0x9c,0xf7,0x9c,0xf7,0x9c,0xf7,0x9c,0xf7,0x9c,0xf7,0x9c,0xf7,0x9c,0xf7,
    0x9c,0xf7,0x9c,0xf7,0x9c,0xf7,0x9c,0xf7,0x9c,0xf7,0x9c,0xf7,0x9c,0xf7,0x9c,0xf7,0x9c,0xf7,0x9c,0xf7,0x9c,0xf7,0x9c,0xf7,
    0x9c,0xf7,0x9c,0xf7,0x9c,0xf7,0x9c,0xf7,0x9c,0xf7,0x9c,0xf7,0x9c,0xf7,0x9c,0xf7,0x9c,0xf7,0x9c,0xf7,0x9c,0xf7,0x9c,0xf7,
    0x9c,0xf7,0x9c,0xf7,0x9c,0xf7,0x9c,0xf7,0x9c,0xf7,0x9c,0xf7,0x9c,0xf7,0x9c,0xf7,0x9c,0xf7,0x9c,0xf7,0x9c,0xf7,0x9c,0xf7,
    0x9c,0xf7,0x9c,0xf7,0x9c,0xf7,0x9c,0xf7,0x9c,0xf7,0x9c,0xf7,0x9c,0xf7,0x9c,0xf7,0x9c,0xf7,0x9c,0xf7,0x9c,0xf7,0x9c,0xf7,
    0x9c,0xf7,0x9c,0xf7,0x9c,0xf7,0x9c,0xf7,0x9c,0xf7,0x9c,0xf7,0x9c,0xf7,0x9c,0xf7,0x9c,0xf7,0x9c,0xf7,0x9c,0xf7,0x9c,0xf7,
    0x9c,0xf7,0x9c,0xf7,0x9c,0xf7,0x9c,0xf7,0x9c,0xf7,0x9c,0xf7,0x9c,0xf7,0x9c,0xf7,0x9c,0xf7,0x9c,0xf7,0x9c,0xf7,0x9c,0xf7,
    0x9c,0xf7,0x9c,0xf7,0x9c,0xf7,0x9c,0xf7,0x9c,0xf7,0x9c,0xf7,0x9c,0xf7,0x9c,0xf7,0x9c,0xf7,0x9c,0xf7,0x9c,0xf7,0x9c,0xf7,
    0x9c,0xf7,0x9c,0xf7,0x9c,0xf7,0x9c,0xf7,0x9c,0xf7,0x9c,0xf7,0x9c,0xf7,0x9c,0xf7,0x9c,0xf7,0x9c,0xf7,0x9c,0xf7,0x9c,0xf7,
    0x9c,0xf7,0x9c,0xf7,0x9c,0xf7,0x9c,0xf7,0x9c,0xf7,0x9c,0xf7,0x9c,0xf7,0x9c,0xf7,0x9c,0xf7,0x9c,0xf7,0x9c,0xf7,0x9c,0xf7,
    0x9c,0xf7,0x9c,0xf7,0x9c,0xf7,0x9c,0xf7,0x9c,0xf7,0x9c,0xf7,0x9c,0xf7,0x9c,0xf7,0x9c,0xf7,0x9c,0xf7,0x9c,0xf7,0x9c,0xf7,
    0x9c,0xf7,0x9c,0xf7,0x9c,0xf7,0x9c,0xf7,0x9c,0xf7,0x9c,0xf7,0x9c,0xf7,0x9c,0xf7,0x9c,0xf7,0x9c,0xf7,0x9c,0xf7,0x9c,0xf7,
    0x9c,0xf7,0x9c,0xf7,0x9c,0xf7,0x9c,0xf7,0x9c,0xf7,0x9c,0xf7,0x9c,0xf7,0x9c,0xf7,0x9c,0xf7,0x9c,0xf7,0x9c,0xf7,0x9c,0xf7,
    0x9c,0xf7,0x9c,0xf7,0x9c,0xf7,0x9c,0xf7,0x9c,0xf7,0x9c,0xf7,0x9c,0xf7,0x9c,0xf7,0x9c,0xf7,0x9c,0xf7,0x9c,0xf7,0x9c,0xf7,
    0x9c,0xf7,0x9c,0xf7,0x9c,0xf7,0x9c,0xf7,0x9c,0xf7,0x9c,0xf7,0x9c,0xf7,0x9c,0xf7,0x9c,0xf7,0x9c,0xf7,0x9c,0xf7,0x9c,0xf7,
    0x9c,0xf7,0x9c,0xf7,0x9c,0xf7,0x9c,0xf7,0x9c,0xf7,0x9c,0xf7,0x9c,0xf7,0x9c,0xf7,0x9c,0xf7,0x9c,0xf7,0x9c,0xf7,0x9c,0xf7,
    0x9c,0xf7,0x9c,0xf7,0x9c,0xf7,0x9c,0xf7,0x9c,0xf7,0x9c,0xf7,0x9c,0xf7,0x9c,0xf7,0x9c,0xf7,0x9c,0xf7,0x9c,0xf7,0x9c,0xf7,
    0x9c,0xf7,0x9c,0xf7,0x9c,0xf7,0x9c,0xf7,0x9c,0xf7,0x9c,0xf7,0x9c,0xf7,0x9c,0xf7,0x9c,0xf7,0x9c,0xf7,0x9c,0xf7,0x9c,0xf7,
    0x9c,0xf7,0x9c,0xf7,0x9c,0xf7,0x9c,0xf7,0x9c,0xf7,0x9c,0xf7,0x9c,0xf7,0x9c,0xf7,0x9c,0xf7,0x9c,0xf7,0x9c,0xf7,0x9c,0xf7,
    0x9c,0xf7,0x9c,0xf7,0x9c,0xf7,0x9c,0xf7,0x9c,0xf7,0x9c,0xf7,0x9c,0xf7,0x9c,0xf7,0x9c,0xf7,0x9c,0xf7,0x9c,0xf7,0x9c,0xf7,
    0x9c,0xf7,0x9c,0xf7,0x9c,0xf7,0x9c,0xf7,0x9c,0xf7,0x9c,0xf7,0x9c,0xf7,0x9c,0xf7,0x9c,0xf7,0x9c,0xf7,0x9c,0xf7,0x9c,0xf7,
    0x9c,0xf7,0x9c,0xf7,0x9c,0xf7,0x9c,0xf7,0x9c,0xf7,0x9c,0xf7,0x9c,0xf7,0x9c,0xf7,0x9c,0xf7,0x9c,0xf7,0x9c,0xf7,0x9c,0xf7,
    0x9c,0xf7,0x9c,0xf7,0x9c,0xf7,0x9c,0xf7,0x9c,0xf7,0x9c,0xf7,0x9c,0xf7,0x9c,0xf7,0x9c,0xf7,0x9c,0xf7,0x9c,0xf7,0x9c,0xf7,
    0x9c,0xf7,0x9c,0xf7,0x9c,0xf7,0x9c,0xf7,0x9c,0xf7,0x9c,0xf7,0x9c,0xf7,0x9c,0xf7,0x9c,0xf7,0x9c,0xf7,0x9c,0xf7,0x9c,0xf7,
    0x9c,0xf7,0x9c,0xf7,0x9c,0xf7,0x9c,0xf7,0x9c,0xf7,0x9c,0xf7,0x9c,0xf7,0x9c,0xf7,0x9c,0xf7,0x9c,0xf7,0x9c,0xf7,0x9c,0xf7,
    0x9c,0xf7,0x9c,0xf7,0x9c,0xf7,0x9c,0xf7,0x9c,0xf7,0x9c,0xf7,0x9c,0xf7,0x9c,0xf7,0x9c,0xf7,0x9c,0xf7,0x9c,0xf7,0x9c,0xf7,
    0x9c,0xf7,0x9c,0xf7,0x9c,0xf7,0x9c,0xf7,0x9c,0xf7,0x9c,0xf7,0x9c,0xf7,0x9c,0xf7,0x9c,0xf7,0x9c,0xf7,0x9c,0xf7,0x9c,0xf7,
    0x9c,0xf7,0x9c,0xf7,0x9c,0xf7,0x9c,0xf7,0x9c,0xf7,0x9c,0xf7,0x9c,0xf7,0x9c,0xf7,0x9c,0xf7,0x9c,0xf7,0x9c,0xf7,0x9c,0xf7,
    0x9c,0xf7,0x9c,0xf7,0x9c,0xf7,0x9c,0xf7,0x9c,0xf7,0x9c,0xf7,0x9c,0xf7,0x9c,0xf7,0x9c,0xf7,0x9c,0xf7,0x9c,0xf7,0x9c,0xf7,
};

static const uint8_t slot_lemon_pixels[6144] __attribute__((aligned(4))) = {
    0x9c,0xf7,0x9c,0xf7,0x9c,0xf7,0x9c,0xf7,0x9c,0xf7,0x9c,0xf7,0x9c,0xf7,0x9c,0xf7,0x9c,0xf7,0x9c,0xf7,0x9c,0xf7,0x9c,0xf7,
    0x9c,0xf7,0x9c,0xf7,0x9c,0xf7,0x9c,0xf7,0x9c,0xf7,0x9c,0xf7,0x9c,0xf7,0x9c,0xf7,0x9c,0xf7,0x9c,0xf7,0x9c,0xf7,0x9c,0xf7,
    0x9c,0xf7,0x9c,0xf7,0x9c,0xf7,0x9c,0xf7,0x9c,0xf7,0x9c,0xf7,0x9c,0xf7,0x9c,0xf7,0x9c,0xf7,0x9c,0xf7,0x9c,0xf7,0x9c,0xf7,
    0x9c,0xf7,0x9c,0xf7,0x9c,0xf7,0x9c,0xf7,0x9c,0xf7,0x9c,0xf7,0x9c,0xf7,0x9c,0xf7,0x9c,0xf7,0x9c,0xf7,0x9c,0xf7,0x9c,0xf7,
    0x9c,0xf7,0x9c,0xf7,0x9c,0xf7,0x9c,0xf7,0x9c,0xf7,0x9c,0xf7,0x9c,0xf7,0x9c,0xf7,0x9c,0xf7,0x9c,0xf7,0x9c,0xf7,0x9c,0xf7,
    0x9c,0xf7,0x9c,0xf7,0x9c,0xf7,0x9c,0xf7,0x9c,0xf7,0x9c,0xf7,0x9c,0xf7,0x9c,0xf7,0x9c,0xf7,0x9c,0xf7,0x9c,0xf7,0x9c,0xf7,
    0x9c,0xf7,0x9c,0xf7,0x9c,0xf7,0x9c,0xf7,0x9c,0xf7,0x9c,0xf7,0x9c,0xf7,0x9c,0xf7,0x9c,0xf7,0x9c,0xf7,0x9c,0xf7,0x9c,0xf7,
    0x9c,0xf7,0x9c,0xf7,0x9c,0xf7,0x9c,0xf7,0x9c,0xf7,0x9c,0xf7,0x9c,0xf7,0x9c,0xf7,0x9c,0xf7,0x9c,0xf7,0x9c,0xf7,0x9c,0xf7,
    0x9c,0xf7,0x9c,0xf7,0x9c,0xf7,0x9c,0xf7,0x9c,0xf7,0x9c,0xf7,0x9c,0xf7,0x9c,0xf7,0x9c,0xf7,0x9c,0xf7,0x9c,0xf7,0x9c,0xf7,
    0x9c,0xf7,0x9c,0xf7,0x9c,0xf7,0x9c,0xf7,0x9c,0xf7,0x9c,0xf7,0x9c,0xf7,0x9c,0xf7,0x9c,0xf7,0x9c,0xf7,0x9c,0xf7,0x9c,0xf7,
    0x9c,0xf7,0x9c,0xf7,0x9c,0xf7,0x9c,0xf7,0x9c,0xf7,0x9c,0xf7,0x9c,0xf7,0x9c,0xf7,0x9c,0xf7,0x9c,0xf7,0x9c,0xf7,0x9c,0xf7,
    0x9c,0xf7,0x9c,0xf7,0x9c,0xf7,0x9c,0xf7,0x9c,0xf7,0x9c,0xf7,0x9c,0xf7,0x9c,0xf7,0x9c,0xf7,0x9c,0xf7,0x9c,0xf7,0x9c,0xf7,
    0x9c,0xf7,0x9c,0xf7,0x9c,0xf7,0x9c,0xf7,0x9c,0xf7,0x9c,0xf7,0x9c,0xf7,0x9c,0xf7,0x9c,0xf7,0x9c,0xf7,0x9c,0xf7,0x9c,0xf7,
    0x9c,0xf7,0x9c,0xf7,0x9c,0xf7,0x9c,0xf7,0x9c,0xf7,0x9c,0xf7,0x9c,0xf7,0x9c,0xf7,0x9c,0xf7,0x9c,0xf7,0x9c,0xf7,0x9c,0xf7,
    0x9c,0xf7,0x9c,0xf7,0x9c,0xf7,0x9c,0xf7,0x9c,0xf7,0x9c,0xf7,0x9c,0xf7,0x9c,0xf7,0x9c,0xf7,0x9c,0xf7,0x9c,0xf7,0x9c,0xf7,
    0x9c,0xf7,0x9c,0xf7,0x9c,0xf7,0x9c,0xf7,0x9c,0xf7,0x9c,0xf7,0x9c,0xf7,0x9c,0xf7,0x9c,0xf7,0x9c,0xf7,0x9c,0xf7,0x9c,0xf7,
    0x9c,0xf7,0x9c,0xf7,0x9c,0xf7,0x9c,0xf7,0x9c,0xf7,0x9c,0xf7,0x9c,0xf7,0x9c,0xf7,0x9c,0xf7,0x9c,0xf7,0x9c,0xf7,0x9c,0xf7,
    0x9c,0xf7,0x9c,0xf7,0x9c,0xf7,0x9c,0xf7,0x9c,0xf7,0x9c,0xf7,0x9c,0xf7,0x9c,0xf7,0x9c,0xf7,0x9c,0xf7,0x9c,0xf7,0x9c,0xf7,
    0x9c,0xf7,0x9c,0xf7,0x9c,0xf7,0x9c,0xf7,0x9c,0xf7,0x9c,0xf7,0x9c,0xf7,0x9c,0xf7,0x9c,0xf7,0x9c,0xf7,0x9c,0xf7,0x9c,0xf7,
    0x9c,0xf7,0x9c,0xf7,0x9c,0xf7,0x9c,0xf7,0x9c,0xf7,0x9c,0xf7,0x9c,0xf7,0x9c,0xf7,0x9c,0xf7,0x9c,0xf7,0x9c,0xf7,0x9c,0xf7,
    0x9c,0xf7,0x9c,0xf7,0x9c,0xf7,0x9c,0xf7,0x9c,0xf7,0x9c,0xf7,0x9c,0xf7,0x9c,0xf7,0x9c,0xf7,0x9c,0xf7,0x9c,0xf7,0x9c,0xf7,
    0x9c,0xf7,0x9c,0xf7,0x9c,0xf7,0x9c,0xf7,0x9c,0xf7,0x9c,0xf7,0x9c,0xf7,0x9c,0xf7,0x9c,0xf7,0x9c,0xf7,0x9c,0xf7,0x9c,0xf7,
    0x9c,0xf7,0x9c,0xf7,0x9c,0xf7,0x9c,0xf7,0x9c,0xf7,0x9c,0xf7,0x9c,0xf7,0x9c,0xf7,0x9c,0xf7,0x9c,0xf7,0x9c,0xf7,0x9c,0xf7,
    0x9c,0xf7,0x9c,0xf7,0x9c,0xf7,0x9c,0xf7,0x9c,0xf7,0x9c,0xf7,0x9c,0xf7,0x9c,0xf7,0x9c,0xf7,0x9c,0xf7,0x9c,0xf7,0x9c,0xf7,
    0x9c,0xf7,0x9c,0xf7,0x9c,0xf7,0x9c,0xf7,0x9c,0xf7,0x9c,0xf7,0x9c,0xf7,0x9c,0xf7,0x9c,0xf7,0x9c,0xf7,0x9c,0xf7,0x9c,0xf7,
    0x9c,0xf7,0x9c,0xf7,0x9c,0xf7,0x9c,0xf7,0x9c,0xf7,0x9c,0xf7,0x9c,0xf7,0x9c,0xf7,0x9c,0xf7,0x9c,0xf7,0x9c,0xf7,0x9c,0xf7,
    0x9c,0xf7,0x9c,0xf7,0x9c,0xf7,0x9c,0xf7,0x9c,0xf7,0x9c,0xf7,0x9c,0xf7,0x9c,0xf7,0x9c,0xf7,0x9c,0xf7,0x9c,0xf7,0x9c,0xf7,
    0x9c,0xf7,0x9c,0xf7,0x9c,0xf7,0x9c,0xf7,0x9c,0xf7,0x9c,0xf7,0x9c,0xf7,0x9c,0xf7,0x9c,0xf7,0x9c,0xf7,0x9c,0xf7,0x9c,0xf7,
    0x9c,0xf7,0x9c,0xf7,0x9c,0xf7,0x9c,0xf7,0x9c,0xf7,0x9c,0xf7,0x9c,0xf7,0x9c,0xf7,0x9c,0xf7,0x9c,0xf7,0x9c,0xf7,0x9c,0xf7,
    0x9c,0xf7,0x9c,0xf7,0x9c,0xf7,0x9c,0xf7,0x9c,0xf7,0x9c,0xf7,0x9c,0xf7,0x9c,0xf7,0x9c,0xf7,0x9c,0xf7,0x9c,0xf7,0x9c,0xf7,
    0x9c,0xf7,0x9c,0xf7,0x9c,0xf7,0x9c,0xf7,0x9c,0xf7,0x9c,0xf7,0x9c,0xf7,0x9c,0xf7,0x9c,0xf7,0x9c,0xf7,0x9c,0xf7,0x9c,0xf7,
    0x9c,0xf7,0x9c,0xf7,0x9c,0xf7,0x9c,0xf7,0x9c,0xf7,0x9c,0xf7,0x9c,0xf7,0x9c,0xf7,0x9c,0xf7,0x9c,0xf7,0x9c,0xf7,0x9c,0xf7,
    0x9c,0xf7,0x9c,0xf7,0x9c,0xf7,0x9c,0xf7,0x9c,0xf7,0x9c,0xf7,0x9c,0xf7,0x9c,0xf7,0x9c,0xf7,0x9c,0xf7,0x9c,0xf7,0x9c,0xf7,
    0x9c,0xf7,0x9c,0xf7,0x9c,0xf7,0x9c,0xf7,0x9c,0xf7,0x9c,0xf7,0x9c,0xf7,0x9c,0xf7,0x9c,0xf7,0x9c,0xf7,0x9c,0xf7,0x9c,0xf7,
    0x9c,0xf7,0x9c,0xf7,0x9c,0xf7,0x9c,0xf7,0x9c,0xf7,0x9c,0xf7,0x9c,0xf7,0x9c,0xf7,0x9c,0xf7,0x9c,0xf7,0x9c,0xf7,0x9c,0xf7,
    0x9c,0xf7,0x9c,0xf7,0x9c,0xf7,0x9c,0xf7,0x9c,0xf7,0x9c,0xf7,0x9c,0xf7,0x9c,0xf7,0x9c,0xf7,0x9c,0xf7,0x9c,0xf7,0x9c,0xf7,
    0x9c,0xf7,0x9c,0xf7,0x9c,0xf7,0x9c,0xf7,0x9c,0xf7,0x9c,0xf7,0x9c,0xf7,0x9c,0xf7,0x9c,0xf7,0x9c,0xf7,0x9c,0xf7,0x9c,0xf7,
    0x9c,0xf7,0x9c,0xf7,0x9c,0xf7,0x9c,0xf7,0x9c,0xf7,0x9c,0xf7,0x9c,0xf7,0x9c,0xf7,0x9c,0xf7,0x9c,0xf7,0x9c,0xf7,0x9c,0xf7,
    0x9c,0xf7,0x9c,0xf7,0x9c,0xf7,0x9c,0xf7,0x9c,0xf7,0x9c,0xf7,0x9c,0xf7,0x9c,0xf7,0x9c,0xf7,0x9c,0xf7,0x9c,0xf7,0x9c,0xf7,
    0x9c,0xf7,0x9c,0xf7,0x9c,0xf7,0x9c,0xf7,0x9c,0xf7,0x9c,0xf7,0x9c,0xf7,0x9c,0xf7,0x9c,0xf7,0x9c,0xf7,0x9c,0xf7,0x9c,0xf7,
    0x9c,0xf7,0x9c,0xf7,0x9c,0xf7,0x9c,0xf7,0x9c,0xf7,0x9c,0xf7,0x9c,0xf7,0x9c,0xf7,0x9c,0xf7,0x9c,0xf7,0x9c,0xf7,0x9c,0xf7,
    0x9c,0xf7,0x9c,0xf7,0x9c,0xf7,0x9c,0xf7,0x9c,0xf7,0x9c,0xf7,0x9c,0xf7,0x9c,0xf7,0x9c,0xf7,0x9c,0xf7,0x9c,0xf7,0x9c,0xf7,
    0x9c,0xf7,0x9c,0xf7,0x9c,0xf7,0x9c,0xf7,0x9c,0xf7,0x9c,0xf7,0x9c,0xf7,0x9c,0xf7,0x9c,0xf7,0x9c,0xf7,0x9c,0xf7,0x9c,0xf7,
    0x9c,0xf7,0x9c,0xf7,0x9c,0xf7,0x9c,0xf7,0x9c,0xf7,0x9c,0xf7,0x9c,0xf7,0x9c,0xf7,0x9c,0xf7,0x9c,0xf7,0x9c,0xf7,0x9c,0xf7,
    0x9c,0xf7,0x9c,0xf7,0x9c,0xf7,0x9c,0xf7,0x9c,0xf7,0x9c,0xf7,0x9c,0xf7,0x9c,0xf7,0x9c,0xf7,0x9c,0xf7,0x9c,0xf7,0x9c,0xf7,
    0x9c,0xf7,0x9c,0xf7,0x9c,0xf7,0x9c,0xf7,0x9c,0xf7,0x9c,0xf7,0x9c,0xf7,0x9c,0xf7,0x9c,0xf7,0x9c,0xf7,0x9c,0xf7,0x9c,0xf7,
    0x9c,0xf7,0x9c,0xf7,0x7c,0xf7,0x9c,0xf7,0x9c,0xf7,0x9c,0xf7,0x9c,0xf7,0x7c,0xf7,0x9c,0xf7,0x0e,0x8c,0x23,0x52,0x4a,0x73,
    0x5b,0xef,0x9c,0xf7,0x9c,0xf7,0x9c,0xf7,0x9c,0xf7,0x9c,0xf7,0x9c,0xf7,0x9c,0xf7,0x9c,0xf7,0x9c,0xf7,0x9c,0xf7,0x9c,0xf7,
    0x9c,0xf7,0x9c,0xf7,0x9c,0xf7,0x9c,0xf7,0x9c,0xf7,0x9c,0xf7,0x9c,0xf7,0x9c,0xf7,0x9c,0xf7,0x9c,0xf7,0x9c,0xf7,0x9c,0xf7,
    0x9c,0xf7,0x9c,0xf7,0x9c,0xf7,0x9c,0xf7,0x9c,0xf7,0x9c,0xf7,0x9c,0xf7,0x9c,0xf7,0x9c,0xf7,0x9c,0xf7,0x7c,0xf7,0x7b,0xf7,
    0x9c,0xf7,0x9c,0xf7,0x9c,0xf7,0x9c,0xf7,0x9c,0xf7,0x7b,0xf7,0x9c,0xf7,0x9c,0xf7,0xcd,0x83,0x42,0x63,0x22,0x8b,0x40,0x49,
    0xf1,0xa4,0x9c,0xf7,0x7b,0xf7,0x9c,0xf7,0x9c,0xf7,0x9c,0xf7,0x9c,0xf7,0x9c,0xf7,0x9c,0xf7,0x9c,0xf7,0x9c,0xf7,0x9c,0xf7,
    0x9c,0xf7,0x9c,0xf7,0x9c,0xf7,0x9c,0xf7,0x9c,0xf7,0x9c,0xf7,0x9c,0xf7,0x9c,0xf7,0x9c,0xf7,0x9c,0xf7,0x9c,0xf7,0x9c,0xf7,
    0x9c,0xf7,0x9c,0xf7,0x9c,0xf7,0x9c,0xf7,0x9c,0xf7,0x9c,0xf7,0x7c,0xf7,0x7c,0xf7,0x7b,0xf7,0x9c,0xf7,0x9c,0xf7,0x9c,0xf7,
    0x9c,0xf7,0x3a,0xef,0xb9,0xde,0xfa,0xe6,0x9c,0xf7,0x9c,0xf7,0x7b,0xf7,0x2a,0x6b,0x46,0x84,0x27,0x8d,0xc1,0x39,0x00,0x39,
    0x2f,0x8c,0x9c,0xf7,0x7b,0xf7,0x9c,0xf7,0x9c,0xf7,0x9c,0xf7,0x9c,0xf7,0x9c,0xf7,0x9c,0xf7,0x9c,0xf7,0x9c,0xf7,0x9c,0xf7,
    0x9c,0xf7,0x9c,0xf7,0x9c,0xf7,0x9c,0xf7,0x9c,0xf7,0x9c,0xf7,0x9c,0xf7,0x9c,0xf7,0x9c,0xf7,0x9c,0xf7,0x9c,0xf7,0x9c,0xf7,
    0x9c,0xf7,0x9c,0xf7,0x9c,0xf7,0x7c,0xf7,0x7b,0xf7,0x9c,0xf7,0x9c,0xf7,0x9c,0xf7,0x9c,0xf7,0x9c,0xf7,0x37,0xce,0xee,0x8b,
    0x26,0x7b,0x43,0x83,0x61,0x8b,0x42,0x83,0xc5,0x6a,0xee,0x83,0xe7,0x5a,0xa7,0x8c,0x86,0x7c,0xa0,0x21,0x21,0x21,0x4b,0x73,
    0x3b,0xef,0x9c,0xf7,0x7b,0xf7,0x7b,0xf7,0x9c,0xf7,0x9c,0xf7,0x9c,0xf7,0x9c,0xf7,0x9c,0xf7,0x9c,0xf7,0x9c,0xf7,0x9c,0xf7,
    0x9c,0xf7,0x9c,0xf7,0x9c,0xf7,0x9c,0xf7,0x9c,0xf7,0x9c,0xf7,0x9c,0xf7,0x9c,0xf7,0x9c,0xf7,0x9c,0xf7,0x9c,0xf7,0x9c,0xf7,
    0x9c,0xf7,0x7c,0xf7,0x7c,0xf7,0x9c,0xf7,0x9c,0xf7,0x9c,0xf7,0xb9,0xde,0x53,0xb5,0x0e,0x94,0x26,0x7b,0x62,0x8b,0x43,0xcd,
    0x85,0xf6,0x25,0xff,0x47,0xff,0x05,0xff,0x00,0xfe,0xe0,0xb3,0xe1,0x62,0xe4,0x63,0x40,0x21,0xe0,0x29,0xc3,0x29,0x37,0xce,
    0xfa,0xe6,0x5b,0xf7,0x9c,0xf7,0x9c,0xf7,0x9c,0xf7,0x7c,0xf7,0x9c,0xf7,0x9c,0xf7,0x9c,0xf7,0x9c,0xf7,0x9c,0xf7,0x9c,0xf7,
    0x9c,0xf7,0x9c,0xf7,0x9c,0xf7,0x9c,0xf7,0x9c,0xf7,0x9c,0xf7,0x9c,0xf7,0x9c,0xf7,0x9c,0xf7,0x9c,0xf7,0x9c,0xf7,0x9c,0xf7,
    0x7c,0xf7,0x9c,0xf7,0x9c,0xf7,0x98,0xd6,0x2f,0x94,0x06,0x7b,0x42,0x8b,0x41,0xac,0x41,0xd5,0x20,0xf6,0xc2,0xfe,0x02,0xff,
    0xe3,0xfe,0x29,0xff,0x4e,0xff,0x08,0xff,0xc1,0xfe,0xa1,0xfe,0x60,0xd4,0x60,0x39,0x22,0x29,0xa1,0x29,0xc0,0x42,0xa0,0x19,
    0xa3,0x3a,0xe5,0x4a,0x49,0x63,0xb0,0x94,0xb9,0xde,0x9c,0xf7,0x9c,0xf7,0x9c,0xf7,0x9c,0xf7,0x9c,0xf7,0x9c,0xf7,0x9c,0xf7,
    0x9c,0xf7,0x9c,0xf7,0x9c,0xf7,0x9c,0xf7,0x9c,0xf7,0x9c,0xf7,0x9c,0xf7,0x9c,0xf7,0x9c,0xf7,0x9c,0xf7,0x7c,0xf7,0x9c,0xf7,
    0x9c,0xf7,0x37,0xce,0x6a,0x83,0x02,0x7b,0x03,0xc5,0x83,0xf6,0x03,0xff,0x42,0xff,0x01,0xff,0xa1,0xfe,0x60,0xfe,0x40,0xfe,
    0x60,0xfe,0x61,0xfe,0xa2,0xfe,0xe5,0xfe,0xa1,0xfe,0x00,0xf6,0x60,0xf5,0xe0,0xa2,0xc6,0x41,0x05,0x3a,0x20,0x22,0xe1,0x42,
    0x00,0x23,0xe2,0x4b,0x23,0x5c,0x40,0x43,0xa2,0x3a,0x4e,0x8c,0x7b,0xf7,0x9c,0xf7,0x7c,0xf7,0x9c,0xf7,0x9c,0xf7,0x9c,0xf7,
    0x9c,0xf7,0x9c,0xf7,0x9c,0xf7,0x9c,0xf7,0x9c,0xf7,0x9c,0xf7,0x9c,0xf7,0x9c,0xf7,0x9c,0xf7,0x7c,0xf7,0x9c,0xf7,0x1a,0xef,
    0xac,0x83,0x01,0x83,0xc3,0xdd,0x25,0xff,0x64,0xff,0x03,0xff,0xc2,0xfe,0xe2,0xfe,0xe4,0xfe,0xe2,0xfe,0xe2,0xfe,0xa0,0xfe,
    0x80,0xfe,0x60,0xfe,0x00,0xfe,0x40,0xfe,0x00,0xfe,0xc0,0xf5,0xe0,0xe4,0xa0,0xcb,0xc0,0x61,0xc0,0x10,0xe0,0x19,0xc0,0x11,
    0x01,0x4b,0xe3,0x4b,0x28,0x85,0x43,0x64,0x00,0x4c,0x01,0x3b,0xc7,0x52,0xd9,0xe6,0x9c,0xf7,0x7c,0xf7,0x9c,0xf7,0x9c,0xf7,
    0x9c,0xf7,0x9c,0xf7,0x9c,0xf7,0x9c,0xf7,0x9c,0xf7,0x9c,0xf7,0x9c,0xf7,0x9c,0xf7,0x7c,0xf7,0x9c,0xf7,0xb5,0xbd,0xa4,0x72,
    0x44,0xcd,0x46,0xff,0x46,0xff,0xe4,0xfe,0xe3,0xfe,0x04,0xff,0x04,0xff,0x05,0xff,0x05,0xff,0xe3,0xfe,0xe2,0xfe,0xe3,0xfe,
    0xc1,0xfe,0x80,0xfe,0x60,0xfe,0x00,0xfe,0x80,0xf5,0x20,0xed,0x60,0xdc,0x40,0xbb,0x40,0x82,0xa0,0x18,0xa0,0x22,0xe0,0x01,
    0x40,0x1a,0x41,0x53,0xe8,0x7c,0x4f,0xbe,0xe4,0x84,0xc1,0x4b,0x81,0x43,0x85,0x4a,0xf9,0xe6,0x9c,0xf7,0x7c,0xf7,0x9c,0xf7,
    0x9c,0xf7,0x9c,0xf7,0x9c,0xf7,0x9c,0xf7,0x9c,0xf7,0x9c,0xf7,0x9c,0xf7,0x7c,0xf7,0x9c,0xf7,0x4f,0x94,0x01,0x83,0xa6,0xf6,
    0x47,0xff,0xe3,0xfe,0xe3,0xfe,0x03,0xff,0x26,0xff,0x48,0xff,0x4a,0xff,0x4a,0xff,0x26,0xff,0x26,0xff,0x04,0xff,0xe2,0xfe,
    0xc1,0xfe,0x81,0xfe,0x80,0xfe,0x20,0xfe,0xa0,0xf5,0x00,0xed,0x00,0xcc,0xe0,0xa2,0xc0,0xa2,0x00,0x29,0x20,0x1a,0x80,0x1a,
    0xe0,0x22,0x00,0x1a,0xa1,0x5b,0x08,0x85,0xc7,0x84,0x21,0x54,0x61,0x33,0xe0,0x32,0xa8,0x52,0x9c,0xf7,0x7c,0xf7,0x9c,0xf7,
    0x9c,0xf7,0x9c,0xf7,0x9c,0xf7,0x9c,0xf7,0x9c,0xf7,0x9c,0xf7,0x7b,0xf7,0x9c,0xf7,0xad,0x83,0x01,0xa4,0x68,0xff,0x07,0xff,
    0xc3,0xfe,0x26,0xff,0x25,0xff,0x28,0xff,0x6c,0xff,0x6e,0xff,0x6e,0xff,0x8f,0xff,0x28,0xff,0x07,0xff,0xe4,0xfe,0xc1,0xfe,
    0xc2,0xfe,0xc1,0xfe,0x60,0xfe,0x40,0xfe,0xc0,0xf5,0x60,0xed,0xa0,0xe4,0x80,0xbb,0x40,0xbb,0x40,0x41,0xc0,0x09,0x41,0x3b,
    0xa1,0x43,0x81,0x12,0x81,0x2a,0x44,0x74,0x0d,0xb6,0x87,0x9d,0xa0,0x4b,0x81,0x33,0xa0,0x32,0x12,0xa5,0x9c,0xf7,0x9c,0xf7,
    0x9c,0xf7,0x9c,0xf7,0x9c,0xf7,0x9c,0xf7,0x9c,0xf7,0x7b,0xf7,0x9c,0xf7,0xcd,0x83,0x02,0xa4,0x88,0xff,0xe6,0xfe,0xe4,0xfe,
    0x25,0xff,0x25,0xff,0x6c,0xff,0x6e,0xff,0x90,0xff,0x92,0xff,0xb4,0xff,0x6d,0xff,0x4c,0xff,0xe3,0xfe,0xe3,0xfe,0xe3,0xfe,
    0xc2,0xfe,0x80,0xfe,0x80,0xfe,0x40,0xfe,0xe0,0xfd,0x80,0xf5,0xe0,0xec,0x40,0xd4,0xa0,0xc3,0x40,0x8a,0xa0,0x11,0xe0,0x2a,
    0x62,0x43,0x44,0x64,0x20,0x0a,0xa0,0x32,0x63,0x6c,0x85,0x74,0x01,0x5c,0x61,0x3b,0xe0,0x2a,0x85,0x42,0x7c,0xf7,0x9c,0xf7,
    0x9c,0xf7,0x9c,0xf7,0x9c,0xf7,0x9c,0xf7,0x7c,0xf7,0x9c,0xf7,0x70,0x94,0xa1,0x9b,0x88,0xff,0xe6,0xfe,0xc2,0xfe,0x04,0xff,
    0x26,0xff,0x6d,0xff,0x8f,0xff,0xb5,0xff,0xdb,0xff,0xb6,0xff,0x92,0xff,0x48,0xff,0x2a,0xff,0x05,0xff,0xe4,0xfe,0xa1,0xfe,
    0xa1,0xfe,0xc1,0xfe,0x80,0xfe,0x20,0xfe,0x00,0xfe,0xa0,0xf5,0x00,0xed,0x40,0xd4,0x80,0xbb,0xa0,0xcb,0x80,0x39,0x40,0x12,
    0x83,0x3b,0x85,0x84,0x20,0x2b,0xc0,0x1a,0xe1,0x42,0xe8,0x84,0xc6,0x84,0xe0,0x32,0xa0,0x1a,0x60,0x2a,0x94,0xb5,0x9c,0xf7,
    0x9c,0xf7,0x9c,0xf7,0x9c,0xf7,0x7c,0xf7,0x9c,0xf7,0xd6,0xc5,0xc0,0x7a,0x48,0xff,0x04,0xff,0xe2,0xfe,0x05,0xff,0x27,0xff,
    0x4a,0xff,0x6e,0xff,0xb7,0xff,0xda,0xff,0xfc,0xff,0x71,0xff,0xb3,0xff,0x49,0xff,0x06,0xff,0xc4,0xfe,0xe3,0xfe,0xe3,0xfe,
    0xc2,0xfe,0xa2,0xfe,0x61,0xfe,0x20,0xfe,0x00,0xfe,0x80,0xf5,0x40,0xed,0x80,0xdc,0x80,0xbb,0xc0,0xcb,0x60,0x7a,0x20,0x1a,
    0x21,0x2b,0x02,0x6c,0x64,0x6c,0x41,0x33,0xc0,0x11,0x82,0x53,0x64,0x6c,0xe0,0x53,0x00,0x1b,0xc0,0x2a,0x0d,0x84,0x9c,0xf7,
    0x9c,0xf7,0x9c,0xf7,0x9c,0xf7,0x9c,0xf7,0x3b,0xef,0x64,0x6a,0x64,0xf6,0x06,0xff,0xc2,0xfe,0x03,0xff,0x25,0xff,0x49,0xff,
    0x6e,0xff,0x96,0xff,0xdd,0xff,0xdb,0xff,0xd8,0xff,0x6c,0xff,0x6a,0xff,0x05,0xff,0x28,0xff,0xe3,0xfe,0xe3,0xfe,0xc2,0xfe,
    0xc2,0xfe,0xa1,0xfe,0x40,0xfe,0x00,0xfe,0xe0,0xfd,0xa0,0xf5,0x20,0xed,0xa0,0xdc,0xa0,0xc3,0x80,0xbb,0x40,0xb3,0xa0,0x29,
    0x01,0x23,0x40,0x3b,0xc7,0x84,0x43,0x64,0x80,0x12,0x61,0x2a,0xc2,0x53,0x42,0x5c,0xa0,0x1a,0xa0,0x22,0xc8,0x52,0x9c,0xf7,
    0x9c,0xf7,0x9c,0xf7,0x7c,0xf7,0x9c,0xf7,0x8c,0x7b,0x02,0xcd,0x46,0xff,0xa2,0xfe,0xe2,0xfe,0xe3,0xfe,0x27,0xff,0x4b,0xff,
    0xb5,0xff,0x74,0xff,0xdd,0xff,0xb6,0xff,0x91,0xff,0x49,0xff,0x27,0xff,0x26,0xff,0xe3,0xfe,0xc2,0xfe,0xe2,0xfe,0xe2,0xfe,
    0x80,0xfe,0x81,0xfe,0x40,0xfe,0x20,0xfe,0xe0,0xf5,0xa0,0xf5,0x20,0xed,0x80,0xdc,0xe0,0xcb,0x40,0xb3,0xe0,0xcb,0x60,0x49,
    0x41,0x22,0x20,0x23,0x84,0x6c,0xc5,0x84,0x60,0x3b,0xa0,0x1a,0x01,0x43,0xc2,0x53,0xc0,0x2a,0x80,0x1a,0x85,0x4a,0x9c,0xf7,
    0x9c,0xf7,0x7c,0xf7,0x9c,0xf7,0x37,0xce,0xc1,0x7a,0x25,0xff,0xa2,0xfe,0xc1,0xfe,0x02,0xff,0x03,0xff,0x28,0xff,0x8f,0xff,
    0xb6,0xff,0xb7,0xff,0x92,0xff,0x90,0xff,0x6d,0xff,0x47,0xff,0x05,0xff,0x25,0xff,0xe2,0xfe,0xe2,0xfe,0xe3,0xfe,0xa1,0xfe,
    0xa1,0xfe,0x81,0xfe,0x40,0xfe,0x40,0xfe,0xa0,0xf5,0x40,0xed,0x00,0xe5,0x80,0xdc,0xe0,0xc3,0x00,0xab,0xc0,0xcb,0x80,0x82,
    0x40,0x00,0x41,0x43,0x21,0x54,0x21,0x5c,0x25,0x64,0x42,0x33,0xe0,0x19,0xe0,0x32,0xa0,0x1a,0xe0,0x1a,0x83,0x3a,0x9c,0xf7,
    0x9c,0xf7,0x7c,0xf7,0x9c,0xf7,0x09,0x73,0xa4,0xdd,0x04,0xff,0x80,0xfe,0xe3,0xfe,0xe3,0xfe,0x25,0xff,0x4b,0xff,0x6f,0xff,
    0xb6,0xff,0x92,0xff,0x8f,0xff,0x6f,0xff,0x6c,0xff,0x25,0xff,0x27,0xff,0xe3,0xfe,0xc1,0xfe,0xc1,0xfe,0x81,0xfe,0xa1,0xfe,
    0x81,0xfe,0x40,0xfe,0x41,0xfe,0x20,0xfe,0xa0,0xf5,0x60,0xed,0xc0,0xe4,0x60,0xd4,0xc0,0xc3,0x00,0xab,0x60,0xbb,0x40,0xab,
    0x44,0x31,0xa3,0x31,0xc2,0x5b,0xc0,0x4b,0x02,0x5c,0xa2,0x4b,0x20,0x12,0xa0,0x2a,0x00,0x23,0xa0,0x1a,0x23,0x3a,0x9c,0xf7,
    0x9c,0xf7,0x9c,0xf7,0x78,0xd6,0xe1,0x7a,0x05,0xff,0x81,0xfe,0xe2,0xfe,0xe3,0xfe,0xe3,0xfe,0x05,0xff,0x4d,0xff,0x49,0xff,
    0x91,0xff,0xb3,0xff,0x6e,0xff,0x26,0xff,0xe2,0xfe,0x25,0xff,0xe2,0xfe,0xc2,0xfe,0xe3,0xfe,0xc1,0xfe,0xe4,0xfe,0xe2,0xfe,
    0x60,0xfe,0x60,0xfe,0x00,0xfe,0xc0,0xf5,0xa0,0xf5,0x20,0xed,0xc0,0xe4,0x20,0xd4,0xc0,0xc3,0xe0,0xaa,0x60,0xbb,0xa0,0xbb,
    0xc9,0x62,0xb5,0xbd,0x42,0x21,0x03,0x64,0x02,0x54,0xc1,0x53,0x00,0x2b,0x40,0x22,0x80,0x1a,0x80,0x22,0x44,0x42,0x9c,0xf7,
    0x9c,0xf7,0x9c,0xf7,0xee,0x8b,0xe2,0xcc,0x04,0xff,0x80,0xfe,0xc1,0xfe,0xe2,0xfe,0x06,0xff,0xe3,0xfe,0x6c,0xff,0x92,0xff,
    0x4c,0xff,0x47,0xff,0x47,0xff,0x26,0xff,0x04,0xff,0xe2,0xfe,0xe2,0xfe,0x03,0xff,0xc1,0xfe,0x81,0xfe,0xc2,0xfe,0x60,0xfe,
    0x40,0xfe,0x20,0xfe,0xe0,0xf5,0xa0,0xf5,0x80,0xf5,0xe0,0xe4,0xa0,0xdc,0x20,0xd4,0x80,0xbb,0x00,0xab,0x60,0xbb,0xc0,0xc3,
    0x05,0x52,0x9c,0xf7,0x16,0xce,0x06,0x3a,0x03,0x4b,0x62,0x6c,0x40,0x33,0xe0,0x11,0xe0,0x19,0xa0,0x22,0xe7,0x52,0x9c,0xf7,
    0x9c,0xf7,0x7b,0xf7,0xa5,0x6a,0x43,0xf6,0x81,0xfe,0xa0,0xfe,0xc0,0xfe,0xe2,0xfe,0xe2,0xfe,0x28,0xff,0x4c,0xff,0x49,0xff,
    0x6a,0xff,0x25,0xff,0x07,0xff,0xe3,0xfe,0x03,0xff,0x03,0xff,0xe2,0xfe,0xe3,0xfe,0xc2,0xfe,0xa2,0xfe,0x81,0xfe,0x00,0xfe,
    0x40,0xfe,0xe0,0xf5,0xe0,0xf5,0xa0,0xf5,0x60,0xed,0xe0,0xe4,0x80,0xd4,0xe0,0xc3,0x60,0xbb,0x40,0xb3,0x60,0xbb,0xc0,0xc3,
    0x05,0x5a,0x7c,0xf7,0x9c,0xf7,0x3b,0xef,0x0b,0x63,0x02,0x32,0xa2,0x53,0x80,0x22,0x20,0x1a,0x40,0x1a,0x8b,0x6b,0x9c,0xf7,
    0x9c,0xf7,0x37,0xce,0x21,0x8b,0xc3,0xfe,0x40,0xfe,0xa1,0xfe,0xc1,0xfe,0xe3,0xfe,0xe4,0xfe,0xe4,0xfe,0x4a,0xff,0x48,0xff,
    0x06,0xff,0x46,0xff,0x24,0xff,0x03,0xff,0x03,0xff,0x04,0xff,0xe2,0xfe,0xc2,0xfe,0xc2,0xfe,0x80,0xfe,0x80,0xfe,0x40,0xfe,
    0x20,0xfe,0xe0,0xf5,0xa0,0xf5,0x60,0xed,0x40,0xed,0x80,0xdc,0x40,0xd4,0xa0,0xc3,0x40,0xb3,0x20,0xb3,0xa0,0xbb,0x00,0xc4,
    0x46,0x5a,0x9c,0xf7,0x7c,0xf7,0x9c,0xf7,0x9c,0xf7,0x33,0xad,0xc2,0x31,0x61,0x43,0x20,0x1a,0xc0,0x19,0x50,0x8c,0x9c,0xf7,
    0x9c,0xf7,0x4f,0x94,0x21,0xb4,0xc1,0xfe,0x40,0xfe,0xa1,0xfe,0xc1,0xfe,0xe3,0xfe,0xe3,0xfe,0x6a,0xff,0xc1,0xfe,0x05,0xff,
    0x27,0xff,0x03,0xff,0xe2,0xfe,0x24,0xff,0x03,0xff,0xc1,0xfe,0xa1,0xfe,0xe4,0xfe,0x80,0xfe,0x60,0xfe,0x60,0xfe,0x00,0xfe,
    0x00,0xfe,0xe0,0xf5,0x80,0xf5,0x40,0xed,0x00,0xe5,0x60,0xd4,0x20,0xcc,0x80,0xbb,0x20,0xab,0x20,0xb3,0x20,0xd4,0xe0,0xbb,
    0xa8,0x62,0x9c,0xf7,0x7c,0xf7,0x9c,0xf7,0x7b,0xf7,0x9c,0xf7,0xf6,0xc5,0x82,0x29,0xa1,0x2a,0xc0,0x19,0xf6,0xc5,0x9c,0xf7,
    0x9c,0xf7,0x4a,0x7b,0x21,0xd5,0x81,0xfe,0x40,0xfe,0xa1,0xfe,0xc1,0xfe,0x02,0xff,0xe2,0xfe,0x25,0xff,0xe4,0xfe,0xe4,0xfe,
    0x04,0xff,0x03,0xff,0xe3,0xfe,0xc2,0xfe,0xa0,0xfe,0xe2,0xfe,0xe2,0xfe,0xa3,0xfe,0x20,0xfe,0x20,0xfe,0x60,0xfe,0xe0,0xfd,
    0x00,0xfe,0x80,0xf5,0x40,0xed,0x00,0xe5,0x80,0xdc,0x40,0xd4,0xa0,0xc3,0x40,0xb3,0x40,0xb3,0x40,0xb3,0x80,0xdc,0x60,0xab,
    0x4c,0x73,0x9c,0xf7,0x7b,0xf7,0x9c,0xf7,0x9c,0xf7,0x5b,0xf7,0x9c,0xf7,0x13,0xa5,0x00,0x22,0x44,0x32,0x3b,0xef,0x9c,0xf7,
    0x9c,0xf7,0xc6,0x72,0xc1,0xed,0x40,0xfe,0x40,0xfe,0x80,0xfe,0x81,0xfe,0x04,0xff,0xe2,0xfe,0xe4,0xfe,0x06,0xff,0x26,0xff,
    0xc1,0xfe,0x04,0xff,0xe3,0xfe,0xe2,0xfe,0xe2,0xfe,0xa1,0xfe,0x81,0xfe,0x40,0xfe,0x41,0xfe,0x81,0xfe,0x00,0xfe,0xe0,0xfd,
    0xc0,0xf5,0x80,0xed,0x00,0xe5,0xc0,0xe4,0x40,0xd4,0xe0,0xcb,0x80,0xbb,0x20,0xb3,0x20,0xb3,0x80,0xbb,0xc0,0xe4,0xa0,0x8a,
    0x91,0x94,0x9c,0xf7,0x7b,0xf7,0x9c,0xf7,0x9c,0xf7,0x9c,0xf7,0x7b,0xf7,0x9c,0xf7,0xc4,0x31,0x2a,0x63,0x9c,0xf7,0x9c,0xf7,
    0x9c,0xf7,0x64,0x6a,0xe0,0xf5,0x20,0xfe,0x40,0xfe,0x80,0xfe,0xa1,0xfe,0xc1,0xfe,0xc1,0xfe,0x04,0xff,0xc2,0xfe,0xa1,0xfe,
    0xc2,0xfe,0xe2,0xfe,0x80,0xfe,0xc1,0xfe,0x80,0xfe,0x60,0xfe,0x60,0xfe,0x81,0xfe,0x61,0xfe,0xe0,0xfd,0xe0,0xf5,0xc0,0xf5,
    0x60,0xf5,0x40,0xed,0xe0,0xe4,0x60,0xdc,0x00,0xcc,0xa0,0xc3,0x40,0xb3,0x00,0xab,0x40,0xb3,0x40,0xcc,0xa0,0xe4,0xa0,0x59,
    0x16,0xce,0x9c,0xf7,0x7c,0xf7,0x9c,0xf7,0x9c,0xf7,0x9c,0xf7,0x7c,0xf7,0x9c,0xf7,0xb5,0xbd,0x36,0xce,0x9c,0xf7,0x9c,0xf7,
    0x9c,0xf7,0x42,0x62,0xc0,0xf5,0x00,0xfe,0x40,0xfe,0x80,0xfe,0x80,0xfe,0x81,0xfe,0xc2,0xfe,0xe3,0xfe,0xa1,0xfe,0xa2,0xfe,
    0xa1,0xfe,0xa1,0xfe,0xa1,0xfe,0x80,0xfe,0x40,0xfe,0x81,0xfe,0x40,0xfe,0x40,0xfe,0x00,0xfe,0xe0,0xfd,0xa0,0xf5,0x60,0xed,
    0x40,0xed,0xc0,0xe4,0x40,0xd4,0x20,0xcc,0xa0,0xc3,0x40,0xbb,0x00,0xab,0x40,0xb3,0xa0,0xc3,0x80,0xdc,0x00,0xcc,0xc4,0x49,
    0x5b,0xf7,0x9c,0xf7,0x9c,0xf7,0x9c,0xf7,0x9c,0xf7,0x9c,0xf7,0x9c,0xf7,0x9c,0xf7,0x9c,0xf7,0x9c,0xf7,0x9c,0xf7,0x9c,0xf7,
    0x9c,0xf7,0x43,0x62,0x80,0xed,0x00,0xfe,0x40,0xfe,0x60,0xfe,0x81,0xfe,0x81,0xfe,0xa2,0xfe,0xc2,0xfe,0xa1,0xfe,0x81,0xfe,
    0xa1,0xfe,0xa2,0xfe,0x81,0xfe,0x00,0xfe,0x40,0xfe,0x41,0xfe,0x20,0xfe,0xe0,0xf5,0xe0,0xf5,0xc0,0xf5,0x80,0xf5,0x60,0xed,
    0x00,0xe5,0x80,0xdc,0x20,0xcc,0xa0,0xc3,0x60,0xbb,0x00,0xab,0x20,0xab,0x40,0xb3,0x00,0xcc,0x00,0xe5,0xc0,0x92,0x8d,0x7b,
    0x9c,0xf7,0x7b,0xf7,0x9c,0xf7,0x9c,0xf7,0x9c,0xf7,0x9c,0xf7,0x9c,0xf7,0x9c,0xf7,0x7c,0xf7,0x7c,0xf7,0x9c,0xf7,0x9c,0xf7,
    0x9c,0xf7,0x45,0x62,0x40,0xe5,0xe0,0xfd,0x20,0xfe,0x20,0xfe,0x81,0xfe,0x61,0xfe,0xa1,0xfe,0xc2,0xfe,0x81,0xfe,0xa1,0xfe,
    0x81,0xfe,0x60,0xfe,0x61,0xfe,0x40,0xfe,0x40,0xfe,0x20,0xfe,0xc0,0xf5,0xc0,0xf5,0xc0,0xf5,0x80,0xf5,0x00,0xe5,0xc0,0xe4,
    0x80,0xdc,0x40,0xd4,0xc0,0xc3,0x80,0xbb,0x20,0xb3,0x20,0xab,0x60,0xbb,0xe0,0xcb,0xc0,0xdc,0xa0,0xdc,0x60,0x49,0x78,0xd6,
    0x9c,0xf7,0x7c,0xf7,0x9c,0xf7,0x9c,0xf7,0x9c,0xf7,0x9c,0xf7,0x9c,0xf7,0x9c,0xf7,0x9c,0xf7,0x9c,0xf7,0x9c,0xf7,0x9c,0xf7,
    0x9c,0xf7,0xa8,0x62,0xc0,0xd4,0xe0,0xfd,0xc0,0xf5,0x20,0xfe,0x40,0xfe,0x41,0xfe,0x61,0xfe,0x61,0xfe,0x81,0xfe,0x40,0xfe,
    0x60,0xfe,0x60,0xfe,0x40,0xfe,0x20,0xfe,0xe0,0xf5,0xc0,0xf5,0xe0,0xf5,0xc0,0xf5,0x20,0xed,0xe0,0xe4,0xa0,0xdc,0x80,0xdc,
    0x20,0xd4,0xc0,0xc3,0x60,0xbb,0x20,0xb3,0x00,0xab,0x40,0xb3,0x80,0xbb,0x60,0xd4,0x01,0xed,0x00,0xa3,0xca,0x62,0x9c,0xf7,
    0x7c,0xf7,0x9c,0xf7,0x9c,0xf7,0x9c,0xf7,0x9c,0xf7,0x9c,0xf7,0x9c,0xf7,0x9c,0xf7,0x9c,0xf7,0x9c,0xf7,0x9c,0xf7,0x9c,0xf7,
    0x9c,0xf7,0xce,0x83,0xc0,0xb3,0xc0,0xfd,0x80,0xf5,0xe0,0xfd,0x20,0xfe,0x61,0xfe,0x40,0xfe,0x61,0xfe,0x41,0xfe,0x61,0xfe,
    0x40,0xfe,0x00,0xfe,0x00,0xfe,0x00,0xfe,0xa0,0xf5,0xe0,0xf5,0xa0,0xf5,0x00,0xe5,0x20,0xed,0xc0,0xe4,0x80,0xdc,0x20,0xcc,
    0xe0,0xcb,0x80,0xc3,0x40,0xb3,0xe0,0xaa,0x40,0xb3,0x80,0xbb,0x60,0xd4,0xc0,0xdc,0x80,0xdc,0x40,0x41,0x78,0xd6,0x9c,0xf7,
    0x7c,0xf7,0x9c,0xf7,0x9c,0xf7,0x9c,0xf7,0x9c,0xf7,0x9c,0xf7,0x9c,0xf7,0x9c,0xf7,0x9c,0xf7,0x9c,0xf7,0x9c,0xf7,0x9c,0xf7,
    0x9c,0xf7,0xb5,0xbd,0x40,0x72,0x80,0xfd,0x40,0xed,0xa0,0xf5,0xe0,0xf5,0x00,0xfe,0x20,0xfe,0xe0,0xfd,0x00,0xfe,0x00,0xfe,
    0x00,0xf6,0xc0,0xf5,0xa0,0xf5,0xa0,0xf5,0x80,0xf5,0x40,0xed,0x20,0xed,0x00,0xe5,0xc0,0xe4,0x80,0xdc,0xe0,0xcb,0xe0,0xcb,
    0x80,0xbb,0x40,0xb3,0x00,0xab,0x60,0xbb,0x80,0xbb,0x00,0xcc,0x60,0xd4,0x01,0xed,0x40,0x7a,0xce,0x7b,0x9c,0xf7,0x7c,0xf7,
    0x9c,0xf7,0x9c,0xf7,0x9c,0xf7,0x9c,0xf7,0x9c,0xf7,0x9c,0xf7,0x9c,0xf7,0x9c,0xf7,0x9c,0xf7,0x9c,0xf7,0x9c,0xf7,0x9c,0xf7,
    0x9c,0xf7,0x5b,0xef,0x24,0x5a,0xc0,0xe4,0x20,0xed,0x80,0xf5,0x80,0xf5,0xc0,0xf5,0xe0,0xf5,0xe0,0xf5,0x00,0xfe,0xc0,0xf5,
    0x80,0xf5,0x80,0xf5,0x60,0xf5,0x00,0xed,0x20,0xed,0xe0,0xe4,0xa0,0xdc,0x80,0xdc,0x60,0xd4,0xe0,0xcb,0x80,0xbb,0x20,0xb3,
    0x20,0xb3,0x60,0xbb,0x60,0xbb,0x80,0xbb,0x20,0xcc,0xa0,0xd4,0x00,0xe5,0x60,0xab,0xc5,0x41,0x7b,0xf7,0x7c,0xf7,0x9c,0xf7,
    0x9c,0xf7,0x9c,0xf7,0x9c,0xf7,0x9c,0xf7,0x9c,0xf7,0x9c,0xf7,0x9c,0xf7,0x9c,0xf7,0x9c,0xf7,0x9c,0xf7,0x9c,0xf7,0x9c,0xf7,
    0x9c,0xf7,0x9c,0xf7,0x8d,0x7b,0x80,0xab,0x00,0xfe,0xe0,0xf5,0xc0,0xf5,0x80,0xf5,0x60,0xed,0x80,0xf5,0x40,0xed,0x40,0xed,
    0x60,0xed,0x20,0xed,0x40,0xed,0x00,0xe5,0xa0,0xdc,0xa0,0xdc,0x60,0xdc,0x20,0xd4,0xc0,0xc3,0x60,0xbb,0x40,0xb3,0x00,0xab,
    0x00,0xab,0x40,0xb3,0x80,0xbb,0xe0,0xcb,0x80,0xd4,0x00,0xe5,0x20,0xcc,0x22,0x39,0x78,0xd6,0x9c,0xf7,0x7c,0xf7,0x9c,0xf7,
    0x9c,0xf7,0x9c,0xf7,0x9c,0xf7,0x9c,0xf7,0x9c,0xf7,0x9c,0xf7,0x9c,0xf7,0x9c,0xf7,0x9c,0xf7,0x9c,0xf7,0x9c,0xf7,0x9c,0xf7,
    0x9c,0xf7,0x9c,0xf7,0x33,0xad,0xc0,0x8a,0x80,0xfe,0x82,0xfe,0x82,0xfe,0xc0,0xf5,0x20,0xed,0xe0,0xe4,0x00,0xe5,0xe0,0xe4,
    0x00,0xe5,0xe0,0xe4,0x80,0xdc,0x80,0xdc,0x80,0xdc,0x00,0xcc,0xe0,0xcb,0x80,0xbb,0x60,0xbb,0x40,0xb3,0x20,0xab,0x40,0xb3,
    0x80,0xbb,0x80,0xbb,0x00,0xcc,0xc0,0xdc,0xe1,0xe4,0x40,0xd4,0x00,0x39,0x94,0xb5,0x9c,0xf7,0x7c,0xf7,0x9c,0xf7,0x9c,0xf7,
    0x9c,0xf7,0x9c,0xf7,0x9c,0xf7,0x9c,0xf7,0x9c,0xf7,0x9c,0xf7,0x9c,0xf7,0x9c,0xf7,0x9c,0xf7,0x9c,0xf7,0x9c,0xf7,0x9c,0xf7,
    0x9c,0xf7,0x9c,0xf7,0x74,0xb5,0x00,0x8b,0xe1,0xfe,0x29,0xff,0xa3,0xfe,0xe0,0xfd,0x60,0xf5,0x60,0xdc,0x60,0xd4,0x40,0xd4,
    0x20,0xd4,0x20,0xd4,0x20,0xcc,0x00,0xcc,0xc0,0xc3,0xa0,0xc3,0x60,0xbb,0x20,0xb3,0x00,0xab,0xe0,0xaa,0x40,0xb3,0x60,0xbb,
    0x80,0xbb,0x20,0xcc,0xa0,0xdc,0xe0,0xe4,0x00,0xcc,0x20,0x41,0xf2,0xa4,0x9c,0xf7,0x7b,0xf7,0x9c,0xf7,0x9c,0xf7,0x9c,0xf7,
    0x9c,0xf7,0x9c,0xf7,0x9c,0xf7,0x9c,0xf7,0x9c,0xf7,0x9c,0xf7,0x9c,0xf7,0x9c,0xf7,0x9c,0xf7,0x9c,0xf7,0x9c,0xf7,0x9c,0xf7,
    0x9c,0xf7,0x9c,0xf7,0xf2,0xa4,0xa0,0xa3,0x04,0xff,0x0a,0xff,0x60,0xfe,0xc0,0xf5,0x00,0xe5,0x20,0xcc,0xa0,0xc3,0xc0,0xc3,
    0x80,0xc3,0xa0,0xc3,0x60,0xbb,0x60,0xbb,0x40,0xbb,0x20,0xb3,0x00,0xab,0x00,0xab,0x00,0xab,0x40,0xb3,0x80,0xbb,0xc0,0xc3,
    0x60,0xd4,0xc0,0xdc,0x01,0xed,0x80,0xbb,0x21,0x39,0x33,0xad,0x9c,0xf7,0x7b,0xf7,0x9c,0xf7,0x9c,0xf7,0x9c,0xf7,0x9c,0xf7,
    0x9c,0xf7,0x9c,0xf7,0x9c,0xf7,0x9c,0xf7,0x9c,0xf7,0x9c,0xf7,0x9c,0xf7,0x9c,0xf7,0x9c,0xf7,0x9c,0xf7,0x9c,0xf7,0x9c,0xf7,
    0x9c,0xf7,0x9c,0xf7,0x50,0x94,0x20,0xb4,0x24,0xff,0x82,0xfe,0xc0,0xf5,0x00,0xe5,0x40,0xd4,0xa0,0xc3,0x20,0xb3,0x20,0xb3,
    0x20,0xb3,0x00,0xab,0x00,0xab,0x00,0xab,0xe0,0xaa,0x00,0xab,0x20,0xb3,0x60,0xbb,0x60,0xbb,0xe0,0xc3,0x20,0xcc,0xc0,0xdc,
    0x21,0xed,0xa0,0xe4,0xc0,0x92,0x84,0x41,0xf6,0xc5,0x9c,0xf7,0x7b,0xf7,0x9c,0xf7,0x9c,0xf7,0x9c,0xf7,0x9c,0xf7,0x9c,0xf7,
    0x9c,0xf7,0x9c,0xf7,0x9c,0xf7,0x9c,0xf7,0x9c,0xf7,0x9c,0xf7,0x9c,0xf7,0x9c,0xf7,0x9c,0xf7,0x9c,0xf7,0x9c,0xf7,0x9c,0xf7,
    0x9c,0xf7,0x9c,0xf7,0xd2,0x9c,0x60,0xa3,0x41,0xfe,0x60,0xed,0x80,0xdc,0x80,0xc3,0xe0,0xaa,0x80,0xa2,0x80,0x9a,0xc0,0xa2,
    0x20,0xab,0x20,0xb3,0x20,0xb3,0x20,0xb3,0x20,0xb3,0x80,0xbb,0xa0,0xc3,0xe0,0xc3,0x00,0xcc,0x80,0xdc,0xe0,0xe4,0xc0,0xe4,
    0x80,0xb3,0x60,0x49,0xeb,0x62,0x1a,0xe7,0x9c,0xf7,0x7b,0xf7,0x9c,0xf7,0x9c,0xf7,0x9c,0xf7,0x9c,0xf7,0x9c,0xf7,0x9c,0xf7,
    0x9c,0xf7,0x9c,0xf7,0x9c,0xf7,0x9c,0xf7,0x9c,0xf7,0x9c,0xf7,0x9c,0xf7,0x9c,0xf7,0x9c,0xf7,0x9c,0xf7,0x9c,0xf7,0x9c,0xf7,
    0x9c,0xf7,0x9c,0xf7,0xd9,0xe6,0xa1,0x51,0xe0,0xcb,0x80,0xc3,0x40,0xb3,0x60,0xbb,0x40,0xb3,0xa0,0xc3,0xa0,0xc3,0xa0,0xcb,
    0xe0,0xcb,0xc0,0xc3,0xa0,0xc3,0x00,0xcc,0x20,0xd4,0xa0,0xdc,0xc0,0xe4,0xc0,0xe4,0xe0,0xe4,0xa0,0xdc,0x60,0xab,0xa0,0x59,
    0x27,0x52,0x74,0xb5,0x9c,0xf7,0x9c,0xf7,0x7c,0xf7,0x9c,0xf7,0x9c,0xf7,0x9c,0xf7,0x9c,0xf7,0x9c,0xf7,0x9c,0xf7,0x9c,0xf7,
    0x9c,0xf7,0x9c,0xf7,0x9c,0xf7,0x9c,0xf7,0x9c,0xf7,0x9c,0xf7,0x9c,0xf7,0x9c,0xf7,0x9c,0xf7,0x9c,0xf7,0x9c,0xf7,0x9c,0xf7,
    0x9c,0xf7,0x7c,0xf7,0x9c,0xf7,0x74,0xb5,0xa3,0x51,0xc0,0x69,0x20,0x72,0xe0,0x61,0xa1,0x51,0xa1,0x59,0x80,0x59,0xc0,0x69,
    0xa0,0x92,0x80,0xbb,0xe0,0xcb,0x20,0xcc,0x20,0xcc,0x00,0xc4,0xa0,0xb3,0x00,0x9b,0x20,0x72,0xa2,0x51,0xa9,0x62,0x74,0xb5,
    0x9c,0xf7,0x9c,0xf7,0x7c,0xf7,0x9c,0xf7,0x9c,0xf7,0x9c,0xf7,0x9c,0xf7,0x9c,0xf7,0x9c,0xf7,0x9c,0xf7,0x9c,0xf7,0x9c,0xf7,
    0x9c,0xf7,0x9c,0xf7,0x9c,0xf7,0x9c,0xf7,0x9c,0xf7,0x9c,0xf7,0x9c,0xf7,0x9c,0xf7,0x9c,0xf7,0x9c,0xf7,0x9c,0xf7,0x9c,0xf7,
    0x9c,0xf7,0x9c,0xf7,0x7c,0xf7,0x9c,0xf7,0xd9,0xe6,0x33,0xad,0x12,0xa5,0xd5,0xbd,0x78,0xd6,0x78,0xd6,0xd5,0xbd,0x70,0x94,
    0xea,0x6a,0x06,0x52,0x83,0x41,0x42,0x39,0x42,0x41,0x84,0x41,0x27,0x52,0x6c,0x73,0x12,0xa5,0xd9,0xde,0x9c,0xf7,0x9c,0xf7,
    0x9c,0xf7,0x7c,0xf7,0x9c,0xf7,0x9c,0xf7,0x9c,0xf7,0x9c,0xf7,0x9c,0xf7,0x9c,0xf7,0x9c,0xf7,0x9c,0xf7,0x9c,0xf7,0x9c,0xf7,
    0x9c,0xf7,0x9c,0xf7,0x9c,0xf7,0x9c,0xf7,0x9c,0xf7,0x9c,0xf7,0x9c,0xf7,0x9c,0xf7,0x9c,0xf7,0x9c,0xf7,0x9c,0xf7,0x9c,0xf7,
    0x9c,0xf7,0x9c,0xf7,0x9c,0xf7,0x9c,0xf7,0x9c,0xf7,0x9c,0xf7,0x9c,0xf7,0x9c,0xf7,0x9c,0xf7,0x9c,0xf7,0x9c,0xf7,0x9c,0xf7,
    0x9c,0xf7,0x9c,0xf7,0x9c,0xf7,0x9c,0xf7,0x9c,0xf7,0x9c,0xf7,0x9c,0xf7,0x9c,0xf7,0x9c,0xf7,0x9c,0xf7,0x9c,0xf7,0x9c,0xf7,
    0x9c,0xf7,0x9c,0xf7,0x9c,0xf7,0x9c,0xf7,0x9c,0xf7,0x9c,0xf7,0x9c,0xf7,0x9c,0xf7,0x9c,0xf7,0x9c,0xf7,0x9c,0xf7,0x9c,0xf7,
    0x9c,0xf7,0x9c,0xf7,0x9c,0xf7,0x9c,0xf7,0x9c,0xf7,0x9c,0xf7,0x9c,0xf7,0x9c,0xf7,0x9c,0xf7,0x9c,0xf7,0x9c,0xf7,0x9c,0xf7,
    0x9c,0xf7,0x9c,0xf7,0x9c,0xf7,0x9c,0xf7,0x9c,0xf7,0x9c,0xf7,0x9c,0xf7,0x9c,0xf7,0x9c,0xf7,0x9c,0xf7,0x9c,0xf7,0x9c,0xf7,
    0x9c,0xf7,0x9c,0xf7,0x9c,0xf7,0x9c,0xf7,0x9c,0xf7,0x9c,0xf7,0x9c,0xf7,0x9c,0xf7,0x9c,0xf7,0x9c,0xf7,0x9c,0xf7,0x9c,0xf7,
    0x9c,0xf7,0x9c,0xf7,0x9c,0xf7,0x9c,0xf7,0x9c,0xf7,0x9c,0xf7,0x9c,0xf7,0x9c,0xf7,0x9c,0xf7,0x9c,0xf7,0x9c,0xf7,0x9c,0xf7,
    0x9c,0xf7,0x9c,0xf7,0x9c,0xf7,0x9c,0xf7,0x9c,0xf7,0x9c,0xf7,0x9c,0xf7,0x9c,0xf7,0x9c,0xf7,0x9c,0xf7,0x9c,0xf7,0x9c,0xf7,
    0x9c,0xf7,0x9c,0xf7,0x9c,0xf7,0x9c,0xf7,0x9c,0xf7,0x9c,0xf7,0x9c,0xf7,0x9c,0xf7,0x9c,0xf7,0x9c,0xf7,0x9c,0xf7,0x9c,0xf7,
    0x9c,0xf7,0x9c,0xf7,0x9c,0xf7,0x9c,0xf7,0x9c,0xf7,0x9c,0xf7,0x9c,0xf7,0x9c,0xf7,0x9c,0xf7,0x9c,0xf7,0x9c,0xf7,0x9c,0xf7,
    0x9c,0xf7,0x9c,0xf7,0x9c,0xf7,0x9c,0xf7,0x9c,0xf7,0x9c,0xf7,0x9c,0xf7,0x9c,0xf7,0x9c,0xf7,0x9c,0xf7,0x9c,0xf7,0x9c,0xf7,
    0x9c,0xf7,0x9c,0xf7,0x9c,0xf7,0x9c,0xf7,0x9c,0xf7,0x9c,0xf7,0x9c,0xf7,0x9c,0xf7,0x9c,0xf7,0x9c,0xf7,0x9c,0xf7,0x9c,0xf7,
    0x9c,0xf7,0x9c,0xf7,0x9c,0xf7,0x9c,0xf7,0x9c,0xf7,0x9c,0xf7,0x9c,0xf7,0x9c,0xf7,0x9c,0xf7,0x9c,0xf7,0x9c,0xf7,0x9c,0xf7,
    0x9c,0xf7,0x9c,0xf7,0x9c,0xf7,0x9c,0xf7,0x9c,0xf7,0x9c,0xf7,0x9c,0xf7,0x9c,0xf7,0x9c,0xf7,0x9c,0xf7,0x9c,0xf7,0x9c,0xf7,
    0x9c,0xf7,0x9c,0xf7,0x9c,0xf7,0x9c,0xf7,0x9c,0xf7,0x9c,0xf7,0x9c,0xf7,0x9c,0xf7,0x9c,0xf7,0x9c,0xf7,0x9c,0xf7,0x9c,0xf7,
    0x9c,0xf7,0x9c,0xf7,0x9c,0xf7,0x9c,0xf7,0x9c,0xf7,0x9c,0xf7,0x9c,0xf7,0x9c,0xf7,0x9c,0xf7,0x9c,0xf7,0x9c,0xf7,0x9c,0xf7,
    0x9c,0xf7,0x9c,0xf7,0x9c,0xf7,0x9c,0xf7,0x9c,0xf7,0x9c,0xf7,0x9c,0xf7,0x9c,0xf7,0x9c,0xf7,0x9c,0xf7,0x9c,0xf7,0x9c,0xf7,
    0x9c,0xf7,0x9c,0xf7,0x9c,0xf7,0x9c,0xf7,0x9c,0xf7,0x9c,0xf7,0x9c,0xf7,0x9c,0xf7,0x9c,0xf7,0x9c,0xf7,0x9c,0xf7,0x9c,0xf7,
    0x9c,0xf7,0x9c,0xf7,0x9c,0xf7,0x9c,0xf7,0x9c,0xf7,0x9c,0xf7,0x9c,0xf7,0x9c,0xf7,0x9c,0xf7,0x9c,0xf7,0x9c,0xf7,0x9c,0xf7,
    0x9c,0xf7,0x9c,0xf7,0x9c,0xf7,0x9c,0xf7,0x9c,0xf7,0x9c,0xf7,0x9c,0xf7,0x9c,0xf7,0x9c,0xf7,0x9c,0xf7,0x9c,0xf7,0x9c,0xf7,
    0x9c,0xf7,0x9c,0xf7,0x9c,0xf7,0x9c,0xf7,0x9c,0xf7,0x9c,0xf7,0x9c,0xf7,0x9c,0xf7,0x9c,0xf7,0x9c,0xf7,0x9c,0xf7,0x9c,0xf7,
    0x9c,0xf7,0x9c,0xf7,0x9c,0xf7,0x9c,0xf7,0x9c,0xf7,0x9c,0xf7,0x9c,0xf7,0x9c,0xf7,0x9c,0xf7,0x9c,0xf7,0x9c,0xf7,0x9c,0xf7,
    0x9c,0xf7,0x9c,0xf7,0x9c,0xf7,0x9c,0xf7,0x9c,0xf7,0x9c,0xf7,0x9c,0xf7,0x9c,0xf7,0x9c,0xf7,0x9c,0xf7,0x9c,0xf7,0x9c,0xf7,
    0x9c,0xf7,0x9c,0xf7,0x9c,0xf7,0x9c,0xf7,0x9c,0xf7,0x9c,0xf7,0x9c,0xf7,0x9c,0xf7,0x9c,0xf7,0x9c,0xf7,0x9c,0xf7,0x9c,0xf7,
    0x9c,0xf7,0x9c,0xf7,0x9c,0xf7,0x9c,0xf7,0x9c,0xf7,0x9c,0xf7,0x9c,0xf7,0x9c,0xf7,0x9c,0xf7,0x9c,0xf7,0x9c,0xf7,0x9c,0xf7,
    0x9c,0xf7,0x9c,0xf7,0x9c,0xf7,0x9c,0xf7,0x9c,0xf7,0x9c,0xf7,0x9c,0xf7,0x9c,0xf7,0x9c,0xf7,0x9c,0xf7,0x9c,0xf7,0x9c,0xf7,
    0x9c,0xf7,0x9c,0xf7,0x9c,0xf7,0x9c,0xf7,0x9c,0xf7,0x9c,0xf7,0x9c,0xf7,0x9c,0xf7,0x9c,0xf7,0x9c,0xf7,0x9c,0xf7,0x9c,0xf7,
    0x9c,0xf7,0x9c,0xf7,0x9c,0xf7,0x9c,0xf7,0x9c,0xf7,0x9c,0xf7,0x9c,0xf7,0x9c,0xf7,0x9c,0xf7,0x9c,0xf7,0x9c,0xf7,0x9c,0xf7,
    0x9c,0xf7,0x9c,0xf7,0x9c,0xf7,0x9c,0xf7,0x9c,0xf7,0x9c,0xf7,0x9c,0xf7,0x9c,0xf7,0x9c,0xf7,0x9c,0xf7,0x9c,0xf7,0x9c,0xf7,
    0x9c,0xf7,0x9c,0xf7,0x9c,0xf7,0x9c,0xf7,0x9c,0xf7,0x9c,0xf7,0x9c,0xf7,0x9c,0xf7,0x9c,0xf7,0x9c,0xf7,0x9c,0xf7,0x9c,0xf7,
    0x9c,0xf7,0x9c,0xf7,0x9c,0xf7,0x9c,0xf7,0x9c,0xf7,0x9c,0xf7,0x9c,0xf7,0x9c,0xf7,0x9c,0xf7,0x9c,0xf7,0x9c,0xf7,0x9c,0xf7,
    0x9c,0xf7,0x9c,0xf7,0x9c,0xf7,0x9c,0xf7,0x9c,0xf7,0x9c,0xf7,0x9c,0xf7,0x9c,0xf7,0x9c,0xf7,0x9c,0xf7,0x9c,0xf7,0x9c,0xf7,
    0x9c,0xf7,0x9c,0xf7,0x9c,0xf7,0x9c,0xf7,0x9c,0xf7,0x9c,0xf7,0x9c,0xf7,0x9c,0xf7,0x9c,0xf7,0x9c,0xf7,0x9c,0xf7,0x9c,0xf7,
    0x9c,0xf7,0x9c,0xf7,0x9c,0xf7,0x9c,0xf7,0x9c,0xf7,0x9c,0xf7,0x9c,0xf7,0x9c,0xf7,0x9c,0xf7,0x9c,0xf7,0x9c,0xf7,0x9c,0xf7,
    0x9c,0xf7,0x9c,0xf7,0x9c,0xf7,0x9c,0xf7,0x9c,0xf7,0x9c,0xf7,0x9c,0xf7,0x9c,0xf7,0x9c,0xf7,0x9c,0xf7,0x9c,0xf7,0x9c,0xf7,
    0x9c,0xf7,0x9c,0xf7,0x9c,0xf7,0x9c,0xf7,0x9c,0xf7,0x9c,0xf7,0x9c,0xf7,0x9c,0xf7,0x9c,0xf7,0x9c,0xf7,0x9c,0xf7,0x9c,0xf7,
    0x9c,0xf7,0x9c,0xf7,0x9c,0xf7,0x9c,0xf7,0x9c,0xf7,0x9c,0xf7,0x9c,0xf7,0x9c,0xf7,0x9c,0xf7,0x9c,0xf7,0x9c,0xf7,0x9c,0xf7,
    0x9c,0xf7,0x9c,0xf7,0x9c,0xf7,0x9c,0xf7,0x9c,0xf7,0x9c,0xf7,0x9c,0xf7,0x9c,0xf7,0x9c,0xf7,0x9c,0xf7,0x9c,0xf7,0x9c,0xf7,
    0x9c,0xf7,0x9c,0xf7,0x9c,0xf7,0x9c,0xf7,0x9c,0xf7,0x9c,0xf7,0x9c,0xf7,0x9c,0xf7,0x9c,0xf7,0x9c,0xf7,0x9c,0xf7,0x9c,0xf7,
    0x9c,0xf7,0x9c,0xf7,0x9c,0xf7,0x9c,0xf7,0x9c,0xf7,0x9c,0xf7,0x9c,0xf7,0x9c,0xf7,0x9c,0xf7,0x9c,0xf7,0x9c,0xf7,0x9c,0xf7,
    0x9c,0xf7,0x9c,0xf7,0x9c,0xf7,0x9c,0xf7,0x9c,0xf7,0x9c,0xf7,0x9c,0xf7,0x9c,0xf7,0x9c,0xf7,0x9c,0xf7,0x9c,0xf7,0x9c,0xf7,
    0x9c,0xf7,0x9c,0xf7,0x9c,0xf7,0x9c,0xf7,0x9c,0xf7,0x9c,0xf7,0x9c,0xf7,0x9c,0xf7,0x9c,0xf7,0x9c,0xf7,0x9c,0xf7,0x9c,0xf7,
    0x9c,0xf7,0x9c,0xf7,0x9c,0xf7,0x9c,0xf7,0x9c,0xf7,0x9c,0xf7,0x9c,0xf7,0x9c,0xf7,0x9c,0xf7,0x9c,0xf7,0x9c,0xf7,0x9c,0xf7,
    0x9c,0xf7,0x9c,0xf7,0x9c,0xf7,0x9c,0xf7,0x9c,0xf7,0x9c,0xf7,0x9c,0xf7,0x9c,0xf7,0x9c,0xf7,0x9c,0xf7,0x9c,0xf7,0x9c,0xf7,
};

static const uint8_t slot_bar_pixels[6144] __attribute__((aligned(4))) = {
    0x9c,0xf7,0x9c,0xf7,0x9c,0xf7,0x9c,0xf7,0x9c,0xf7,0x9c,0xf7,0x9c,0xf7,0x9c,0xf7,0x9c,0xf7,0x9c,0xf7,0x9c,0xf7,0x9c,0xf7,
    0x9c,0xf7,0x9c,0xf7,0x9c,0xf7,0x9c,0xf7,0x9c,0xf7,0x9c,0xf7,0x9c,0xf7,0x9c,0xf7,0x9c,0xf7,0x9c,0xf7,0x9c,0xf7,0x9c,0xf7,
    0x9c,0xf7,0x9c,0xf7,0x9c,0xf7,0x9c,0xf7,0x9c,0xf7,0x9c,0xf7,0x9c,0xf7,0x9c,0xf7,0x9c,0xf7,0x9c,0xf7,0x9c,0xf7,0x9c,0xf7,
    0x9c,0xf7,0x9c,0xf7,0x9c,0xf7,0x9c,0xf7,0x9c,0xf7,0x9c,0xf7,0x9c,0xf7,0x9c,0xf7,0x9c,0xf7,0x9c,0xf7,0x9c,0xf7,0x9c,0xf7,
    0x9c,0xf7,0x9c,0xf7,0x9c,0xf7,0x9c,0xf7,0x9c,0xf7,0x9c,0xf7,0x9c,0xf7,0x9c,0xf7,0x9c,0xf7,0x9c,0xf7,0x9c,0xf7,0x9c,0xf7,
    0x9c,0xf7,0x9c,0xf7,0x9c,0xf7,0x9c,0xf7,0x9c,0xf7,0x9c,0xf7,0x9c,0xf7,0x9c,0xf7,0x9c,0xf7,0x9c,0xf7,0x9c,0xf7,0x9c,0xf7,
    0x9c,0xf7,0x9c,0xf7,0x9c,0xf7,0x9c,0xf7,0x9c,0xf7,0x9c,0xf7,0x9c,0xf7,0x9c,0xf7,0x9c,0xf7,0x9c,0xf7,0x9c,0xf7,0x9c,0xf7,
    0x9c,0xf7,0x9c,0xf7,0x9c,0xf7,0x9c,0xf7,0x9c,0xf7,0x9c,0xf7,0x9c,0xf7,0x9c,0xf7,0x9c,0xf7,0x9c,0xf7,0x9c,0xf7,0x9c,0xf7,
    0x9c,0xf7,0x9c,0xf7,0x9c,0xf7,0x9c,0xf7,0x9c,0xf7,0x9c,0xf7,0x9c,0xf7,0x9c,0xf7,0x9c,0xf7,0x9c,0xf7,0x9c,0xf7,0x9c,0xf7,
    0x9c,0xf7,0x9c,0xf7,0x9c,0xf7,0x9c,0xf7,0x9c,0xf7,0x9c,0xf7,0x9c,0xf7,0x9c,0xf7,0x9c,0xf7,0x9c,0xf7,0x9c,0xf7,0x9c,0xf7,
    0x9c,0xf7,0x9c,0xf7,0x9c,0xf7,0x9c,0xf7,0x9c,0xf7,0x9c,0xf7,0x9c,0xf7,0x9c,0xf7,0x9c,0xf7,0x9c,0xf7,0x9c,0xf7,0x9c,0xf7,
    0x9c,0xf7,0x9c,0xf7,0x9c,0xf7,0x9c,0xf7,0x9c,0xf7,0x9c,0xf7,0x9c,0xf7,0x9c,0xf7,0x9c,0xf7,0x9c,0xf7,0x9c,0xf7,0x9c,0xf7,
    0x9c,0xf7,0x9c,0xf7,0x9c,0xf7,0x9c,0xf7,0x9c,0xf7,0x9c,0xf7,0x9c,0xf7,0x9c,0xf7,0x9c,0xf7,0x9c,0xf7,0x9c,0xf7,0x9c,0xf7,
    0x9c,0xf7,0x9c,0xf7,0x9c,0xf7,0x9c,0xf7,0x9c,0xf7,0x9c,0xf7,0x9c,0xf7,0x9c,0xf7,0x9c,0xf7,0x9c,0xf7,0x9c,0xf7,0x9c,0xf7,
    0x9c,0xf7,0x9c,0xf7,0x9c,0xf7,0x9c,0xf7,0x9c,0xf7,0x9c,0xf7,0x9c,0xf7,0x9c,0xf7,0x9c,0xf7,0x9c,0xf7,0x9c,0xf7,0x9c,0xf7,
    0x9c,0xf7,0x9c,0xf7,0x9c,0xf7,0x9c,0xf7,0x9c,0xf7,0x9c,0xf7,0x9c,0xf7,0x9c,0xf7,0x9c,0xf7,0x9c,0xf7,0x9c,0xf7,0x9c,0xf7,
    0x9c,0xf7,0x9c,0xf7,0x9c,0xf7,0x9c,0xf7,0x9c,0xf7,0x9c,0xf7,0x9c,0xf7,0x9c,0xf7,0x9c,0xf7,0x9c,0xf7,0x9c,0xf7,0x9c,0xf7,
    0x9c,0xf7,0x9c,0xf7,0x9c,0xf7,0x9c,0xf7,0x9c,0xf7,0x9c,0xf7,0x9c,0xf7,0x9c,0xf7,0x9c,0xf7,0x9c,0xf7,0x9c,0xf7,0x9c,0xf7,
    0x9c,0xf7,0x9c,0xf7,0x9c,0xf7,0x9c,0xf7,0x9c,0xf7,0x9c,0xf7,0x9c,0xf7,0x9c,0xf7,0x9c,0xf7,0x9c,0xf7,0x9c,0xf7,0x9c,0xf7,
    0x9c,0xf7,0x9c,0xf7,0x9c,0xf7,0x9c,0xf7,0x9c,0xf7,0x9c,0xf7,0x9c,0xf7,0x9c,0xf7,0x9c,0xf7,0x9c,0xf7,0x9c,0xf7,0x9c,0xf7,
    0x9c,0xf7,0x9c,0xf7,0x9c,0xf7,0x9c,0xf7,0x9c,0xf7,0x9c,0xf7,0x9c,0xf7,0x9c,0xf7,0x9c,0xf7,0x9c,0xf7,0x9c,0xf7,0x9c,0xf7,
    0x9c,0xf7,0x9c,0xf7,0x9c,0xf7,0x9c,0xf7,0x9c,0xf7,0x9c,0xf7,0x9c,0xf7,0x9c,0xf7,0x9c,0xf7,0x9c,0xf7,0x9c,0xf7,0x9c,0xf7,
    0x9c,0xf7,0x9c,0xf7,0x9c,0xf7,0x9c,0xf7,0x9c,0xf7,0x9c,0xf7,0x9c,0xf7,0x9c,0xf7,0x9c,0xf7,0x9c,0xf7,0x9c,0xf7,0x9c,0xf7,
    0x9c,0xf7,0x9c,0xf7,0x9c,0xf7,0x9c,0xf7,0x9c,0xf7,0x9c,0xf7,0x9c,0xf7,0x9c,0xf7,0x9c,0xf7,0x9c,0xf7,0x9c,0xf7,0x9c,0xf7,
    0x9c,0xf7,0x9c,0xf7,0x9c,0xf7,0x9c,0xf7,0x9c,0xf7,0x9c,0xf7,0x9c,0xf7,0x9c,0xf7,0x9c,0xf7,0x9c,0xf7,0x9c,0xf7,0x9c,0xf7,
    0x9c,0xf7,0x9c,0xf7,0x9c,0xf7,0x9c,0xf7,0x9c,0xf7,0x9c,0xf7,0x9c,0xf7,0x9c,0xf7,0x9c,0xf7,0x9c,0xf7,0x9c,0xf7,0x9c,0xf7,
    0x9c,0xf7,0x9c,0xf7,0x9c,0xf7,0x9c,0xf7,0x9c,0xf7,0x9c,0xf7,0x9c,0xf7,0x9c,0xf7,0x9c,0xf7,0x9c,0xf7,0x9c,0xf7,0x9c,0xf7,
    0x9c,0xf7,0x9c,0xf7,0x9c,0xf7,0x9c,0xf7,0x9c,0xf7,0x9c,0xf7,0x9c,0xf7,0x9c,0xf7,0x9c,0xf7,0x9c,0xf7,0x9c,0xf7,0x9c,0xf7,
    0x9c,0xf7,0x9c,0xf7,0x9c,0xf7,0x9c,0xf7,0x9c,0xf7,0x9c,0xf7,0x9c,0xf7,0x9c,0xf7,0x9c,0xf7,0x9c,0xf7,0x9c,0xf7,0x9c,0xf7,
    0x9c,0xf7,0x9c,0xf7,0x9c,0xf7,0x9c,0xf7,0x9c,0xf7,0x9c,0xf7,0x9c,0xf7,0x9c,0xf7,0x9c,0xf7,0x9c,0xf7,0x9c,0xf7,0x9c,0xf7,
    0x9c,0xf7,0x9c,0xf7,0x9c,0xf7,0x9c,0xf7,0x9c,0xf7,0x9c,0xf7,0x9c,0xf7,0x9c,0xf7,0x9c,0xf7,0x9c,0xf7,0x9c,0xf7,0x9c,0xf7,
    0x9c,0xf7,0x9c,0xf7,0x9c,0xf7,0x9c,0xf7,0x9c,0xf7,0x9c,0xf7,0x9c,0xf7,0x9c,0xf7,0x9c,0xf7,0x9c,0xf7,0x9c,0xf7,0x9c,0xf7,
    0x9c,0xf7,0x9c,0xf7,0x9c,0xf7,0x9c,0xf7,0x9c,0xf7,0x9c,0xf7,0x9c,0xf7,0x9c,0xf7,0x9c,0xf7,0x9c,0xf7,0x9c,0xf7,0x9c,0xf7,
    0x9c,0xf7,0x9c,0xf7,0x9c,0xf7,0x9c,0xf7,0x9c,0xf7,0x9c,0xf7,0x9c,0xf7,0x9c,0xf7,0x9c,0xf7,0x9c,0xf7,0x9c,0xf7,0x9c,0xf7,
    0x9c,0xf7,0x9c,0xf7,0x9c,0xf7,0x9c,0xf7,0x9c,0xf7,0x9c,0xf7,0x9c,0xf7,0x9c,0xf7,0x9c,0xf7,0x9c,0xf7,0x9c,0xf7,0x9c,0xf7,
    0x9c,0xf7,0x9c,0xf7,0x9c,0xf7,0x9c,0xf7,0x9c,0xf7,0x9c,0xf7,0x9c,0xf7,0x9c,0xf7,0x9c,0xf7,0x9c,0xf7,0x9c,0xf7,0x9c,0xf7,
    0x9c,0xf7,0x9c,0xf7,0x9c,0xf7,0x9c,0xf7,0x9c,0xf7,0x9c,0xf7,0x9c,0xf7,0x9c,0xf7,0x9c,0xf7,0x9c,0xf7,0x9c,0xf7,0x9c,0xf7,
    0x9c,0xf7,0x9c,0xf7,0x9c,0xf7,0x9c,0xf7,0x9c,0xf7,0x9c,0xf7,0x9c,0xf7,0x9c,0xf7,0x9c,0xf7,0x9c,0xf7,0x9c,0xf7,0x9c,0xf7,
    0x9c,0xf7,0x9c,0xf7,0x9c,0xf7,0x9c,0xf7,0x9c,0xf7,0x9c,0xf7,0x9c,0xf7,0x9c,0xf7,0x9c,0xf7,0x9c,0xf7,0x9c,0xf7,0x9c,0xf7,
    0x9c,0xf7,0x9c,0xf7,0x9c,0xf7,0x9c,0xf7,0x9c,0xf7,0x9c,0xf7,0x9c,0xf7,0x9c,0xf7,0x9c,0xf7,0x9c,0xf7,0x9c,0xf7,0x9c,0xf7,
    0x9c,0xf7,0x9c,0xf7,0x9c,0xf7,0x9c,0xf7,0x9c,0xf7,0x9c,0xf7,0x9c,0xf7,0x9c,0xf7,0x9c,0xf7,0x9c,0xf7,0x9c,0xf7,0x9c,0xf7,
    0x9c,0xf7,0x9c,0xf7,0x9c,0xf7,0x9c,0xf7,0x9c,0xf7,0x9c,0xf7,0x9c,0xf7,0x9c,0xf7,0x9c,0xf7,0x9c,0xf7,0x9c,0xf7,0x9c,0xf7,
    0x9c,0xf7,0x9c,0xf7,0x9c,0xf7,0x9c,0xf7,0x9c,0xf7,0x9c,0xf7,0x9c,0xf7,0x9c,0xf7,0x9c,0xf7,0x9c,0xf7,0x9c,0xf7,0x9c,0xf7,
    0x9c,0xf7,0x9c,0xf7,0x9c,0xf7,0x9c,0xf7,0x9c,0xf7,0x9c,0xf7,0x9c,0xf7,0x9c,0xf7,0x9c,0xf7,0x9c,0xf7,0x9c,0xf7,0x9c,0xf7,
    0x9c,0xf7,0x9c,0xf7,0x9c,0xf7,0x9c,0xf7,0x9c,0xf7,0x9c,0xf7,0x9c,0xf7,0x9c,0xf7,0x9c,0xf7,0x9c,0xf7,0x9c,0xf7,0x9c,0xf7,
    0x9c,0xf7,0x9c,0xf7,0x9c,0xf7,0x9c,0xf7,0x9c,0xf7,0x9c,0xf7,0x9c,0xf7,0x9c,0xf7,0x9c,0xf7,0x9c,0xf7,0x9c,0xf7,0x9c,0xf7,
    0x9c,0xf7,0x9c,0xf7,0x9c,0xf7,0x9c,0xf7,0x9c,0xf7,0x9c,0xf7,0x9c,0xf7,0x9c,0xf7,0x9c,0xf7,0x9c,0xf7,0x9c,0xf7,0x9c,0xf7,
    0x9c,0xf7,0x9c,0xf7,0x9c,0xf7,0x9c,0xf7,0x9c,0xf7,0x9c,0xf7,0x9c,0xf7,0x9c,0xf7,0x9c,0xf7,0x9c,0xf7,0x9c,0xf7,0x9c,0xf7,
    0x9c,0xf7,0x9c,0xf7,0x9c,0xf7,0x9c,0xf7,0x9c,0xf7,0x9c,0xf7,0x9c,0xf7,0x9c,0xf7,0x9c,0xf7,0x9c,0xf7,0x9c,0xf7,0x9c,0xf7,
    0x9c,0xf7,0x9c,0xf7,0x9c,0xf7,0x9c,0xf7,0x9c,0xf7,0x9c,0xf7,0x9c,0xf7,0x9c,0xf7,0x9c,0xf7,0x9c,0xf7,0x9c,0xf7,0x9c,0xf7,
    0x9c,0xf7,0x9c,0xf7,0x9c,0xf7,0x9c,0xf7,0x9c,0xf7,0x9c,0xf7,0x9c,0xf7,0x9c,0xf7,0x9c,0xf7,0x9c,0xf7,0x9c,0xf7,0x9c,0xf7,
    0x9c,0xf7,0x9c,0xf7,0x9c,0xf7,0x9c,0xf7,0x9c,0xf7,0x9c,0xf7,0x9c,0xf7,0x9c,0xf7,0x9c,0xf7,0x9c,0xf7,0x9c,0xf7,0x9c,0xf7,
    0x9c,0xf7,0x9c,0xf7,0x9c,0xf7,0x9c,0xf7,0x9c,0xf7,0x9c,0xf7,0x9c,0xf7,0x9c,0xf7,0x9c,0xf7,0x9c,0xf7,0x9c,0xf7,0x9c,0xf7,
    0x9c,0xf7,0x9c,0xf7,0x9c,0xf7,0x9c,0xf7,0x9c,0xf7,0x9c,0xf7,0x9c,0xf7,0x9c,0xf7,0x9c,0xf7,0x9c,0xf7,0x9c,0xf7,0x9c,0xf7,
    0x9c,0xf7,0x9c,0xf7,0x9c,0xf7,0x9c,0xf7,0x9c,0xf7,0x9c,0xf7,0x9c,0xf7,0x9c,0xf7,0x9c,0xf7,0x9c,0xf7,0x9c,0xf7,0x9c,0xf7,
    0x9c,0xf7,0x9c,0xf7,0x9c,0xf7,0x9c,0xf7,0x9c,0xf7,0x9c,0xf7,0x9c,0xf7,0x9c,0xf7,0x9c,0xf7,0x9c,0xf7,0x9c,0xf7,0x9c,0xf7,
    0x9c,0xf7,0x9c,0xf7,0x9c,0xf7,0x9c,0xf7,0x9c,0xf7,0x9c,0xf7,0x9c,0xf7,0x9c,0xf7,0x9c,0xf7,0x9c,0xf7,0x9c,0xf7,0x9c,0xf7,
    0x9c,0xf7,0x9c,0xf7,0x9c,0xf7,0x9c,0xf7,0x9c,0xf7,0x9c,0xf7,0x9c,0xf7,0x9c,0xf7,0x9c,0xf7,0x9c,0xf7,0x9c,0xf7,0x9c,0xf7,
    0x9c,0xf7,0x9c,0xf7,0x9c,0xf7,0x9c,0xf7,0x9c,0xf7,0x9c,0xf7,0x9c,0xf7,0x9c,0xf7,0x9c,0xf7,0x9c,0xf7,0x9c,0xf7,0x9c,0xf7,
    0x9c,0xf7,0x9c,0xf7,0x9c,0xf7,0x9c,0xf7,0x9c,0xf7,0x9c,0xf7,0x9c,0xf7,0x9c,0xf7,0x9c,0xf7,0x9c,0xf7,0x9c,0xf7,0x9c,0xf7,
    0x9c,0xf7,0x9c,0xf7,0x9c,0xf7,0x9c,0xf7,0x9c,0xf7,0x9c,0xf7,0x9c,0xf7,0x9c,0xf7,0x9c,0xf7,0x9c,0xf7,0x9c,0xf7,0x9c,0xf7,
    0x9c,0xf7,0x9c,0xf7,0x9c,0xf7,0x9c,0xf7,0x9c,0xf7,0x9c,0xf7,0x9c,0xf7,0x9c,0xf7,0x9c,0xf7,0x9c,0xf7,0x9c,0xf7,0x9c,0xf7,
    0x9c,0xf7,0x9c,0xf7,0x9c,0xf7,0x9c,0xf7,0x9c,0xf7,0x9c,0xf7,0x9c,0xf7,0x9c,0xf7,0x9c,0xf7,0x9c,0xf7,0x9c,0xf7,0x9c,0xf7,
    0x9c,0xf7,0x9c,0xf7,0x9c,0xf7,0x9c,0xf7,0x9c,0xf7,0x9c,0xf7,0x9c,0xf7,0x9c,0xf7,0x9c,0xf7,0x9c,0xf7,0x9c,0xf7,0x9c,0xf7,
    0x9c,0xf7,0x9c,0xf7,0x9c,0xf7,0x9c,0xf7,0x9c,0xf7,0x9c,0xf7,0x9c,0xf7,0x9c,0xf7,0x9c,0xf7,0x9c,0xf7,0x9c,0xf7,0x9c,0xf7,
    0x9c,0xf7,0x9c,0xf7,0x9c,0xf7,0x9c,0xf7,0x9c,0xf7,0x9c,0xf7,0x9c,0xf7,0x9c,0xf7,0x9c,0xf7,0x9c,0xf7,0x9c,0xf7,0x9c,0xf7,
    0x9c,0xf7,0x9c,0xf7,0x9c,0xf7,0x9c,0xf7,0x9c,0xf7,0x9c,0xf7,0x9c,0xf7,0x9c,0xf7,0x9c,0xf7,0x9c,0xf7,0x9c,0xf7,0x9c,0xf7,
    0x9c,0xf7,0x9c,0xf7,0x9c,0xf7,0x9c,0xf7,0x9c,0xf7,0x9c,0xf7,0x9c,0xf7,0x9c,0xf7,0x9c,0xf7,0x9c,0xf7,0x9c,0xf7,0x9c,0xf7,
    0x9c,0xf7,0x9c,0xf7,0x9c,0xf7,0x9c,0xf7,0x9c,0xf7,0x9c,0xf7,0x9c,0xf7,0x9c,0xf7,0x9c,0xf7,0x9c,0xf7,0x9c,0xf7,0x9c,0xf7,
    0x9c,0xf7,0x9c,0xf7,0x9c,0xf7,0x9c,0xf7,0x9c,0xf7,0x9c,0xf7,0x9c,0xf7,0x9c,0xf7,0x9c,0xf7,0x9c,0xf7,0x9c,0xf7,0x9c,0xf7,
    0x9c,0xf7,0x9c,0xf7,0x9c,0xf7,0x9c,0xf7,0x9c,0xf7,0x9c,0xf7,0x9c,0xf7,0x9c,0xf7,0x9c,0xf7,0x9c,0xf7,0x9c,0xf7,0x9c,0xf7,
    0x9c,0xf7,0x9c,0xf7,0x9c,0xf7,0x9c,0xf7,0x9c,0xf7,0x9c,0xf7,0x9c,0xf7,0x9c,0xf7,0x9c,0xf7,0x9c,0xf7,0x9c,0xf7,0x9c,0xf7,
    0x9c,0xf7,0x9c,0xf7,0x9c,0xf7,0x9c,0xf7,0x9c,0xf7,0x9c,0xf7,0x9c,0xf7,0x9c,0xf7,0x9c,0xf7,0x9c,0xf7,0x9c,0xf7,0x9c,0xf7,
    0x9c,0xf7,0x9c,0xf7,0x9c,0xf7,0x9c,0xf7,0x9c,0xf7,0x9c,0xf7,0x9c,0xf7,0x9c,0xf7,0x9c,0xf7,0x9c,0xf7,0x9c,0xf7,0x9c,0xf7,
    0x9c,0xf7,0x9c,0xf7,0x9c,0xf7,0x9c,0xf7,0x9c,0xf7,0x9c,0xf7,0x9c,0xf7,0x9c,0xf7,0x9c,0xf7,0x9c,0xf7,0x9c,0xf7,0x9c,0xf7,
    0x9c,0xf7,0x9c,0xf7,0x9c,0xf7,0x9c,0xf7,0x9c,0xf7,0x9c,0xf7,0x9c,0xf7,0x9c,0xf7,0x9c,0xf7,0x9c,0xf7,0x9c,0xf7,0x9c,0xf7,
    0x9c,0xf7,0x9c,0xf7,0x9c,0xf7,0x9c,0xf7,0x9c,0xf7,0x9c,0xf7,0x9c,0xf7,0x9c,0xf7,0x9c,0xf7,0x9c,0xf7,0x9c,0xf7,0x9c,0xf7,
    0x9c,0xf7,0x9c,0xf7,0x9c,0xf7,0x9c,0xf7,0x9c,0xf7,0x9c,0xf7,0x9c,0xf7,0x9c,0xf7,0x9c,0xf7,0x9c,0xf7,0x9c,0xf7,0x9c,0xf7,
    0x9c,0xf7,0x9c,0xf7,0x9c,0xf7,0x9c,0xf7,0x9c,0xf7,0x9c,0xf7,0x9c,0xf7,0x9c,0xf7,0x9c,0xf7,0x9c,0xf7,0x9c,0xf7,0x9c,0xf7,
    0x9c,0xf7,0x9c,0xf7,0x9c,0xf7,0x9c,0xf7,0x9c,0xf7,0x9c,0xf7,0x9c,0xf7,0x9c,0xf7,0x9c,0xf7,0x9c,0xf7,0x9c,0xf7,0x9c,0xf7,
    0x9c,0xf7,0x9c,0xf7,0x9c,0xf7,0x9c,0xf7,0x9c,0xf7,0x9c,0xf7,0x9c,0xf7,0x9c,0xf7,0x9c,0xf7,0x9c,0xf7,0x9c,0xf7,0x9c,0xf7,
    0x9c,0xf7,0x9c,0xf7,0x9c,0xf7,0x9c,0xf7,0x9c,0xf7,0x9c,0xf7,0x9c,0xf7,0x9c,0xf7,0x9c,0xf7,0x9c,0xf7,0x9c,0xf7,0x9c,0xf7,
    0x9c,0xf7,0x9c,0xf7,0x9c,0xf7,0x9c,0xf7,0x9c,0xf7,0x9c,0xf7,0x9c,0xf7,0x9c,0xf7,0x9c,0xf7,0x9c,0xf7,0x9c,0xf7,0x9c,0xf7,
    0x9c,0xf7,0x9c,0xf7,0x9c,0xf7,0x9c,0xf7,0x9c,0xf7,0x9c,0xf7,0x9c,0xf7,0x9c,0xf7,0x9c,0xf7,0x9c,0xf7,0x9c,0xf7,0x9c,0xf7,
    0x9c,0xf7,0x9c,0xf7,0x9c,0xf7,0x9c,0xf7,0x9c,0xf7,0x9c,0xf7,0x9c,0xf7,0x9c,0xf7,0x9c,0xf7,0x9c,0xf7,0x9c,0xf7,0x9c,0xf7,
    0x9c,0xf7,0x9c,0xf7,0x9c,0xf7,0x9c,0xf7,0x9c,0xf7,0x9c,0xf7,0x9c,0xf7,0x9c,0xf7,0x9c,0xf7,0x9c,0xf7,0x9c,0xf7,0x9c,0xf7,
    0x9c,0xf7,0x9c,0xf7,0x9c,0xf7,0x9c,0xf7,0x9c,0xf7,0x9c,0xf7,0x9c,0xf7,0x9c,0xf7,0x9c,0xf7,0x9c,0xf7,0x9c,0xf7,0x9c,0xf7,
    0x9c,0xf7,0x9c,0xf7,0x9c,0xf7,0x9c,0xf7,0x9c,0xf7,0x9c,0xf7,0x9c,0xf7,0x9c,0xf7,0x9c,0xf7,0x9c,0xf7,0x9c,0xf7,0x9c,0xf7,
    0x9c,0xf7,0x9c,0xf7,0xd5,0xbd,0xaa,0x52,0x2b,0x63,0x2b,0x6b,0x0a,0x63,0x0a,0x63,0x0a,0x63,0x0a,0x63,0x2b,0x6b,0x2b,0x6b,
    0x0b,0x63,0x0a,0x63,0x0b,0x63,0x0b,0x63,0x0b,0x63,0x0b,0x63,0x0b,0x63,0x0b,0x63,0x2b,0x6b,0x0b,0x63,0x0b,0x63,0x0a,0x63,
    0x0a,0x63,0x0a,0x63,0x0b,0x63,0x0a,0x63,0x0a,0x63,0x0a,0x63,0x0a,0x63,0x0a,0x63,0x0a,0x63,0x0b,0x63,0x0a,0x63,0x0a,0x63,
    0x0a,0x63,0x0a,0x63,0x0a,0x63,0x0a,0x63,0x2b,0x6b,0x0a,0x6b,0x0a,0x63,0xea,0x62,0x89,0x52,0x16,0xc6,0x9c,0xf7,0x9c,0xf7,
    0x9c,0xf7,0x94,0xb5,0x68,0x52,0x34,0xd6,0xee,0xac,0xae,0xa4,0xce,0xa4,0xcf,0xac,0x0f,0xad,0xef,0xac,0xef,0xac,0xef,0xac,
    0xef,0xac,0xef,0xac,0xef,0xac,0xef,0xac,0xef,0xac,0xef,0xac,0xef,0xac,0xef,0xac,0xef,0xac,0xef,0xac,0xef,0xac,0x0f,0xad,
    0xee,0xac,0xce,0xac,0xef,0xac,0xef,0xac,0xee,0xac,0xce,0xac,0xee,0xac,0xee,0xac,0xee,0xac,0xef,0xac,0xef,0xac,0xee,0xac,
    0xce,0xac,0xce,0xac,0xce,0xac,0xce,0xac,0xce,0xac,0xce,0xac,0xae,0xa4,0x0e,0xb5,0xd1,0xcd,0xa5,0x39,0xd5,0xbd,0x9c,0xf7,
    0x9c,0xf7,0xc6,0x39,0x34,0xd6,0x09,0x6b,0x2c,0x63,0x2c,0x6b,0x2c,0x63,0x0c,0x63,0x0c,0x63,0x0c,0x63,0x0c,0x63,0x0c,0x63,
    0x0c,0x63,0x0c,0x63,0xeb,0x5a,0xcb,0x5a,0xeb,0x5a,0xeb,0x5a,0xeb,0x5a,0xcb,0x5a,0xcb,0x5a,0xcb,0x5a,0xeb,0x5a,0xeb,0x5a,
    0xeb,0x5a,0xeb,0x5a,0xeb,0x5a,0xcb,0x5a,0xeb,0x5a,0xcb,0x5a,0xcb,0x5a,0xeb,0x5a,0xeb,0x5a,0xcb,0x5a,0xeb,0x5a,0xeb,0x5a,
    0xeb,0x62,0xeb,0x5a,0xeb,0x5a,0xeb,0x5a,0xeb,0x5a,0xeb,0x5a,0x0c,0x63,0xe7,0x41,0xcb,0x83,0x70,0xc5,0xa6,0x39,0x9c,0xf7,
    0x9c,0xf7,0x07,0x42,0x30,0xbd,0x89,0x52,0x8e,0x73,0x45,0x29,0x04,0x21,0xe3,0x18,0xe3,0x18,0xc3,0x18,0xc3,0x18,0xc3,0x18,
    0xc3,0x18,0xc3,0x18,0xc3,0x18,0x24,0x21,0x44,0x29,0x24,0x21,0x24,0x21,0x24,0x21,0xe3,0x18,0x82,0x10,0xa2,0x10,0x82,0x10,
    0xa2,0x10,0xa2,0x10,0xc3,0x18,0x04,0x21,0x24,0x21,0x04,0x21,0xe3,0x18,0x82,0x10,0xa2,0x10,0x82,0x10,0x82,0x10,0x82,0x10,
    0xa2,0x10,0x82,0x10,0x82,0x10,0xe3,0x18,0x24,0x21,0x24,0x21,0x04,0x21,0x04,0x21,0x04,0x21,0xb1,0xc5,0x43,0x29,0x9c,0xf7,
    0x9c,0xf7,0x27,0x42,0x50,0xbd,0x69,0x4a,0x82,0x10,0x00,0x00,0x48,0x4a,0x88,0x52,0x68,0x52,0x68,0x52,0x68,0x52,0x48,0x4a,
    0x68,0x4a,0x68,0x52,0xc6,0x39,0x00,0x00,0x00,0x00,0x00,0x00,0x00,0x00,0x00,0x00,0xc2,0x18,0x89,0x52,0x68,0x52,0x68,0x52,
    0x68,0x4a,0x89,0x52,0x64,0x29,0x00,0x00,0x00,0x00,0x00,0x00,0xa2,0x18,0x89,0x52,0x68,0x52,0x68,0x52,0x68,0x52,0x68,0x52,
    0x48,0x4a,0x68,0x52,0x27,0x42,0xe3,0x18,0x00,0x00,0x00,0x00,0x00,0x00,0x00,0x00,0x86,0x31,0x91,0xc5,0x43,0x29,0x9c,0xf7,
    0x9c,0xf7,0x07,0x42,0x71,0xbd,0x07,0x42,0x82,0x10,0xc3,0x18,0xda,0xff,0xfb,0xff,0xfb,0xff,0xfb,0xff,0xfc,0xff,0xfd,0xff,
    0xfc,0xff,0xfb,0xff,0xfb,0xff,0x96,0xd6,0x65,0x31,0x20,0x00,0x41,0x08,0x00,0x00,0xca,0x5a,0xfc,0xff,0xfb,0xff,0xfb,0xff,
    0xda,0xff,0xfc,0xff,0x11,0xad,0x00,0x00,0x41,0x08,0x00,0x00,0xa9,0x5a,0xfc,0xff,0xd9,0xff,0xfa,0xff,0xfa,0xff,0xfb,0xff,
    0xfb,0xff,0xfa,0xff,0xda,0xff,0x99,0xff,0x6f,0x94,0x20,0x00,0x20,0x00,0x20,0x00,0x86,0x31,0xb1,0xc5,0x43,0x29,0x9c,0xf7,
    0x9c,0xf7,0x27,0x42,0x71,0xbd,0xe7,0x39,0xa2,0x10,0x20,0x00,0x4b,0x73,0xba,0xff,0x38,0xf7,0x99,0xff,0x14,0xce,0xed,0x8b,
    0x14,0xd6,0x78,0xff,0x38,0xf7,0xfa,0xff,0x92,0xbd,0x00,0x00,0x20,0x00,0x00,0x00,0xe3,0x18,0xf7,0xee,0x78,0xff,0x58,0xff,
    0x38,0xf7,0xb9,0xff,0x92,0xc5,0x00,0x00,0x20,0x00,0x20,0x00,0x61,0x10,0x10,0xad,0xb9,0xff,0x37,0xf7,0x78,0xff,0x10,0xad,
    0x6e,0x9c,0x17,0xf7,0x57,0xff,0x78,0xff,0xfa,0xff,0x68,0x52,0x00,0x00,0x20,0x08,0x86,0x31,0x91,0xc5,0x43,0x29,0x9c,0xf7,
    0x9c,0xf7,0x27,0x4a,0x71,0xbd,0xa6,0x39,0x82,0x10,0x00,0x00,0x86,0x31,0xba,0xff,0x38,0xf7,0xfa,0xff,0x6e,0x94,0x00,0x00,
    0xa6,0x39,0xb9,0xff,0x58,0xf7,0x99,0xff,0x55,0xde,0x00,0x00,0x20,0x00,0x00,0x00,0xa6,0x39,0x99,0xff,0x37,0xf7,0x16,0xf7,
    0x58,0xff,0x58,0xff,0x58,0xff,0x23,0x29,0x00,0x00,0x40,0x08,0x00,0x00,0xac,0x7b,0xfa,0xff,0x37,0xf7,0xd9,0xff,0x06,0x4a,
    0x00,0x00,0x6f,0x94,0xd9,0xff,0x17,0xf7,0xd9,0xff,0x0d,0x8c,0x00,0x00,0x40,0x08,0x86,0x31,0x91,0xc5,0x43,0x29,0x9c,0xf7,
    0x9c,0xf7,0x27,0x4a,0x71,0xbd,0xa6,0x31,0x61,0x08,0x00,0x00,0xe6,0x41,0x99,0xff,0x37,0xf7,0xb9,0xff,0x11,0xad,0x44,0x29,
    0x2e,0x8c,0xb9,0xff,0x37,0xf7,0xb9,0xff,0xcc,0x83,0x00,0x00,0x40,0x08,0x00,0x00,0x2e,0x8c,0xfa,0xff,0xf3,0xcd,0x6e,0x9c,
    0xb9,0xff,0x17,0xf7,0xfa,0xff,0x4a,0x73,0x00,0x00,0x41,0x08,0x00,0x00,0xcc,0x83,0xd9,0xff,0x17,0xf7,0xb9,0xff,0xa8,0x5a,
    0xa2,0x10,0x72,0xbd,0x77,0xff,0x37,0xff,0xfa,0xff,0x88,0x52,0x00,0x00,0x20,0x00,0x86,0x31,0x91,0xc5,0x44,0x31,0x9c,0xf7,
    0x9c,0xf7,0x27,0x4a,0x50,0xbd,0x65,0x29,0x61,0x08,0x00,0x00,0xc6,0x39,0x79,0xff,0x37,0xff,0x37,0xff,0x78,0xff,0xb9,0xff,
    0xb8,0xff,0x37,0xff,0x57,0xff,0x8e,0x9c,0x00,0x00,0x20,0x00,0x00,0x00,0x41,0x00,0x13,0xd6,0xf9,0xff,0xec,0x8b,0x03,0x21,
    0x78,0xff,0x16,0xf7,0x98,0xff,0x71,0xbd,0x00,0x00,0x20,0x08,0x00,0x00,0xac,0x83,0xb8,0xff,0x16,0xf7,0x37,0xff,0xb5,0xee,
    0xd6,0xee,0x57,0xff,0x36,0xff,0xf6,0xee,0x8b,0x7b,0x20,0x00,0x00,0x00,0x20,0x00,0x85,0x31,0x91,0xc5,0x43,0x29,0x9c,0xf7,
    0x9c,0xf7,0x27,0x4a,0x4f,0xbd,0x65,0x29,0x61,0x08,0x00,0x00,0xc6,0x39,0x78,0xff,0x16,0xf7,0x57,0xff,0x54,0xde,0x10,0xad,
    0x74,0xe6,0x36,0xff,0x16,0xf7,0x37,0xf7,0x0d,0x8c,0x00,0x00,0x00,0x00,0xc6,0x39,0x57,0xff,0x36,0xff,0x0d,0x8c,0x28,0x4a,
    0xd5,0xee,0x57,0xff,0x37,0xff,0x16,0xf7,0xe2,0x18,0x00,0x00,0x00,0x00,0xac,0x83,0x97,0xff,0xf5,0xf6,0x15,0xf7,0xb5,0xee,
    0xf6,0xf6,0x16,0xff,0x15,0xf7,0xd5,0xe6,0xa9,0x5a,0x00,0x00,0x20,0x00,0x20,0x00,0x85,0x31,0x70,0xc5,0x43,0x29,0x9c,0xf7,
    0x9c,0xf7,0x07,0x42,0x70,0xbd,0x45,0x29,0x61,0x08,0x00,0x00,0xe6,0x41,0x57,0xff,0xf5,0xf6,0x98,0xff,0x6e,0x9c,0x00,0x00,
    0x64,0x29,0xf6,0xf6,0x16,0xff,0x36,0xff,0x57,0xff,0x64,0x31,0x00,0x00,0x4e,0x94,0x77,0xff,0x16,0xff,0xb8,0xff,0xf8,0xff,
    0x77,0xff,0x15,0xf7,0xf5,0xf6,0x97,0xff,0xa8,0x5a,0x20,0x00,0x00,0x00,0xcc,0x83,0x77,0xff,0xd4,0xee,0x77,0xff,0x67,0x5a,
    0xe2,0x20,0x74,0xe6,0x15,0xff,0x15,0xff,0x56,0xff,0x44,0x29,0x00,0x00,0x20,0x00,0x65,0x29,0x70,0xc5,0x43,0x29,0x9c,0xf7,
    0x9c,0xf7,0x07,0x42,0x50,0xbd,0x65,0x29,0x61,0x08,0x00,0x00,0x85,0x31,0x56,0xff,0xd5,0xee,0x77,0xff,0x6e,0x9c,0x00,0x00,
    0x44,0x29,0xf5,0xf6,0xf5,0xf6,0xd5,0xee,0x56,0xff,0xa4,0x39,0x00,0x00,0x54,0xde,0x56,0xff,0x50,0xbd,0xe9,0x62,0xe9,0x62,
    0xed,0x8b,0x36,0xff,0xd4,0xf6,0x77,0xff,0xef,0xac,0x00,0x00,0x00,0x00,0x6b,0x7b,0x55,0xff,0x93,0xee,0x56,0xff,0x26,0x4a,
    0x00,0x00,0xae,0xa4,0x56,0xff,0xb4,0xee,0x36,0xff,0x06,0x42,0x00,0x00,0x20,0x00,0x65,0x29,0x70,0xbd,0x43,0x29,0x9c,0xf7,
    0x9c,0xf7,0x07,0x42,0x50,0xbd,0x65,0x29,0x41,0x08,0x41,0x08,0x4e,0x94,0x36,0xff,0xd4,0xf6,0x15,0xff,0x53,0xde,0xef,0xac,
    0x34,0xde,0x15,0xff,0xd5,0xf6,0x77,0xff,0x13,0xd6,0x81,0x10,0x4e,0x94,0xf5,0xfe,0x15,0xff,0x71,0xbd,0x40,0x08,0x00,0x00,
    0x4b,0x73,0x15,0xff,0xd4,0xf6,0xd5,0xf6,0xd4,0xf6,0x87,0x5a,0xe3,0x18,0xb2,0xcd,0xf4,0xf6,0xb4,0xee,0x15,0xff,0xae,0xa4,
    0x20,0x08,0x4d,0x94,0x56,0xff,0x94,0xee,0xf4,0xfe,0xce,0xac,0x82,0x10,0x20,0x00,0x65,0x29,0x6f,0xbd,0x43,0x29,0x9c,0xf7,
    0x9c,0xf7,0x06,0x42,0x2f,0xbd,0x65,0x29,0x20,0x00,0xc2,0x18,0x15,0xff,0x15,0xff,0x15,0xff,0x15,0xff,0x36,0xff,0x56,0xff,
    0x35,0xff,0xf5,0xf6,0xb4,0xee,0x91,0xc5,0x44,0x29,0x03,0x21,0x76,0xff,0xf4,0xf6,0xd4,0xf6,0x75,0xff,0x26,0x4a,0x20,0x00,
    0xb5,0xee,0x15,0xff,0xd4,0xf6,0xf5,0xf6,0x76,0xff,0x0f,0xb5,0x67,0x52,0xb6,0xff,0xd4,0xf6,0xd4,0xf6,0xf4,0xf6,0x14,0xff,
    0x81,0x10,0x88,0x5a,0x56,0xff,0xd4,0xf6,0xd4,0xf6,0x15,0xff,0x64,0x31,0x00,0x00,0x86,0x31,0x6f,0xbd,0x43,0x29,0x9c,0xf7,
    0x9c,0xf7,0x07,0x42,0x0e,0xbd,0x65,0x31,0x00,0x00,0x00,0x00,0x44,0x29,0x44,0x29,0x44,0x29,0x44,0x29,0x43,0x29,0x23,0x29,
    0x23,0x29,0x23,0x29,0xc2,0x18,0x00,0x00,0x00,0x00,0x20,0x00,0x23,0x29,0x43,0x29,0x23,0x29,0x43,0x29,0x40,0x08,0x00,0x00,
    0x03,0x21,0x44,0x29,0x23,0x29,0x43,0x29,0x44,0x29,0xc2,0x18,0x41,0x08,0x44,0x29,0x23,0x29,0x23,0x29,0x44,0x29,0x23,0x21,
    0x00,0x00,0x00,0x00,0x23,0x29,0x44,0x29,0x23,0x29,0x03,0x21,0x00,0x00,0x00,0x00,0x65,0x31,0x4f,0xbd,0x43,0x29,0x9c,0xf7,
    0x9c,0xf7,0x85,0x31,0xb0,0xcd,0xa2,0x10,0xe3,0x18,0x82,0x10,0x41,0x08,0x41,0x08,0x41,0x08,0x41,0x08,0x41,0x08,0x41,0x08,
    0x61,0x08,0x41,0x08,0x61,0x08,0xa2,0x10,0xa2,0x10,0x82,0x10,0x41,0x00,0x41,0x08,0x41,0x08,0x41,0x08,0x82,0x10,0xa2,0x10,
    0x61,0x08,0x41,0x08,0x61,0x08,0x61,0x08,0x41,0x08,0x61,0x08,0x82,0x10,0x41,0x08,0x41,0x08,0x61,0x08,0x41,0x08,0x41,0x08,
    0x82,0x10,0x82,0x10,0x61,0x08,0x41,0x08,0x41,0x08,0x62,0x08,0xa2,0x10,0x24,0x29,0x85,0x31,0x6f,0xc5,0x02,0x21,0x9c,0xf7,
    0x9c,0xf7,0x24,0x21,0xcd,0xac,0x0f,0xb5,0xca,0x5a,0xea,0x62,0x0b,0x63,0x0b,0x63,0xea,0x62,0xea,0x62,0x0a,0x63,0x0b,0x63,
    0x0a,0x63,0xea,0x62,0xea,0x62,0xea,0x62,0x0b,0x63,0xea,0x62,0xea,0x62,0xea,0x62,0xea,0x62,0xea,0x62,0xea,0x62,0xea,0x62,
    0xea,0x62,0xea,0x62,0x0a,0x63,0x0a,0x63,0x0a,0x63,0xea,0x62,0xea,0x62,0xea,0x62,0x0a,0x63,0x0a,0x63,0x0a,0x63,0x0a,0x63,
    0xea,0x62,0xea,0x62,0x0a,0x63,0xea,0x62,0xea,0x62,0x0b,0x63,0xea,0x62,0xea,0x62,0x71,0xc5,0xea,0x93,0x65,0x29,0x9c,0xf7,
    0x9c,0xf7,0x53,0xad,0x81,0x10,0xea,0x8b,0xcd,0xb4,0xce,0xac,0xce,0xac,0xcd,0xac,0xee,0xac,0xcd,0xac,0xcd,0xac,0xad,0xac,
    0xad,0xac,0xad,0xac,0xcd,0xac,0xce,0xac,0xcd,0xac,0xcd,0xac,0xcd,0xac,0xcd,0xac,0xcd,0xac,0xcd,0xac,0xcd,0xac,0xcd,0xac,
    0xcd,0xac,0xcd,0xac,0xcd,0xac,0xad,0xac,0xcd,0xac,0xcd,0xac,0xac,0xac,0xcd,0xac,0xcd,0xac,0xcd,0xac,0xcd,0xb4,0xcd,0xac,
    0xcd,0xac,0xcd,0xac,0xac,0xac,0xad,0xac,0xac,0xac,0x8c,0xac,0x8c,0xac,0xac,0xac,0x48,0x7b,0x61,0x10,0x94,0xb5,0x9c,0xf7,
    0x9c,0xf7,0x9c,0xf7,0x33,0xad,0xc6,0x39,0xe3,0x18,0xc3,0x18,0xc3,0x18,0xc3,0x18,0xc3,0x18,0xc3,0x18,0xc3,0x18,0xc3,0x18,
    0xc3,0x18,0xc3,0x18,0xc3,0x18,0xc3,0x18,0xe3,0x18,0xc3,0x18,0xc3,0x18,0xc3,0x18,0xc3,0x18,0xc3,0x18,0xc3,0x18,0xc2,0x18,
    0xc3,0x18,0xc3,0x18,0xc2,0x18,0xc3,0x18,0xc3,0x18,0xc3,0x18,0xc2,0x18,0xc2,0x18,0xc3,0x18,0xa2,0x10,0xc2,0x18,0xc3,0x18,
    0xc3,0x18,0xc2,0x18,0xc3,0x18,0xc3,0x18,0xc3,0x18,0xc2,0x18,0xc3,0x18,0xc3,0x18,0xe7,0x39,0x94,0xb5,0x9c,0xf7,0x9c,0xf7,
    0x9c,0xf7,0x9c,0xf7,0x9c,0xf7,0x9c,0xf7,0x9c,0xf7,0x9c,0xf7,0x9c,0xf7,0x9c,0xf7,0x9c,0xf7,0x9c,0xf7,0x9c,0xf7,0x9c,0xf7,
    0x9c,0xf7,0x9c,0xf7,0x9c,0xf7,0x9c,0xf7,0x9c,0xf7,0x9c,0xf7,0x9c,0xf7,0x9c,0xf7,0x9c,0xf7,0x9c,0xf7,0x9c,0xf7,0x9c,0xf7,
    0x9c,0xf7,0x9c,0xf7,0x9c,0xf7,0x9c,0xf7,0x9c,0xf7,0x9c,0xf7,0x9c,0xf7,0x9c,0xf7,0x9c,0xf7,0x9c,0xf7,0x9c,0xf7,0x9c,0xf7,
    0x9c,0xf7,0x9c,0xf7,0x9c,0xf7,0x9c,0xf7,0x9c,0xf7,0x9c,0xf7,0x9c,0xf7,0x9c,0xf7,0x9c,0xf7,0x9c,0xf7,0x9c,0xf7,0x9c,0xf7,
    0x9c,0xf7,0x9c,0xf7,0x9c,0xf7,0x9c,0xf7,0x9c,0xf7,0x9c,0xf7,0x9c,0xf7,0x9c,0xf7,0x9c,0xf7,0x9c,0xf7,0x9c,0xf7,0x9c,0xf7,
    0x9c,0xf7,0x9c,0xf7,0x9c,0xf7,0x9c,0xf7,0x9c,0xf7,0x9c,0xf7,0x9c,0xf7,0x9c,0xf7,0x9c,0xf7,0x9c,0xf7,0x9c,0xf7,0x9c,0xf7,
    0x9c,0xf7,0x9c,0xf7,0x9c,0xf7,0x9c,0xf7,0x9c,0xf7,0x9c,0xf7,0x9c,0xf7,0x9c,0xf7,0x9c,0xf7,0x9c,0xf7,0x9c,0xf7,0x9c,0xf7,
    0x9c,0xf7,0x9c,0xf7,0x9c,0xf7,0x9c,0xf7,0x9c,0xf7,0x9c,0xf7,0x9c,0xf7,0x9c,0xf7,0x9c,0xf7,0x9c,0xf7,0x9c,0xf7,0x9c,0xf7,
    0x9c,0xf7,0x9c,0xf7,0x9c,0xf7,0x9c,0xf7,0x9c,0xf7,0x9c,0xf7,0x9c,0xf7,0x9c,0xf7,0x9c,0xf7,0x9c,0xf7,0x9c,0xf7,0x9c,0xf7,
    0x9c,0xf7,0x9c,0xf7,0x9c,0xf7,0x9c,0xf7,0x9c,0xf7,0x9c,0xf7,0x9c,0xf7,0x9c,0xf7,0x9c,0xf7,0x9c,0xf7,0x9c,0xf7,0x9c,0xf7,
    0x9c,0xf7,0x9c,0xf7,0x9c,0xf7,0x9c,0xf7,0x9c,0xf7,0x9c,0xf7,0x9c,0xf7,0x9c,0xf7,0x9c,0xf7,0x9c,0xf7,0x9c,0xf7,0x9c,0xf7,
    0x9c,0xf7,0x9c,0xf7,0x9c,0xf7,0x9c,0xf7,0x9c,0xf7,0x9c,0xf7,0x9c,0xf7,0x9c,0xf7,0x9c,0xf7,0x9c,0xf7,0x9c,0xf7,0x9c,0xf7,
    0x9c,0xf7,0x9c,0xf7,0x9c,0xf7,0x9c,0xf7,0x9c,0xf7,0x9c,0xf7,0x9c,0xf7,0x9c,0xf7,0x9c,0xf7,0x9c,0xf7,0x9c,0xf7,0x9c,0xf7,
    0x9c,0xf7,0x9c,0xf7,0x9c,0xf7,0x9c,0xf7,0x9c,0xf7,0x9c,0xf7,0x9c,0xf7,0x9c,0xf7,0x9c,0xf7,0x9c,0xf7,0x9c,0xf7,0x9c,0xf7,
    0x9c,0xf7,0x9c,0xf7,0x9c,0xf7,0x9c,0xf7,0x9c,0xf7,0x9c,0xf7,0x9c,0xf7,0x9c,0xf7,0x9c,0xf7,0x9c,0xf7,0x9c,0xf7,0x9c,0xf7,
    0x9c,0xf7,0x9c,0xf7,0x9c,0xf7,0x9c,0xf7,0x9c,0xf7,0x9c,0xf7,0x9c,0xf7,0x9c,0xf7,0x9c,0xf7,0x9c,0xf7,0x9c,0xf7,0x9c,0xf7,
    0x9c,0xf7,0x9c,0xf7,0x9c,0xf7,0x9c,0xf7,0x9c,0xf7,0x9c,0xf7,0x9c,0xf7,0x9c,0xf7,0x9c,0xf7,0x9c,0xf7,0x9c,0xf7,0x9c,0xf7,
    0x9c,0xf7,0x9c,0xf7,0x9c,0xf7,0x9c,0xf7,0x9c,0xf7,0x9c,0xf7,0x9c,0xf7,0x9c,0xf7,0x9c,0xf7,0x9c,0xf7,0x9c,0xf7,0x9c,0xf7,
    0x9c,0xf7,0x9c,0xf7,0x9c,0xf7,0x9c,0xf7,0x9c,0xf7,0x9c,0xf7,0x9c,0xf7,0x9c,0xf7,0x9c,0xf7,0x9c,0xf7,0x9c,0xf7,0x9c,0xf7,
    0x9c,0xf7,0x9c,0xf7,0x9c,0xf7,0x9c,0xf7,0x9c,0xf7,0x9c,0xf7,0x9c,0xf7,0x9c,0xf7,0x9c,0xf7,0x9c,0xf7,0x9c,0xf7,0x9c,0xf7,
    0x9c,0xf7,0x9c,0xf7,0x9c,0xf7,0x9c,0xf7,0x9c,0xf7,0x9c,0xf7,0x9c,0xf7,0x9c,0xf7,0x9c,0xf7,0x9c,0xf7,0x9c,0xf7,0x9c,0xf7,
    0x9c,0xf7,0x9c,0xf7,0x9c,0xf7,0x9c,0xf7,0x9c,0xf7,0x9c,0xf7,0x9c,0xf7,0x9c,0xf7,0x9c,0xf7,0x9c,0xf7,0x9c,0xf7,0x9c,0xf7,
    0x9c,0xf7,0x9c,0xf7,0x9c,0xf7,0x9c,0xf7,0x9c,0xf7,0x9c,0xf7,0x9c,0xf7,0x9c,0xf7,0x9c,0xf7,0x9c,0xf7,0x9c,0xf7,0x9c,0xf7,
    0x9c,0xf7,0x9c,0xf7,0x9c,0xf7,0x9c,0xf7,0x9c,0xf7,0x9c,0xf7,0x9c,0xf7,0x9c,0xf7,0x9c,0xf7,0x9c,0xf7,0x9c,0xf7,0x9c,0xf7,
    0x9c,0xf7,0x9c,0xf7,0x9c,0xf7,0x9c,0xf7,0x9c,0xf7,0x9c,0xf7,0x9c,0xf7,0x9c,0xf7,0x9c,0xf7,0x9c,0xf7,0x9c,0xf7,0x9c,0xf7,
    0x9c,0xf7,0x9c,0xf7,0x9c,0xf7,0x9c,0xf7,0x9c,0xf7,0x9c,0xf7,0x9c,0xf7,0x9c,0xf7,0x9c,0xf7,0x9c,0xf7,0x9c,0xf7,0x9c,0xf7,
    0x9c,0xf7,0x9c,0xf7,0x9c,0xf7,0x9c,0xf7,0x9c,0xf7,0x9c,0xf7,0x9c,0xf7,0x9c,0xf7,0x9c,0xf7,0x9c,0xf7,0x9c,0xf7,0x9c,0xf7,
    0x9c,0xf7,0x9c,0xf7,0x9c,0xf7,0x9c,0xf7,0x9c,0xf7,0x9c,0xf7,0x9c,0xf7,0x9c,0xf7,0x9c,0xf7,0x9c,0xf7,0x9c,0xf7,0x9c,0xf7,
    0x9c,0xf7,0x9c,0xf7,0x9c,0xf7,0x9c,0xf7,0x9c,0xf7,0x9c,0xf7,0x9c,0xf7,0x9c,0xf7,0x9c,0xf7,0x9c,0xf7,0x9c,0xf7,0x9c,0xf7,
    0x9c,0xf7,0x9c,0xf7,0x9c,0xf7,0x9c,0xf7,0x9c,0xf7,0x9c,0xf7,0x9c,0xf7,0x9c,0xf7,0x9c,0xf7,0x9c,0xf7,0x9c,0xf7,0x9c,0xf7,
    0x9c,0xf7,0x9c,0xf7,0x9c,0xf7,0x9c,0xf7,0x9c,0xf7,0x9c,0xf7,0x9c,0xf7,0x9c,0xf7,0x9c,0xf7,0x9c,0xf7,0x9c,0xf7,0x9c,0xf7,
    0x9c,0xf7,0x9c,0xf7,0x9c,0xf7,0x9c,0xf7,0x9c,0xf7,0x9c,0xf7,0x9c,0xf7,0x9c,0xf7,0x9c,0xf7,0x9c,0xf7,0x9c,0xf7,0x9c,0xf7,
    0x9c,0xf7,0x9c,0xf7,0x9c,0xf7,0x9c,0xf7,0x9c,0xf7,0x9c,0xf7,0x9c,0xf7,0x9c,0xf7,0x9c,0xf7,0x9c,0xf7,0x9c,0xf7,0x9c,0xf7,
    0x9c,0xf7,0x9c,0xf7,0x9c,0xf7,0x9c,0xf7,0x9c,0xf7,0x9c,0xf7,0x9c,0xf7,0x9c,0xf7,0x9c,0xf7,0x9c,0xf7,0x9c,0xf7,0x9c,0xf7,
    0x9c,0xf7,0x9c,0xf7,0x9c,0xf7,0x9c,0xf7,0x9c,0xf7,0x9c,0xf7,0x9c,0xf7,0x9c,0xf7,0x9c,0xf7,0x9c,0xf7,0x9c,0xf7,0x9c,0xf7,
    0x9c,0xf7,0x9c,0xf7,0x9c,0xf7,0x9c,0xf7,0x9c,0xf7,0x9c,0xf7,0x9c,0xf7,0x9c,0xf7,0x9c,0xf7,0x9c,0xf7,0x9c,0xf7,0x9c,0xf7,
    0x9c,0xf7,0x9c,0xf7,0x9c,0xf7,0x9c,0xf7,0x9c,0xf7,0x9c,0xf7,0x9c,0xf7,0x9c,0xf7,0x9c,0xf7,0x9c,0xf7,0x9c,0xf7,0x9c,0xf7,
    0x9c,0xf7,0x9c,0xf7,0x9c,0xf7,0x9c,0xf7,0x9c,0xf7,0x9c,0xf7,0x9c,0xf7,0x9c,0xf7,0x9c,0xf7,0x9c,0xf7,0x9c,0xf7,0x9c,0xf7,
    0x9c,0xf7,0x9c,0xf7,0x9c,0xf7,0x9c,0xf7,0x9c,0xf7,0x9c,0xf7,0x9c,0xf7,0x9c,0xf7,0x9c,0xf7,0x9c,0xf7,0x9c,0xf7,0x9c,0xf7,
    0x9c,0xf7,0x9c,0xf7,0x9c,0xf7,0x9c,0xf7,0x9c,0xf7,0x9c,0xf7,0x9c,0xf7,0x9c,0xf7,0x9c,0xf7,0x9c,0xf7,0x9c,0xf7,0x9c,0xf7,
    0x9c,0xf7,0x9c,0xf7,0x9c,0xf7,0x9c,0xf7,0x9c,0xf7,0x9c,0xf7,0x9c,0xf7,0x9c,0xf7,0x9c,0xf7,0x9c,0xf7,0x9c,0xf7,0x9c,0xf7,
    0x9c,0xf7,0x9c,0xf7,0x9c,0xf7,0x9c,0xf7,0x9c,0xf7,0x9c,0xf7,0x9c,0xf7,0x9c,0xf7,0x9c,0xf7,0x9c,0xf7,0x9c,0xf7,0x9c,0xf7,
    0x9c,0xf7,0x9c,0xf7,0x9c,0xf7,0x9c,0xf7,0x9c,0xf7,0x9c,0xf7,0x9c,0xf7,0x9c,0xf7,0x9c,0xf7,0x9c,0xf7,0x9c,0xf7,0x9c,0xf7,
    0x9c,0xf7,0x9c,0xf7,0x9c,0xf7,0x9c,0xf7,0x9c,0xf7,0x9c,0xf7,0x9c,0xf7,0x9c,0xf7,0x9c,0xf7,0x9c,0xf7,0x9c,0xf7,0x9c,0xf7,
    0x9c,0xf7,0x9c,0xf7,0x9c,0xf7,0x9c,0xf7,0x9c,0xf7,0x9c,0xf7,0x9c,0xf7,0x9c,0xf7,0x9c,0xf7,0x9c,0xf7,0x9c,0xf7,0x9c,0xf7,
    0x9c,0xf7,0x9c,0xf7,0x9c,0xf7,0x9c,0xf7,0x9c,0xf7,0x9c,0xf7,0x9c,0xf7,0x9c,0xf7,0x9c,0xf7,0x9c,0xf7,0x9c,0xf7,0x9c,0xf7,
    0x9c,0xf7,0x9c,0xf7,0x9c,0xf7,0x9c,0xf7,0x9c,0xf7,0x9c,0xf7,0x9c,0xf7,0x9c,0xf7,0x9c,0xf7,0x9c,0xf7,0x9c,0xf7,0x9c,0xf7,
    0x9c,0xf7,0x9c,0xf7,0x9c,0xf7,0x9c,0xf7,0x9c,0xf7,0x9c,0xf7,0x9c,0xf7,0x9c,0xf7,0x9c,0xf7,0x9c,0xf7,0x9c,0xf7,0x9c,0xf7,
    0x9c,0xf7,0x9c,0xf7,0x9c,0xf7,0x9c,0xf7,0x9c,0xf7,0x9c,0xf7,0x9c,0xf7,0x9c,0xf7,0x9c,0xf7,0x9c,0xf7,0x9c,0xf7,0x9c,0xf7,
    0x9c,0xf7,0x9c,0xf7,0x9c,0xf7,0x9c,0xf7,0x9c,0xf7,0x9c,0xf7,0x9c,0xf7,0x9c,0xf7,0x9c,0xf7,0x9c,0xf7,0x9c,0xf7,0x9c,0xf7,
    0x9c,0xf7,0x9c,0xf7,0x9c,0xf7,0x9c,0xf7,0x9c,0xf7,0x9c,0xf7,0x9c,0xf7,0x9c,0xf7,0x9c,0xf7,0x9c,0xf7,0x9c,0xf7,0x9c,0xf7,
    0x9c,0xf7,0x9c,0xf7,0x9c,0xf7,0x9c,0xf7,0x9c,0xf7,0x9c,0xf7,0x9c,0xf7,0x9c,0xf7,0x9c,0xf7,0x9c,0xf7,0x9c,0xf7,0x9c,0xf7,
    0x9c,0xf7,0x9c,0xf7,0x9c,0xf7,0x9c,0xf7,0x9c,0xf7,0x9c,0xf7,0x9c,0xf7,0x9c,0xf7,0x9c,0xf7,0x9c,0xf7,0x9c,0xf7,0x9c,0xf7,
    0x9c,0xf7,0x9c,0xf7,0x9c,0xf7,0x9c,0xf7,0x9c,0xf7,0x9c,0xf7,0x9c,0xf7,0x9c,0xf7,0x9c,0xf7,0x9c,0xf7,0x9c,0xf7,0x9c,0xf7,
    0x9c,0xf7,0x9c,0xf7,0x9c,0xf7,0x9c,0xf7,0x9c,0xf7,0x9c,0xf7,0x9c,0xf7,0x9c,0xf7,0x9c,0xf7,0x9c,0xf7,0x9c,0xf7,0x9c,0xf7,
    0x9c,0xf7,0x9c,0xf7,0x9c,0xf7,0x9c,0xf7,0x9c,0xf7,0x9c,0xf7,0x9c,0xf7,0x9c,0xf7,0x9c,0xf7,0x9c,0xf7,0x9c,0xf7,0x9c,0xf7,
    0x9c,0xf7,0x9c,0xf7,0x9c,0xf7,0x9c,0xf7,0x9c,0xf7,0x9c,0xf7,0x9c,0xf7,0x9c,0xf7,0x9c,0xf7,0x9c,0xf7,0x9c,0xf7,0x9c,0xf7,
    0x9c,0xf7,0x9c,0xf7,0x9c,0xf7,0x9c,0xf7,0x9c,0xf7,0x9c,0xf7,0x9c,0xf7,0x9c,0xf7,0x9c,0xf7,0x9c,0xf7,0x9c,0xf7,0x9c,0xf7,
    0x9c,0xf7,0x9c,0xf7,0x9c,0xf7,0x9c,0xf7,0x9c,0xf7,0x9c,0xf7,0x9c,0xf7,0x9c,0xf7,0x9c,0xf7,0x9c,0xf7,0x9c,0xf7,0x9c,0xf7,
    0x9c,0xf7,0x9c,0xf7,0x9c,0xf7,0x9c,0xf7,0x9c,0xf7,0x9c,0xf7,0x9c,0xf7,0x9c,0xf7,0x9c,0xf7,0x9c,0xf7,0x9c,0xf7,0x9c,0xf7,
    0x9c,0xf7,0x9c,0xf7,0x9c,0xf7,0x9c,0xf7,0x9c,0xf7,0x9c,0xf7,0x9c,0xf7,0x9c,0xf7,0x9c,0xf7,0x9c,0xf7,0x9c,0xf7,0x9c,0xf7,
    0x9c,0xf7,0x9c,0xf7,0x9c,0xf7,0x9c,0xf7,0x9c,0xf7,0x9c,0xf7,0x9c,0xf7,0x9c,0xf7,0x9c,0xf7,0x9c,0xf7,0x9c,0xf7,0x9c,0xf7,
    0x9c,0xf7,0x9c,0xf7,0x9c,0xf7,0x9c,0xf7,0x9c,0xf7,0x9c,0xf7,0x9c,0xf7,0x9c,0xf7,0x9c,0xf7,0x9c,0xf7,0x9c,0xf7,0x9c,0xf7,
    0x9c,0xf7,0x9c,0xf7,0x9c,0xf7,0x9c,0xf7,0x9c,0xf7,0x9c,0xf7,0x9c,0xf7,0x9c,0xf7,0x9c,0xf7,0x9c,0xf7,0x9c,0xf7,0x9c,0xf7,
    0x9c,0xf7,0x9c,0xf7,0x9c,0xf7,0x9c,0xf7,0x9c,0xf7,0x9c,0xf7,0x9c,0xf7,0x9c,0xf7,0x9c,0xf7,0x9c,0xf7,0x9c,0xf7,0x9c,0xf7,
    0x9c,0xf7,0x9c,0xf7,0x9c,0xf7,0x9c,0xf7,0x9c,0xf7,0x9c,0xf7,0x9c,0xf7,0x9c,0xf7,0x9c,0xf7,0x9c,0xf7,0x9c,0xf7,0x9c,0xf7,
    0x9c,0xf7,0x9c,0xf7,0x9c,0xf7,0x9c,0xf7,0x9c,0xf7,0x9c,0xf7,0x9c,0xf7,0x9c,0xf7,0x9c,0xf7,0x9c,0xf7,0x9c,0xf7,0x9c,0xf7,
    0x9c,0xf7,0x9c,0xf7,0x9c,0xf7,0x9c,0xf7,0x9c,0xf7,0x9c,0xf7,0x9c,0xf7,0x9c,0xf7,0x9c,0xf7,0x9c,0xf7,0x9c,0xf7,0x9c,0xf7,
    0x9c,0xf7,0x9c,0xf7,0x9c,0xf7,0x9c,0xf7,0x9c,0xf7,0x9c,0xf7,0x9c,0xf7,0x9c,0xf7,0x9c,0xf7,0x9c,0xf7,0x9c,0xf7,0x9c,0xf7,
    0x9c,0xf7,0x9c,0xf7,0x9c,0xf7,0x9c,0xf7,0x9c,0xf7,0x9c,0xf7,0x9c,0xf7,0x9c,0xf7,0x9c,0xf7,0x9c,0xf7,0x9c,0xf7,0x9c,0xf7,
    0x9c,0xf7,0x9c,0xf7,0x9c,0xf7,0x9c,0xf7,0x9c,0xf7,0x9c,0xf7,0x9c,0xf7,0x9c,0xf7,0x9c,0xf7,0x9c,0xf7,0x9c,0xf7,0x9c,0xf7,
    0x9c,0xf7,0x9c,0xf7,0x9c,0xf7,0x9c,0xf7,0x9c,0xf7,0x9c,0xf7,0x9c,0xf7,0x9c,0xf7,0x9c,0xf7,0x9c,0xf7,0x9c,0xf7,0x9c,0xf7,
    0x9c,0xf7,0x9c,0xf7,0x9c,0xf7,0x9c,0xf7,0x9c,0xf7,0x9c,0xf7,0x9c,0xf7,0x9c,0xf7,0x9c,0xf7,0x9c,0xf7,0x9c,0xf7,0x9c,0xf7,
    0x9c,0xf7,0x9c,0xf7,0x9c,0xf7,0x9c,0xf7,0x9c,0xf7,0x9c,0xf7,0x9c,0xf7,0x9c,0xf7,0x9c,0xf7,0x9c,0xf7,0x9c,0xf7,0x9c,0xf7,
    0x9c,0xf7,0x9c,0xf7,0x9c,0xf7,0x9c,0xf7,0x9c,0xf7,0x9c,0xf7,0x9c,0xf7,0x9c,0xf7,0x9c,0xf7,0x9c,0xf7,0x9c,0xf7,0x9c,0xf7,
    0x9c,0xf7,0x9c,0xf7,0x9c,0xf7,0x9c,0xf7,0x9c,0xf7,0x9c,0xf7,0x9c,0xf7,0x9c,0xf7,0x9c,0xf7,0x9c,0xf7,0x9c,0xf7,0x9c,0xf7,
    0x9c,0xf7,0x9c,0xf7,0x9c,0xf7,0x9c,0xf7,0x9c,0xf7,0x9c,0xf7,0x9c,0xf7,0x9c,0xf7,0x9c,0xf7,0x9c,0xf7,0x9c,0xf7,0x9c,0xf7,
    0x9c,0xf7,0x9c,0xf7,0x9c,0xf7,0x9c,0xf7,0x9c,0xf7,0x9c,0xf7,0x9c,0xf7,0x9c,0xf7,0x9c,0xf7,0x9c,0xf7,0x9c,0xf7,0x9c,0xf7,
    0x9c,0xf7,0x9c,0xf7,0x9c,0xf7,0x9c,0xf7,0x9c,0xf7,0x9c,0xf7,0x9c,0xf7,0x9c,0xf7,0x9c,0xf7,0x9c,0xf7,0x9c,0xf7,0x9c,0xf7,
    0x9c,0xf7,0x9c,0xf7,0x9c,0xf7,0x9c,0xf7,0x9c,0xf7,0x9c,0xf7,0x9c,0xf7,0x9c,0xf7,0x9c,0xf7,0x9c,0xf7,0x9c,0xf7,0x9c,0xf7,
    0x9c,0xf7,0x9c,0xf7,0x9c,0xf7,0x9c,0xf7,0x9c,0xf7,0x9c,0xf7,0x9c,0xf7,0x9c,0xf7,0x9c,0xf7,0x9c,0xf7,0x9c,0xf7,0x9c,0xf7,
    0x9c,0xf7,0x9c,0xf7,0x9c,0xf7,0x9c,0xf7,0x9c,0xf7,0x9c,0xf7,0x9c,0xf7,0x9c,0xf7,0x9c,0xf7,0x9c,0xf7,0x9c,0xf7,0x9c,0xf7,
    0x9c,0xf7,0x9c,0xf7,0x9c,0xf7,0x9c,0xf7,0x9c,0xf7,0x9c,0xf7,0x9c,0xf7,0x9c,0xf7,0x9c,0xf7,0x9c,0xf7,0x9c,0xf7,0x9c,0xf7,
    0x9c,0xf7,0x9c,0xf7,0x9c,0xf7,0x9c,0xf7,0x9c,0xf7,0x9c,0xf7,0x9c,0xf7,0x9c,0xf7,0x9c,0xf7,0x9c,0xf7,0x9c,0xf7,0x9c,0xf7,
    0x9c,0xf7,0x9c,0xf7,0x9c,0xf7,0x9c,0xf7,0x9c,0xf7,0x9c,0xf7,0x9c,0xf7,0x9c,0xf7,0x9c,0xf7,0x9c,0xf7,0x9c,0xf7,0x9c,0xf7,
    0x9c,0xf7,0x9c,0xf7,0x9c,0xf7,0x9c,0xf7,0x9c,0xf7,0x9c,0xf7,0x9c,0xf7,0x9c,0xf7,0x9c,0xf7,0x9c,0xf7,0x9c,0xf7,0x9c,0xf7,
    0x9c,0xf7,0x9c,0xf7,0x9c,0xf7,0x9c,0xf7,0x9c,0xf7,0x9c,0xf7,0x9c,0xf7,0x9c,0xf7,0x9c,0xf7,0x9c,0xf7,0x9c,0xf7,0x9c,0xf7,
    0x9c,0xf7,0x9c,0xf7,0x9c,0xf7,0x9c,0xf7,0x9c,0xf7,0x9c,0xf7,0x9c,0xf7,0x9c,0xf7,0x9c,0xf7,0x9c,0xf7,0x9c,0xf7,0x9c,0xf7,
};

static const uint8_t slot_bell_pixels[6144] __attribute__((aligned(4))) = {
    0x9c,0xf7,0x9c,0xf7,0x9c,0xf7,0x9c,0xf7,0x9c,0xf7,0x9c,0xf7,0x9c,0xf7,0x9c,0xf7,0x9c,0xf7,0x9c,0xf7,0x9c,0xf7,0x9c,0xf7,
    0x9c,0xf7,0x9c,0xf7,0x9c,0xf7,0x9c,0xf7,0x9c,0xf7,0x9c,0xf7,0x9c,0xf7,0x9c,0xf7,0x9c,0xf7,0x9c,0xf7,0x9c,0xf7,0x9c,0xf7,
    0x9c,0xf7,0x9c,0xf7,0x9c,0xf7,0x9c,0xf7,0x9c,0xf7,0x9c,0xf7,0x9c,0xf7,0x9c,0xf7,0x9c,0xf7,0x9c,0xf7,0x9c,0xf7,0x9c,0xf7,
    0x9c,0xf7,0x9c,0xf7,0x9c,0xf7,0x9c,0xf7,0x9c,0xf7,0x9c,0xf7,0x9c,0xf7,0x9c,0xf7,0x9c,0xf7,0x9c,0xf7,0x9c,0xf7,0x9c,0xf7,
    0x9c,0xf7,0x9c,0xf7,0x9c,0xf7,0x9c,0xf7,0x9c,0xf7,0x9c,0xf7,0x9c,0xf7,0x9c,0xf7,0x9c,0xf7,0x9c,0xf7,0x9c,0xf7,0x9c,0xf7,
    0x9c,0xf7,0x9c,0xf7,0x9c,0xf7,0x9c,0xf7,0x9c,0xf7,0x9c,0xf7,0x9c,0xf7,0x9c,0xf7,0x9c,0xf7,0x9c,0xf7,0x9c,0xf7,0x9c,0xf7,
    0x9c,0xf7,0x9c,0xf7,0x9c,0xf7,0x9c,0xf7,0x9c,0xf7,0x9c,0xf7,0x9c,0xf7,0x9c,0xf7,0x9c,0xf7,0x9c,0xf7,0x9c,0xf7,0x9c,0xf7,
    0x9c,0xf7,0x9c,0xf7,0x9c,0xf7,0x9c,0xf7,0x9c,0xf7,0x9c,0xf7,0x9c,0xf7,0x9c,0xf7,0x9c,0xf7,0x9c,0xf7,0x9c,0xf7,0x9c,0xf7,
    0x9c,0xf7,0x9c,0xf7,0x9c,0xf7,0x9c,0xf7,0x9c,0xf7,0x9c,0xf7,0x9c,0xf7,0x9c,0xf7,0x9c,0xf7,0x9c,0xf7,0x9c,0xf7,0x9c,0xf7,
    0x9c,0xf7,0x9c,0xf7,0x9c,0xf7,0x9c,0xf7,0x9c,0xf7,0x9c,0xf7,0x9c,0xf7,0x9c,0xf7,0x9c,0xf7,0x9c,0xf7,0x9c,0xf7,0x9c,0xf7,
    0x9c,0xf7,0x9c,0xf7,0x9c,0xf7,0x9c,0xf7,0x9c,0xf7,0x9c,0xf7,0x9c,0xf7,0x9c,0xf7,0x9c,0xf7,0x9c,0xf7,0x9c,0xf7,0x9c,0xf7,
    0x9c,0xf7,0x9c,0xf7,0x9c,0xf7,0x9c,0xf7,0x9c,0xf7,0x9c,0xf7,0x9c,0xf7,0x9c,0xf7,0x9c,0xf7,0x9c,0xf7,0x9c,0xf7,0x9c,0xf7,
    0x9c,0xf7,0x9c,0xf7,0x9c,0xf7,0x9c,0xf7,0x9c,0xf7,0x9c,0xf7,0x9c,0xf7,0x9c,0xf7,0x9c,0xf7,0x9c,0xf7,0x9c,0xf7,0x9c,0xf7,
    0x9c,0xf7,0x9c,0xf7,0x9c,0xf7,0x9c,0xf7,0x9c,0xf7,0x9c,0xf7,0x9c,0xf7,0x9c,0xf7,0x9c,0xf7,0x9c,0xf7,0x9c,0xf7,0x9c,0xf7,
    0x9c,0xf7,0x9c,0xf7,0x9c,0xf7,0x9c,0xf7,0x9c,0xf7,0x9c,0xf7,0x9c,0xf7,0x9c,0xf7,0x9c,0xf7,0x9c,0xf7,0x9c,0xf7,0x9c,0xf7,
    0x9c,0xf7,0x9c,0xf7,0x9c,0xf7,0x9c,0xf7,0x9c,0xf7,0x9c,0xf7,0x9c,0xf7,0x9c,0xf7,0x9c,0xf7,0x9c,0xf7,0x9c,0xf7,0x9c,0xf7,
    0x9c,0xf7,0x9c,0xf7,0x9c,0xf7,0x9c,0xf7,0x9c,0xf7,0x9c,0xf7,0x9c,0xf7,0x9c,0xf7,0x9c,0xf7,0x9c,0xf7,0x9c,0xf7,0x9c,0xf7,
    0x9c,0xf7,0x9c,0xf7,0x9c,0xf7,0x9c,0xf7,0x9c,0xf7,0x9c,0xf7,0x9c,0xf7,0x9c,0xf7,0x9c,0xf7,0x9c,0xf7,0x9c,0xf7,0x9c,0xf7,
    0x9c,0xf7,0x9c,0xf7,0x9c,0xf7,0x9c,0xf7,0x9c,0xf7,0x9c,0xf7,0x9c,0xf7,0x9c,0xf7,0x9c,0xf7,0x9c,0xf7,0x9c,0xf7,0x9c,0xf7,
    0x9c,0xf7,0x9c,0xf7,0x9c,0xf7,0x9c,0xf7,0x9c,0xf7,0x9c,0xf7,0x9c,0xf7,0x9c,0xf7,0x9c,0xf7,0x9c,0xf7,0x9c,0xf7,0x9c,0xf7,
    0x9c,0xf7,0x9c,0xf7,0x9c,0xf7,0x9c,0xf7,0x9c,0xf7,0x9c,0xf7,0x9c,0xf7,0x9c,0xf7,0x9c,0xf7,0x9c,0xf7,0x9c,0xf7,0x9c,0xf7,
    0x9c,0xf7,0x9c,0xf7,0x9c,0xf7,0x9c,0xf7,0x9c,0xf7,0x9c,0xf7,0x9c,0xf7,0x9c,0xf7,0x9c,0xf7,0x9c,0xf7,0x9c,0xf7,0x9c,0xf7,
    0x9c,0xf7,0x9c,0xf7,0x9c,0xf7,0x9c,0xf7,0x9c,0xf7,0x9c,0xf7,0x9c,0xf7,0x9c,0xf7,0x9c,0xf7,0x9c,0xf7,0x9c,0xf7,0x9c,0xf7,
    0x9c,0xf7,0x9c,0xf7,0x9c,0xf7,0x9c,0xf7,0x9c,0xf7,0x9c,0xf7,0x9c,0xf7,0x9c,0xf7,0x9c,0xf7,0x9c,0xf7,0x9c,0xf7,0x9c,0xf7,
    0x9c,0xf7,0x9c,0xf7,0x9c,0xf7,0x9c,0xf7,0x9c,0xf7,0x9c,0xf7,0x9c,0xf7,0x9c,0xf7,0x9c,0xf7,0x9c,0xf7,0x9c,0xf7,0x9c,0xf7,
    0x9c,0xf7,0x9c,0xf7,0x9c,0xf7,0x9c,0xf7,0x9c,0xf7,0x9c,0xf7,0x9c,0xf7,0x9c,0xf7,0x9c,0xf7,0x9c,0xf7,0x9c,0xf7,0x9c,0xf7,
    0x9c,0xf7,0x9c,0xf7,0x9c,0xf7,0x9c,0xf7,0x9c,0xf7,0x9c,0xf7,0x9c,0xf7,0x9c,0xf7,0x9c,0xf7,0x9c,0xf7,0x9c,0xf7,0x9c,0xf7,
    0x9c,0xf7,0x9c,0xf7,0x9c,0xf7,0x9c,0xf7,0x9c,0xf7,0x9c,0xf7,0x9c,0xf7,0x9c,0xf7,0x9c,0xf7,0x9c,0xf7,0x9c,0xf7,0x9c,0xf7,
    0x9c,0xf7,0x9c,0xf7,0x9c,0xf7,0x9c,0xf7,0x9c,0xf7,0x9c,0xf7,0x9c,0xf7,0x9c,0xf7,0x9c,0xf7,0x9c,0xf7,0x9c,0xf7,0x9c,0xf7,
    0x9c,0xf7,0x9c,0xf7,0x9c,0xf7,0x9c,0xf7,0x9c,0xf7,0x9c,0xf7,0x9c,0xf7,0x7b,0xf7,0x7b,0xf7,0x9c,0xf7,0xcd,0x8b,0x44,0x62,
    0x42,0x72,0x86,0x6a,0x77,0xd6,0x9c,0xf7,0x5b,0xf7,0x7c,0xf7,0x9c,0xf7,0x9c,0xf7,0x9c,0xf7,0x9c,0xf7,0x9c,0xf7,0x9c,0xf7,
    0x9c,0xf7,0x9c,0xf7,0x9c,0xf7,0x9c,0xf7,0x9c,0xf7,0x9c,0xf7,0x9c,0xf7,0x9c,0xf7,0x9c,0xf7,0x9c,0xf7,0x9c,0xf7,0x9c,0xf7,
    0x9c,0xf7,0x9c,0xf7,0x9c,0xf7,0x9c,0xf7,0x9c,0xf7,0x9c,0xf7,0x9c,0xf7,0x9c,0xf7,0x9c,0xf7,0x9c,0xf7,0x9c,0xf7,0x9c,0xf7,
    0x9c,0xf7,0x9c,0xf7,0x9c,0xf7,0x9c,0xf7,0x9c,0xf7,0x9c,0xf7,0x9c,0xf7,0x9c,0xf7,0x9c,0xf7,0xf6,0xc5,0x83,0x72,0x31,0xff,
    0x84,0xf5,0x20,0x82,0x48,0x52,0x9c,0xf7,0x9c,0xf7,0x9c,0xf7,0x9c,0xf7,0x9c,0xf7,0x9c,0xf7,0x9c,0xf7,0x9c,0xf7,0x9c,0xf7,
    0x9c,0xf7,0x9c,0xf7,0x9c,0xf7,0x9c,0xf7,0x9c,0xf7,0x9c,0xf7,0x9c,0xf7,0x9c,0xf7,0x9c,0xf7,0x9c,0xf7,0x9c,0xf7,0x9c,0xf7,
    0x9c,0xf7,0x9c,0xf7,0x9c,0xf7,0x9c,0xf7,0x9c,0xf7,0x9c,0xf7,0x9c,0xf7,0x9c,0xf7,0x9c,0xf7,0x9c,0xf7,0x9c,0xf7,0x9c,0xf7,
    0x9c,0xf7,0x9c,0xf7,0x9c,0xf7,0x9c,0xf7,0x9c,0xf7,0x9c,0xf7,0x1a,0xef,0x50,0x94,0x8a,0x83,0x85,0x6a,0xa4,0x72,0x2f,0xff,
    0xa1,0xdc,0x80,0x61,0x41,0x41,0x08,0x7b,0x6c,0x73,0x94,0xb5,0x9c,0xf7,0x9c,0xf7,0x9c,0xf7,0x9c,0xf7,0x9c,0xf7,0x9c,0xf7,
    0x9c,0xf7,0x9c,0xf7,0x9c,0xf7,0x9c,0xf7,0x9c,0xf7,0x9c,0xf7,0x9c,0xf7,0x9c,0xf7,0x9c,0xf7,0x9c,0xf7,0x9c,0xf7,0x9c,0xf7,
    0x9c,0xf7,0x9c,0xf7,0x9c,0xf7,0x9c,0xf7,0x9c,0xf7,0x9c,0xf7,0x9c,0xf7,0x9c,0xf7,0x9c,0xf7,0x9c,0xf7,0x9c,0xf7,0x9c,0xf7,
    0x9c,0xf7,0x9c,0xf7,0x9c,0xf7,0x7c,0xf7,0x9c,0xf7,0xb9,0xde,0x87,0x62,0x4b,0xc5,0x87,0xe5,0x03,0xbc,0xe4,0x8a,0x28,0xfe,
    0xa0,0xbb,0x80,0x61,0x01,0x72,0x64,0xcc,0xc5,0xd4,0x20,0x72,0xee,0x83,0x9c,0xf7,0x7c,0xf7,0x9c,0xf7,0x9c,0xf7,0x9c,0xf7,
    0x9c,0xf7,0x9c,0xf7,0x9c,0xf7,0x9c,0xf7,0x9c,0xf7,0x9c,0xf7,0x9c,0xf7,0x9c,0xf7,0x9c,0xf7,0x9c,0xf7,0x9c,0xf7,0x9c,0xf7,
    0x9c,0xf7,0x9c,0xf7,0x9c,0xf7,0x9c,0xf7,0x9c,0xf7,0x9c,0xf7,0x9c,0xf7,0x9c,0xf7,0x9c,0xf7,0x9c,0xf7,0x9c,0xf7,0x9c,0xf7,
    0x9c,0xf7,0x9c,0xf7,0x9c,0xf7,0x7b,0xf7,0x9c,0xf7,0x2b,0x73,0x8c,0xdd,0xc8,0xed,0x80,0x69,0x60,0x28,0x23,0x62,0x07,0xfe,
    0x80,0xbb,0x80,0x61,0x80,0x20,0xc0,0x48,0xa1,0xbb,0xc1,0xbb,0xc0,0x38,0x98,0xde,0x9c,0xf7,0x7c,0xf7,0x9c,0xf7,0x9c,0xf7,
    0x9c,0xf7,0x9c,0xf7,0x9c,0xf7,0x9c,0xf7,0x9c,0xf7,0x9c,0xf7,0x9c,0xf7,0x9c,0xf7,0x9c,0xf7,0x9c,0xf7,0x9c,0xf7,0x9c,0xf7,
    0x9c,0xf7,0x9c,0xf7,0x9c,0xf7,0x9c,0xf7,0x9c,0xf7,0x9c,0xf7,0x9c,0xf7,0x9c,0xf7,0x9c,0xf7,0x9c,0xf7,0x9c,0xf7,0x9c,0xf7,
    0x9c,0xf7,0x9c,0xf7,0x9c,0xf7,0x7c,0xf7,0x9c,0xf7,0xc9,0x6a,0x84,0xcc,0xa1,0xb3,0xa0,0x30,0x28,0x4a,0x84,0x72,0x87,0xf5,
    0xe0,0xa2,0x80,0x61,0xe6,0x49,0x23,0x31,0xc4,0xab,0x20,0x7a,0xc0,0x30,0x57,0xce,0x9c,0xf7,0x7c,0xf7,0x9c,0xf7,0x9c,0xf7,
    0x9c,0xf7,0x9c,0xf7,0x9c,0xf7,0x9c,0xf7,0x9c,0xf7,0x9c,0xf7,0x9c,0xf7,0x9c,0xf7,0x9c,0xf7,0x9c,0xf7,0x9c,0xf7,0x9c,0xf7,
    0x9c,0xf7,0x9c,0xf7,0x9c,0xf7,0x9c,0xf7,0x9c,0xf7,0x9c,0xf7,0x9c,0xf7,0x9c,0xf7,0x9c,0xf7,0x9c,0xf7,0x9c,0xf7,0x9c,0xf7,
    0x9c,0xf7,0x9c,0xf7,0x9c,0xf7,0x5b,0xf7,0x9c,0xf7,0xf6,0xc5,0x81,0x7a,0xa3,0xdc,0x00,0x49,0xe7,0x39,0x44,0x62,0x85,0xcc,
    0xa0,0x69,0x20,0x51,0x85,0x31,0x24,0x5a,0x83,0xb3,0x20,0x59,0x67,0x5a,0x9c,0xf7,0x7b,0xf7,0x9c,0xf7,0x9c,0xf7,0x9c,0xf7,
    0x9c,0xf7,0x9c,0xf7,0x9c,0xf7,0x9c,0xf7,0x9c,0xf7,0x9c,0xf7,0x9c,0xf7,0x9c,0xf7,0x9c,0xf7,0x9c,0xf7,0x9c,0xf7,0x9c,0xf7,
    0x9c,0xf7,0x9c,0xf7,0x9c,0xf7,0x9c,0xf7,0x9c,0xf7,0x9c,0xf7,0x9c,0xf7,0x9c,0xf7,0x9c,0xf7,0x9c,0xf7,0x9c,0xf7,0x9c,0xf7,
    0x9c,0xf7,0x9c,0xf7,0x7c,0xf7,0x9c,0xf7,0x9c,0xf7,0x94,0xb5,0x42,0x39,0x41,0x9b,0x80,0x82,0x03,0x83,0x05,0xa4,0x24,0xb4,
    0xc3,0xb3,0x00,0x9b,0xc0,0x69,0x20,0x7a,0xe0,0x69,0x40,0x49,0x69,0x52,0xd9,0xe6,0x9c,0xf7,0x9c,0xf7,0x7c,0xf7,0x9c,0xf7,
    0x9c,0xf7,0x9c,0xf7,0x9c,0xf7,0x9c,0xf7,0x9c,0xf7,0x9c,0xf7,0x9c,0xf7,0x9c,0xf7,0x9c,0xf7,0x9c,0xf7,0x9c,0xf7,0x9c,0xf7,
    0x9c,0xf7,0x9c,0xf7,0x9c,0xf7,0x9c,0xf7,0x9c,0xf7,0x9c,0xf7,0x9c,0xf7,0x9c,0xf7,0x9c,0xf7,0x9c,0xf7,0x9c,0xf7,0x9c,0xf7,
    0x9c,0xf7,0x9c,0xf7,0x9c,0xf7,0xb5,0xbd,0x2a,0x73,0x24,0x83,0x44,0xb4,0xaa,0xe5,0xf2,0xf6,0xb4,0xff,0x2c,0xff,0xe4,0xfd,
    0x01,0xed,0x03,0xe5,0x65,0xed,0x00,0xcc,0xa0,0x9a,0x60,0x92,0x20,0x7a,0x22,0x62,0xad,0x83,0x1a,0xef,0x9c,0xf7,0x7c,0xf7,
    0x9c,0xf7,0x9c,0xf7,0x9c,0xf7,0x9c,0xf7,0x9c,0xf7,0x9c,0xf7,0x9c,0xf7,0x9c,0xf7,0x9c,0xf7,0x9c,0xf7,0x9c,0xf7,0x9c,0xf7,
    0x9c,0xf7,0x9c,0xf7,0x9c,0xf7,0x9c,0xf7,0x9c,0xf7,0x9c,0xf7,0x9c,0xf7,0x9c,0xf7,0x9c,0xf7,0x9c,0xf7,0x9c,0xf7,0x9c,0xf7,
    0x7c,0xf7,0x9c,0xf7,0xce,0x83,0x04,0x7b,0x04,0xbc,0xc1,0xe4,0x26,0xfe,0x97,0xff,0xff,0xff,0xd1,0xf6,0xc6,0xed,0xa3,0xd4,
    0x42,0xab,0x82,0xb3,0x23,0xcc,0x01,0xa3,0x00,0x7a,0x60,0x59,0xc0,0x40,0x40,0x8a,0x21,0xa3,0xc4,0x49,0x78,0xd6,0x9c,0xf7,
    0x7c,0xf7,0x9c,0xf7,0x9c,0xf7,0x9c,0xf7,0x9c,0xf7,0x9c,0xf7,0x9c,0xf7,0x9c,0xf7,0x9c,0xf7,0x9c,0xf7,0x9c,0xf7,0x9c,0xf7,
    0x9c,0xf7,0x9c,0xf7,0x9c,0xf7,0x9c,0xf7,0x9c,0xf7,0x9c,0xf7,0x9c,0xf7,0x9c,0xf7,0x9c,0xf7,0x9c,0xf7,0x9c,0xf7,0x7c,0xf7,
    0x9c,0xf7,0x2f,0x8c,0x22,0x93,0x23,0xa3,0x41,0x82,0xc4,0xb3,0xe8,0xcc,0x4d,0xd5,0x8e,0xdd,0x08,0xcd,0x45,0xbc,0x04,0xbc,
    0x62,0xab,0x22,0xa3,0x84,0xab,0x04,0x93,0xc2,0x8a,0x00,0x6a,0x80,0x59,0x00,0x51,0x81,0x92,0xe1,0xc3,0xa4,0x49,0x1a,0xef,
    0x9c,0xf7,0x9c,0xf7,0x9c,0xf7,0x9c,0xf7,0x9c,0xf7,0x9c,0xf7,0x9c,0xf7,0x9c,0xf7,0x9c,0xf7,0x9c,0xf7,0x9c,0xf7,0x9c,0xf7,
    0x9c,0xf7,0x9c,0xf7,0x9c,0xf7,0x9c,0xf7,0x9c,0xf7,0x9c,0xf7,0x9c,0xf7,0x9c,0xf7,0x9c,0xf7,0x9c,0xf7,0x9c,0xf7,0x9c,0xf7,
    0xd9,0xe6,0x02,0x5a,0x02,0xbc,0xe2,0x69,0x23,0x9b,0x22,0xc4,0x68,0xdd,0xd6,0xee,0x38,0xef,0xcf,0xf6,0xc5,0xed,0xa1,0xd4,
    0x02,0xcc,0x02,0xcc,0x81,0xcc,0xa1,0xbb,0x40,0x92,0x40,0x61,0xe0,0x40,0x00,0x41,0x80,0x61,0xe2,0xbb,0x20,0x7a,0x50,0x8c,
    0x9c,0xf7,0x7b,0xf7,0x9c,0xf7,0x9c,0xf7,0x9c,0xf7,0x9c,0xf7,0x9c,0xf7,0x9c,0xf7,0x9c,0xf7,0x9c,0xf7,0x9c,0xf7,0x9c,0xf7,
    0x9c,0xf7,0x9c,0xf7,0x9c,0xf7,0x9c,0xf7,0x9c,0xf7,0x9c,0xf7,0x9c,0xf7,0x9c,0xf7,0x9c,0xf7,0x9c,0xf7,0x7c,0xf7,0x9c,0xf7,
    0x54,0xb5,0x42,0x6a,0x81,0x82,0x80,0x61,0x01,0xa3,0x03,0xdd,0xec,0xe5,0x32,0xe6,0xef,0xe5,0xc8,0xcc,0x87,0xc4,0x06,0xbc,
    0x45,0x9b,0x25,0x9b,0x65,0xa3,0x46,0x9b,0xe4,0x8a,0x60,0x82,0xa0,0x69,0x40,0x51,0x40,0x59,0xc1,0x92,0xa1,0x82,0xc9,0x62,
    0x9c,0xf7,0x7c,0xf7,0x9c,0xf7,0x9c,0xf7,0x9c,0xf7,0x9c,0xf7,0x9c,0xf7,0x9c,0xf7,0x9c,0xf7,0x9c,0xf7,0x9c,0xf7,0x9c,0xf7,
    0x9c,0xf7,0x9c,0xf7,0x9c,0xf7,0x9c,0xf7,0x9c,0xf7,0x9c,0xf7,0x9c,0xf7,0x9c,0xf7,0x9c,0xf7,0x9c,0xf7,0x7b,0xf7,0x9c,0xf7,
    0x50,0x8c,0xc1,0x8a,0xe2,0x9a,0xc3,0x82,0xc5,0xab,0x05,0xb4,0x09,0xc5,0x12,0xde,0x73,0xe6,0xe9,0xe5,0x61,0xe5,0xa0,0xdc,
    0xe0,0xcb,0x00,0xcc,0x40,0xd4,0x00,0xab,0xc0,0x71,0x80,0x61,0x40,0x51,0x60,0x51,0x80,0x61,0x81,0xab,0x61,0xa3,0x85,0x39,
    0x9c,0xf7,0x9c,0xf7,0x9c,0xf7,0x9c,0xf7,0x9c,0xf7,0x9c,0xf7,0x9c,0xf7,0x9c,0xf7,0x9c,0xf7,0x9c,0xf7,0x9c,0xf7,0x9c,0xf7,
    0x9c,0xf7,0x9c,0xf7,0x9c,0xf7,0x9c,0xf7,0x9c,0xf7,0x9c,0xf7,0x9c,0xf7,0x9c,0xf7,0x9c,0xf7,0x9c,0xf7,0x7c,0xf7,0x9c,0xf7,
    0x6c,0x73,0x03,0x8b,0x42,0x7a,0x00,0x7a,0xa0,0xbb,0xa2,0xf5,0x52,0xff,0xff,0xff,0xd9,0xff,0x2c,0xff,0x65,0xfe,0x60,0xed,
    0xa0,0xdc,0x00,0xed,0xa1,0xf5,0x00,0xcc,0x60,0x9a,0x80,0x61,0xc0,0x38,0xe0,0x40,0x20,0x59,0xc0,0x69,0x02,0x93,0x83,0x49,
    0x1a,0xef,0x9c,0xf7,0x9c,0xf7,0x9c,0xf7,0x9c,0xf7,0x9c,0xf7,0x9c,0xf7,0x9c,0xf7,0x9c,0xf7,0x9c,0xf7,0x9c,0xf7,0x9c,0xf7,
    0x9c,0xf7,0x9c,0xf7,0x9c,0xf7,0x9c,0xf7,0x9c,0xf7,0x9c,0xf7,0x9c,0xf7,0x9c,0xf7,0x9c,0xf7,0x9c,0xf7,0x9c,0xf7,0x9c,0xf7,
    0x45,0x5a,0x21,0xa3,0x60,0x61,0xc0,0xa2,0xa0,0xdc,0x03,0xf6,0x33,0xff,0xff,0xff,0x76,0xff,0xc9,0xfe,0x24,0xfe,0x40,0xf5,
    0xa0,0xdc,0xc0,0xe4,0x81,0xf5,0x00,0xcc,0x60,0x92,0x60,0x61,0xe0,0x40,0xe0,0x40,0x00,0x49,0x60,0x92,0x21,0xcc,0x00,0x41,
    0x57,0xd6,0x9c,0xf7,0x7c,0xf7,0x9c,0xf7,0x9c,0xf7,0x9c,0xf7,0x9c,0xf7,0x9c,0xf7,0x9c,0xf7,0x9c,0xf7,0x9c,0xf7,0x9c,0xf7,
    0x9c,0xf7,0x9c,0xf7,0x9c,0xf7,0x9c,0xf7,0x9c,0xf7,0x9c,0xf7,0x9c,0xf7,0x9c,0xf7,0x9c,0xf7,0x9c,0xf7,0x9c,0xf7,0x7b,0xf7,
    0x65,0x5a,0x22,0xcc,0x80,0x69,0xe0,0xa2,0xa0,0xdc,0x45,0xfe,0x54,0xff,0xff,0xff,0x76,0xff,0xca,0xfe,0x03,0xfe,0x40,0xed,
    0xc0,0xe4,0xe0,0xe4,0x81,0xed,0x40,0xd4,0xe0,0xa2,0xc0,0x71,0xe0,0x48,0xc0,0x38,0x20,0x59,0xe0,0x81,0x42,0xf5,0x60,0x51,
    0x16,0xc6,0x9c,0xf7,0x7c,0xf7,0x9c,0xf7,0x9c,0xf7,0x9c,0xf7,0x9c,0xf7,0x9c,0xf7,0x9c,0xf7,0x9c,0xf7,0x9c,0xf7,0x9c,0xf7,
    0x9c,0xf7,0x9c,0xf7,0x9c,0xf7,0x9c,0xf7,0x9c,0xf7,0x9c,0xf7,0x9c,0xf7,0x9c,0xf7,0x9c,0xf7,0x7c,0xf7,0x9c,0xf7,0x98,0xde,
    0x62,0x6a,0xc2,0xc3,0x80,0x69,0x20,0xab,0x00,0xe5,0x66,0xfe,0x75,0xff,0xff,0xff,0x75,0xff,0xa8,0xfe,0x24,0xfe,0x60,0xed,
    0xa0,0xdc,0xc0,0xe4,0x61,0xed,0x40,0xd4,0x00,0xab,0xe0,0x79,0x00,0x49,0xc0,0x38,0x60,0x61,0x80,0x71,0x23,0xf5,0x20,0x72,
    0x12,0xa5,0x9c,0xf7,0x7b,0xf7,0x9c,0xf7,0x9c,0xf7,0x9c,0xf7,0x9c,0xf7,0x9c,0xf7,0x9c,0xf7,0x9c,0xf7,0x9c,0xf7,0x9c,0xf7,
    0x9c,0xf7,0x9c,0xf7,0x9c,0xf7,0x9c,0xf7,0x9c,0xf7,0x9c,0xf7,0x9c,0xf7,0x9c,0xf7,0x9c,0xf7,0x7c,0xf7,0x9c,0xf7,0x53,0xad,
    0x43,0x93,0xa2,0xbb,0x80,0x69,0x80,0xbb,0x40,0xed,0x88,0xfe,0x98,0xff,0xff,0xff,0x74,0xff,0xa8,0xfe,0x03,0xfe,0x60,0xed,
    0xa0,0xdc,0xc0,0xe4,0x81,0xed,0x80,0xdc,0x00,0xab,0xe0,0x79,0x20,0x51,0xa0,0x38,0x60,0x61,0x20,0x59,0xe4,0xe4,0x42,0xa3,
    0xad,0x7b,0x9c,0xf7,0x7b,0xf7,0x9c,0xf7,0x9c,0xf7,0x9c,0xf7,0x9c,0xf7,0x9c,0xf7,0x9c,0xf7,0x9c,0xf7,0x9c,0xf7,0x9c,0xf7,
    0x9c,0xf7,0x9c,0xf7,0x9c,0xf7,0x9c,0xf7,0x9c,0xf7,0x9c,0xf7,0x9c,0xf7,0x9c,0xf7,0x9c,0xf7,0x7b,0xf7,0x9c,0xf7,0xad,0x7b,
    0x64,0xc4,0xc1,0x9a,0xe0,0x79,0xe0,0xc3,0x80,0xed,0xca,0xfe,0xb9,0xff,0xfe,0xff,0x52,0xff,0xa9,0xfe,0x04,0xfe,0x40,0xed,
    0xa0,0xdc,0xe0,0xe4,0x61,0xed,0xa0,0xdc,0x00,0xab,0xe0,0x81,0x40,0x51,0xa0,0x38,0x60,0x59,0x20,0x59,0x22,0xc4,0x43,0xcc,
    0x28,0x5a,0x9c,0xf7,0x7c,0xf7,0x9c,0xf7,0x9c,0xf7,0x9c,0xf7,0x9c,0xf7,0x9c,0xf7,0x9c,0xf7,0x9c,0xf7,0x9c,0xf7,0x9c,0xf7,
    0x9c,0xf7,0x9c,0xf7,0x9c,0xf7,0x9c,0xf7,0x9c,0xf7,0x9c,0xf7,0x9c,0xf7,0x9c,0xf7,0x9c,0xf7,0x9c,0xf7,0x9c,0xf7,0xa8,0x62,
    0xe6,0xd4,0x00,0x82,0x40,0x8a,0x60,0xd4,0xc1,0xf5,0xcb,0xfe,0xdb,0xff,0xdd,0xff,0x52,0xff,0xa9,0xfe,0x04,0xfe,0x60,0xed,
    0xa0,0xdc,0xc0,0xe4,0x61,0xf5,0xc0,0xe4,0x40,0xb3,0x00,0x82,0x60,0x61,0xa0,0x38,0x40,0x59,0x20,0x59,0x41,0xab,0x24,0xe5,
    0x42,0x49,0x3b,0xef,0x9c,0xf7,0x9c,0xf7,0x9c,0xf7,0x9c,0xf7,0x9c,0xf7,0x9c,0xf7,0x9c,0xf7,0x9c,0xf7,0x9c,0xf7,0x9c,0xf7,
    0x9c,0xf7,0x9c,0xf7,0x9c,0xf7,0x9c,0xf7,0x9c,0xf7,0x9c,0xf7,0x9c,0xf7,0x9c,0xf7,0x7c,0xf7,0x9c,0xf7,0xb9,0xde,0x84,0x6a,
    0xa4,0xdc,0x80,0x69,0xc0,0x9a,0xa0,0xdc,0xe2,0xf5,0xcc,0xfe,0xdc,0xff,0xdd,0xff,0x31,0xff,0xa8,0xfe,0x03,0xf6,0x40,0xed,
    0xc0,0xe4,0xa0,0xe4,0xa2,0xf5,0xe0,0xe4,0x60,0xbb,0x00,0x82,0x60,0x61,0xc0,0x38,0x20,0x49,0x40,0x59,0x60,0x8a,0xa5,0xfd,
    0x80,0x59,0xb5,0xbd,0x9c,0xf7,0x7c,0xf7,0x9c,0xf7,0x9c,0xf7,0x9c,0xf7,0x9c,0xf7,0x9c,0xf7,0x9c,0xf7,0x9c,0xf7,0x9c,0xf7,
    0x9c,0xf7,0x9c,0xf7,0x9c,0xf7,0x9c,0xf7,0x9c,0xf7,0x9c,0xf7,0x9c,0xf7,0x9c,0xf7,0x7b,0xf7,0x9c,0xf7,0xd1,0x9c,0x84,0x9b,
    0x02,0xc4,0x80,0x69,0x40,0xb3,0xe0,0xe4,0x23,0xfe,0x31,0xff,0xfe,0xff,0xdc,0xff,0x0f,0xff,0x87,0xfe,0xe3,0xfd,0x40,0xed,
    0xa0,0xdc,0xc0,0xe4,0x82,0xed,0x20,0xed,0xa0,0xc3,0x40,0x8a,0x80,0x61,0xe0,0x40,0x00,0x41,0x60,0x61,0xa0,0x71,0x85,0xf5,
    0xc1,0x92,0xae,0x7b,0x9c,0xf7,0x7b,0xf7,0x9c,0xf7,0x9c,0xf7,0x9c,0xf7,0x9c,0xf7,0x9c,0xf7,0x9c,0xf7,0x9c,0xf7,0x9c,0xf7,
    0x9c,0xf7,0x9c,0xf7,0x9c,0xf7,0x9c,0xf7,0x9c,0xf7,0x9c,0xf7,0x9c,0xf7,0x9c,0xf7,0x7c,0xf7,0x9c,0xf7,0xa9,0x62,0xc5,0xd4,
    0xc1,0x9a,0xe0,0x79,0xa0,0xc3,0x20,0xed,0x66,0xfe,0x74,0xff,0xff,0xff,0xba,0xff,0x0f,0xff,0x88,0xfe,0xe3,0xf5,0x20,0xed,
    0x80,0xdc,0xa0,0xdc,0x82,0xed,0x41,0xed,0xc0,0xc3,0x80,0x92,0xa0,0x71,0x20,0x51,0xc0,0x38,0x60,0x61,0x40,0x61,0xe4,0xe4,
    0x63,0xcc,0xc6,0x49,0x9c,0xf7,0x9c,0xf7,0x9c,0xf7,0x9c,0xf7,0x9c,0xf7,0x9c,0xf7,0x9c,0xf7,0x9c,0xf7,0x9c,0xf7,0x9c,0xf7,
    0x9c,0xf7,0x9c,0xf7,0x9c,0xf7,0x9c,0xf7,0x9c,0xf7,0x9c,0xf7,0x9c,0xf7,0x9c,0xf7,0x9c,0xf7,0x1a,0xe7,0x04,0x5a,0x04,0xe5,
    0xc0,0x79,0x60,0x8a,0x20,0xcc,0x80,0xf5,0x88,0xfe,0x96,0xff,0xff,0xff,0xfc,0xff,0x30,0xff,0x85,0xfe,0xe1,0xfd,0x20,0xed,
    0x80,0xdc,0x80,0xdc,0x40,0xed,0xa1,0xf5,0x60,0xd4,0xc0,0xa2,0xe0,0x81,0x60,0x59,0xa0,0x38,0x60,0x61,0x40,0x61,0x81,0xb3,
    0xa6,0xf5,0x20,0x49,0x78,0xd6,0x9c,0xf7,0x7c,0xf7,0x9c,0xf7,0x9c,0xf7,0x9c,0xf7,0x9c,0xf7,0x9c,0xf7,0x9c,0xf7,0x9c,0xf7,
    0x9c,0xf7,0x9c,0xf7,0x9c,0xf7,0x9c,0xf7,0x9c,0xf7,0x9c,0xf7,0x9c,0xf7,0x7b,0xf7,0x9c,0xf7,0xb1,0x9c,0xa5,0x9b,0x23,0xcc,
    0x80,0x69,0x00,0xab,0xa0,0xdc,0xe1,0xfd,0xcb,0xfe,0x78,0xff,0x7c,0xf7,0x16,0xf7,0x6e,0xee,0xe8,0xed,0x45,0xdd,0xa4,0xd4,
    0x44,0xcc,0x23,0xc4,0x23,0xc4,0x43,0xc4,0xa2,0xbb,0xc1,0x9a,0xc0,0x71,0x40,0x59,0xa0,0x38,0xe0,0x48,0x20,0x51,0x20,0x82,
    0xe7,0xfd,0x61,0x8a,0x8d,0x7b,0x9c,0xf7,0x7b,0xf7,0x9c,0xf7,0x9c,0xf7,0x9c,0xf7,0x9c,0xf7,0x9c,0xf7,0x9c,0xf7,0x9c,0xf7,
    0x9c,0xf7,0x9c,0xf7,0x9c,0xf7,0x9c,0xf7,0x9c,0xf7,0x9c,0xf7,0x9c,0xf7,0x9c,0xf7,0x7c,0xf7,0x06,0x52,0x25,0xe5,0x60,0x8a,
    0xc0,0x71,0x41,0xab,0x63,0xcc,0x47,0xdd,0x0e,0xe6,0xf6,0xf6,0x17,0xf7,0x90,0xf6,0x2a,0xee,0xe8,0xed,0x86,0xed,0xc5,0xd4,
    0x24,0xc4,0xe4,0xbb,0x44,0xcc,0x06,0xdd,0x07,0xdd,0xc4,0xb3,0xe3,0x92,0x81,0x82,0x01,0x6a,0x81,0x51,0x40,0x49,0x80,0x69,
    0xc4,0xdc,0x63,0xd4,0x03,0x39,0x3b,0xef,0x7c,0xf7,0x9c,0xf7,0x9c,0xf7,0x9c,0xf7,0x9c,0xf7,0x9c,0xf7,0x9c,0xf7,0x9c,0xf7,
    0x9c,0xf7,0x9c,0xf7,0x9c,0xf7,0x9c,0xf7,0x9c,0xf7,0x9c,0xf7,0x7b,0xf7,0x9c,0xf7,0x74,0xb5,0x61,0x72,0x83,0xd4,0x42,0x7a,
    0x04,0x93,0x05,0xbc,0xc5,0xd4,0x08,0xee,0xb0,0xf6,0x39,0xf7,0x18,0xef,0x91,0xee,0x0b,0xe6,0x45,0xdd,0xa3,0xcc,0x44,0xc4,
    0xe4,0xbb,0xa4,0xb3,0xe4,0xbb,0x64,0xc4,0x43,0xc4,0x62,0xab,0xc1,0x9a,0x00,0x7a,0x80,0x59,0x40,0x49,0x81,0x59,0x41,0x7a,
    0x23,0x9b,0x64,0xcc,0x20,0x51,0x91,0x94,0x9c,0xf7,0x7b,0xf7,0x9c,0xf7,0x9c,0xf7,0x9c,0xf7,0x9c,0xf7,0x9c,0xf7,0x9c,0xf7,
    0x9c,0xf7,0x9c,0xf7,0x9c,0xf7,0x9c,0xf7,0x9c,0xf7,0x9c,0xf7,0x7c,0xf7,0x9c,0xf7,0x07,0x4a,0xa5,0xa3,0x24,0x93,0x42,0x7a,
    0x02,0x9b,0x83,0xab,0xa5,0xcc,0xaa,0xdd,0x30,0xe6,0xd7,0xee,0xf6,0xf6,0xf2,0xf6,0x8c,0xf6,0xe6,0xf5,0x63,0xed,0xe2,0xe4,
    0x42,0xcc,0x22,0xcc,0x82,0xd4,0xe3,0xdc,0x45,0xe5,0x84,0xd4,0x82,0xb3,0x81,0x8a,0x21,0x72,0x00,0x72,0x80,0x59,0x60,0x59,
    0xc1,0x71,0x05,0xb4,0xe4,0xb3,0x63,0x41,0xfa,0xe6,0x9c,0xf7,0x7c,0xf7,0x9c,0xf7,0x9c,0xf7,0x9c,0xf7,0x9c,0xf7,0x9c,0xf7,
    0x9c,0xf7,0x9c,0xf7,0x9c,0xf7,0x9c,0xf7,0x9c,0xf7,0x7b,0xf7,0x9c,0xf7,0x2f,0x8c,0x63,0x93,0x64,0xcc,0x21,0x72,0xc2,0x8a,
    0xa3,0xab,0xc3,0xd4,0x25,0xfe,0xeb,0xfe,0xb9,0xff,0xfe,0xff,0x76,0xff,0xcd,0xf6,0x49,0xf6,0xe6,0xed,0x23,0xe5,0x82,0xd4,
    0x22,0xcc,0xe2,0xc3,0x02,0xc4,0x61,0xcc,0xe2,0xdc,0x20,0xcc,0xe0,0xaa,0x20,0x8a,0x80,0x69,0x40,0x59,0xe0,0x40,0x40,0x51,
    0xe0,0x71,0x41,0xab,0xa5,0xd4,0x00,0x7a,0xa9,0x5a,0x9c,0xf7,0x7b,0xf7,0x9c,0xf7,0x9c,0xf7,0x9c,0xf7,0x9c,0xf7,0x9c,0xf7,
    0x9c,0xf7,0x9c,0xf7,0x9c,0xf7,0x9c,0xf7,0x7c,0xf7,0x9c,0xf7,0xb5,0xbd,0x42,0x39,0x85,0xcc,0x22,0xa3,0xc0,0x69,0x60,0x8a,
    0x80,0xb3,0xa2,0xd4,0x46,0xd5,0xee,0xdd,0x74,0xe6,0x94,0xee,0x72,0xee,0x4e,0xee,0xea,0xed,0xa7,0xe5,0x67,0xe5,0x27,0xdd,
    0xc6,0xcc,0x66,0xc4,0xa7,0xcc,0xc8,0xcc,0x08,0xd5,0x69,0xdd,0xa7,0xc4,0xe6,0xb3,0x04,0x93,0x42,0x72,0xa1,0x59,0x40,0x51,
    0x80,0x69,0x40,0x92,0x63,0xd4,0x84,0xcc,0x40,0x51,0xb1,0x9c,0x9c,0xf7,0x7b,0xf7,0x9c,0xf7,0x9c,0xf7,0x9c,0xf7,0x9c,0xf7,
    0x9c,0xf7,0x9c,0xf7,0x9c,0xf7,0x7c,0xf7,0x7c,0xf7,0x5b,0xef,0xe5,0x49,0x03,0xd5,0xc2,0xbb,0x22,0x7a,0x04,0x93,0x26,0xb4,
    0xe7,0xcc,0x0b,0xe6,0xd2,0xf6,0x9c,0xff,0xdf,0xff,0xda,0xff,0x94,0xff,0x2d,0xff,0xa6,0xfe,0x21,0xfe,0x80,0xf5,0x00,0xed,
    0xa0,0xe4,0xe0,0xcb,0xe0,0xd3,0x80,0xdc,0x60,0xf5,0x43,0xfe,0x20,0xed,0xc1,0xc3,0xa1,0x9a,0x61,0x8a,0x21,0x7a,0xe1,0x69,
    0x41,0x72,0xa2,0x82,0x62,0xa3,0xe5,0xd4,0x20,0xb3,0xe1,0x38,0x37,0xce,0x9c,0xf7,0x7b,0xf7,0x9c,0xf7,0x9c,0xf7,0x9c,0xf7,
    0x9c,0xf7,0x9c,0xf7,0x9c,0xf7,0x9c,0xf7,0x9c,0xf7,0x69,0x4a,0x23,0x8b,0x07,0xd5,0x45,0x93,0x45,0x9b,0xe3,0xbb,0xc1,0xdc,
    0xc1,0xf5,0xa8,0xfe,0x76,0xff,0xfe,0xff,0xfe,0xff,0xb8,0xff,0x50,0xff,0xeb,0xfe,0x87,0xfe,0x02,0xf6,0x80,0xf5,0x20,0xed,
    0xa0,0xdc,0x20,0xcc,0x00,0xcc,0xa0,0xdc,0x61,0xed,0x05,0xf6,0x41,0xed,0x20,0xd4,0xa0,0x9a,0xc0,0x79,0x40,0x61,0xc0,0x40,
    0xc0,0x40,0xa0,0x71,0xc2,0x9a,0x66,0xc4,0xc8,0xc4,0x81,0x82,0x64,0x39,0xd9,0xe6,0x9c,0xf7,0x7c,0xf7,0x9c,0xf7,0x9c,0xf7,
    0x9c,0xf7,0x9c,0xf7,0x7c,0xf7,0x5b,0xef,0xeb,0x62,0x47,0x83,0xa7,0xcc,0x22,0x7a,0xe0,0x79,0x80,0x9a,0xc0,0xc3,0xe0,0xe4,
    0x05,0xf6,0xac,0xfe,0x77,0xff,0xff,0xff,0xfe,0xff,0xb8,0xff,0x71,0xff,0xe9,0xfe,0x85,0xfe,0x21,0xfe,0xa0,0xfd,0x00,0xed,
    0xa0,0xe4,0x40,0xd4,0x00,0xcc,0x60,0xdc,0xe0,0xec,0xc2,0xfd,0xa1,0xf5,0x20,0xd4,0xc0,0xa2,0xe0,0x79,0x80,0x69,0x00,0x51,
    0xc0,0x40,0x20,0x51,0xc0,0x79,0x80,0xbb,0x88,0xfe,0x03,0xe5,0xc0,0x92,0xc4,0x49,0x37,0xce,0x9c,0xf7,0x7c,0xf7,0x9c,0xf7,
    0x9c,0xf7,0x7c,0xf7,0x9c,0xf7,0xeb,0x6a,0x06,0xa4,0x47,0xfe,0xc0,0xa2,0x80,0x69,0x00,0x7a,0x20,0xab,0x40,0xd4,0x81,0xf5,
    0x88,0xfe,0x71,0xff,0xfb,0xff,0xff,0xff,0xbb,0xff,0x57,0xf7,0xd1,0xee,0x2d,0xee,0xca,0xe5,0x68,0xdd,0x27,0xd5,0xe7,0xcc,
    0xa7,0xc4,0x46,0xbc,0x46,0xbc,0x86,0xc4,0xc6,0xcc,0x46,0xdd,0xa7,0xe5,0xe5,0xdc,0x23,0xc4,0x21,0xab,0x41,0x82,0x60,0x59,
    0xa0,0x38,0xe0,0x48,0x60,0x69,0xc0,0xa2,0xc5,0xf5,0xe7,0xed,0xe0,0xaa,0xe0,0x9a,0xe5,0x49,0x7b,0xf7,0x9c,0xf7,0x9c,0xf7,
    0x9c,0xf7,0x9c,0xf7,0x98,0xd6,0x61,0x51,0xac,0xfe,0x41,0xcc,0xc0,0x71,0xc0,0x71,0x01,0x9b,0x23,0xc4,0x06,0xdd,0x69,0xdd,
    0x0a,0xc5,0xac,0xbc,0xca,0x9b,0x06,0x8b,0x84,0x7a,0xe2,0x61,0x81,0x59,0x81,0x51,0x41,0x49,0x01,0x41,0x01,0x41,0x01,0x41,
    0x00,0x41,0xe0,0x38,0xe0,0x38,0x01,0x39,0x01,0x39,0x41,0x41,0x82,0x51,0xc3,0x59,0x43,0x6a,0x82,0x7a,0xa3,0x82,0xc2,0x82,
    0xc2,0x82,0xa3,0x82,0x82,0x8a,0xc1,0x9a,0xa2,0xd4,0x88,0xfe,0x60,0xb3,0xe0,0xa2,0x20,0x72,0x33,0xad,0x9c,0xf7,0x9c,0xf7,
    0x9c,0xf7,0x9c,0xf7,0xae,0x7b,0xe4,0xab,0x69,0xfe,0x60,0xbb,0xa2,0x82,0x23,0x9b,0x86,0x9b,0xe5,0x82,0xe3,0x61,0x21,0x41,
    0xa0,0x30,0x60,0x28,0x40,0x20,0x40,0x20,0x40,0x18,0x40,0x18,0x40,0x10,0x20,0x10,0x40,0x10,0x20,0x10,0xe0,0x38,0x60,0x59,
    0x40,0x20,0x60,0x28,0x00,0x08,0x20,0x10,0x00,0x10,0x20,0x10,0x00,0x10,0x20,0x18,0x00,0x18,0x20,0x18,0x40,0x20,0x80,0x28,
    0xe0,0x38,0x61,0x51,0xe2,0x59,0x63,0x72,0xa4,0xab,0xe9,0xe5,0x45,0xed,0x80,0x9a,0x00,0xa3,0x68,0x5a,0x9c,0xf7,0x9c,0xf7,
    0x9c,0xf7,0x3b,0xef,0x83,0x49,0x08,0xf6,0x27,0xd5,0x03,0x8b,0x42,0x72,0x40,0x49,0x80,0x28,0x40,0x20,0x40,0x18,0x40,0x18,
    0x40,0x18,0x40,0x18,0x60,0x18,0x40,0x18,0x40,0x18,0x60,0x20,0x40,0x18,0x60,0x18,0x80,0x20,0x20,0x18,0xa0,0x59,0x83,0xd4,
    0xe0,0x50,0xc0,0x40,0x20,0x10,0x40,0x20,0x40,0x18,0x40,0x18,0x40,0x18,0x40,0x20,0x40,0x20,0x40,0x20,0x60,0x28,0x60,0x28,
    0x40,0x20,0x20,0x18,0x20,0x18,0x40,0x20,0xc0,0x38,0x62,0x51,0xe5,0x82,0x86,0xa3,0xc2,0xc3,0x41,0x49,0x78,0xd6,0x9c,0xf7,
    0x9c,0xf7,0xb1,0x9c,0xe4,0x7a,0x69,0xb4,0x82,0x59,0xa0,0x30,0x40,0x20,0x40,0x20,0x60,0x28,0x60,0x30,0x80,0x30,0x80,0x30,
    0x80,0x28,0x60,0x20,0x40,0x20,0x40,0x20,0x40,0x20,0x40,0x20,0x40,0x20,0x60,0x20,0x60,0x28,0x00,0x10,0x24,0x9b,0x2a,0xfe,
    0x40,0x59,0x20,0x49,0x40,0x18,0x40,0x20,0x40,0x18,0x40,0x18,0x60,0x20,0x60,0x20,0x60,0x28,0x80,0x30,0xa0,0x30,0xc0,0x38,
    0xa0,0x30,0x80,0x30,0xa0,0x38,0xa0,0x38,0x80,0x30,0x60,0x28,0x60,0x28,0x21,0x51,0xe4,0x8a,0xe2,0x8a,0xad,0x7b,0x9c,0xf7,
    0x9c,0xf7,0x47,0x52,0xa3,0x7a,0x40,0x59,0x80,0x28,0x80,0x28,0xa0,0x30,0xa0,0x38,0xc0,0x40,0xe0,0x48,0x40,0x51,0x00,0x49,
    0xc0,0x38,0x80,0x30,0x60,0x28,0x60,0x20,0x60,0x20,0x60,0x28,0x80,0x28,0x80,0x28,0x40,0x20,0xe0,0x40,0x60,0xb3,0xc2,0xbb,
    0x20,0x59,0x20,0x51,0xc0,0x38,0x20,0x10,0x60,0x28,0x60,0x20,0x80,0x28,0xa0,0x30,0xc0,0x38,0x00,0x49,0x40,0x51,0x40,0x51,
    0x40,0x59,0x60,0x59,0x20,0x51,0xe0,0x40,0xc0,0x40,0xc0,0x40,0xa0,0x38,0x80,0x28,0x00,0x59,0x21,0x7a,0xa3,0x41,0x9c,0xf7,
    0x9c,0xf7,0x62,0x39,0x40,0x8a,0x80,0x61,0x60,0x28,0x00,0x49,0x00,0x49,0x40,0x61,0xa0,0x71,0x20,0x82,0x80,0x92,0xa0,0x69,
    0x40,0x51,0xe0,0x40,0xa0,0x30,0x80,0x28,0x80,0x20,0x80,0x28,0xa0,0x30,0x40,0x18,0xa0,0x61,0x01,0xcc,0x87,0xe5,0x20,0xcc,
    0xc0,0xaa,0xe0,0x48,0x00,0x51,0x00,0x49,0x40,0x20,0xa0,0x30,0xa0,0x30,0xc0,0x38,0x00,0x49,0x40,0x51,0x00,0x7a,0xc0,0x92,
    0x80,0x8a,0x00,0x7a,0xc0,0x71,0x80,0x61,0x40,0x59,0x00,0x59,0x20,0x51,0x80,0x30,0x80,0x61,0xe0,0x81,0xa0,0x28,0x9c,0xf7,
    0x9c,0xf7,0x0b,0x63,0x80,0x61,0xc1,0x9a,0x40,0x51,0xc0,0x40,0x40,0x59,0xa0,0x71,0xc0,0xa2,0x60,0xdc,0xe0,0xc3,0x40,0x8a,
    0xa0,0x69,0x20,0x51,0xc0,0x40,0xa0,0x30,0x80,0x28,0xa0,0x30,0x80,0x28,0x41,0x49,0xa2,0xdc,0x13,0xff,0xfc,0xff,0xa9,0xfe,
    0x61,0xd4,0x00,0x8a,0x80,0x38,0xc0,0x79,0xa0,0x38,0x80,0x28,0xc0,0x38,0x20,0x49,0x80,0x61,0x40,0x82,0x20,0xab,0x80,0xd4,
    0x40,0xc4,0x20,0xa3,0x80,0x92,0x20,0x82,0xa0,0x71,0x60,0x69,0x00,0x51,0x80,0x59,0xc1,0x9a,0x40,0x59,0x68,0x52,0x9c,0xf7,
    0x9c,0xf7,0x1a,0xef,0x89,0x5a,0x40,0x51,0x80,0x8a,0xa0,0x8a,0x40,0x8a,0x60,0x92,0x00,0xcc,0x81,0xed,0xc0,0xc3,0x60,0x92,
    0xa0,0x71,0x40,0x59,0x00,0x49,0xc0,0x40,0xc0,0x40,0x00,0x49,0x60,0x28,0xc1,0x82,0xe4,0xfd,0xdd,0xff,0xbc,0xff,0xa9,0xfe,
    0xa0,0xdc,0x60,0x9a,0xa0,0x38,0x80,0x69,0xa0,0x69,0x40,0x20,0x00,0x49,0x80,0x69,0x40,0x8a,0x20,0xab,0x40,0xcc,0x83,0xed,
    0x42,0xe5,0xe0,0xc3,0x60,0xb3,0x80,0x92,0x00,0x7a,0x62,0x82,0xc1,0x8a,0xa0,0x8a,0xe0,0x48,0x48,0x52,0x1a,0xe7,0x9c,0xf7,
    0x9c,0xf7,0x9c,0xf7,0x9c,0xf7,0x90,0x94,0x64,0x39,0x60,0x51,0x80,0x82,0x83,0xab,0x68,0xe5,0x26,0xfe,0x21,0xd4,0x60,0x92,
    0x80,0x61,0x20,0x51,0xc0,0x40,0xa0,0x38,0xc0,0x38,0x00,0x49,0xa0,0x30,0x21,0x9b,0xa0,0xe4,0xcc,0xfe,0xcc,0xfe,0x41,0xf5,
    0xa0,0xcb,0xc0,0x79,0x60,0x28,0xa0,0x71,0x20,0x8a,0x60,0x20,0x00,0x49,0x60,0x61,0x00,0x82,0xc0,0x9a,0xe0,0xcb,0xc4,0xf5,
    0x88,0xfe,0x43,0xed,0x84,0xd4,0xa3,0xb3,0x43,0xa3,0xa2,0x82,0x40,0x51,0x44,0x39,0x70,0x94,0x9c,0xf7,0x9c,0xf7,0x9c,0xf7,
    0x9c,0xf7,0x9c,0xf7,0x9c,0xf7,0x9c,0xf7,0x5b,0xef,0x74,0xb5,0x0b,0x6b,0x84,0x49,0x22,0x41,0x23,0x6a,0xc3,0x8a,0xc1,0x92,
    0xa0,0x8a,0x40,0x7a,0xa0,0x61,0x80,0x61,0x60,0x59,0x80,0x61,0x00,0x41,0xc1,0x82,0xc0,0xa2,0xa1,0xd4,0x01,0xed,0x60,0xbb,
    0x60,0x92,0x20,0x61,0x20,0x18,0x61,0x8a,0xa1,0x82,0x60,0x28,0x80,0x61,0x00,0x7a,0xa0,0x92,0x81,0xab,0x63,0xc4,0xc7,0xcc,
    0x8a,0xbc,0x46,0x93,0x23,0x6a,0x41,0x41,0x84,0x41,0xeb,0x62,0x74,0xb5,0x7b,0xf7,0x9c,0xf7,0x9c,0xf7,0x9c,0xf7,0x9c,0xf7,
    0x9c,0xf7,0x9c,0xf7,0x9c,0xf7,0x7c,0xf7,0x9c,0xf7,0x9c,0xf7,0x9c,0xf7,0x5b,0xef,0x16,0xc6,0x91,0x94,0x0b,0x6b,0x27,0x52,
    0xa4,0x41,0x41,0x41,0x20,0x49,0x60,0x51,0x40,0x51,0x60,0x59,0xe0,0x40,0xc0,0x51,0x41,0xb3,0xa0,0x79,0x60,0x92,0xc0,0x79,
    0xe0,0x40,0x20,0x18,0xe0,0x48,0x03,0xcc,0x20,0x41,0xe0,0x48,0x80,0x59,0x80,0x51,0x80,0x51,0x61,0x49,0x63,0x49,0x85,0x41,
    0x07,0x4a,0x2b,0x6b,0x91,0x94,0x16,0xc6,0x5b,0xef,0x9c,0xf7,0x9c,0xf7,0x9c,0xf7,0x7c,0xf7,0x9c,0xf7,0x9c,0xf7,0x9c,0xf7,
    0x9c,0xf7,0x9c,0xf7,0x9c,0xf7,0x9c,0xf7,0x9c,0xf7,0x7c,0xf7,0x7c,0xf7,0x9c,0xf7,0x9c,0xf7,0x9c,0xf7,0x9c,0xf7,0x9c,0xf7,
    0x7b,0xf7,0xd9,0xe6,0x37,0xce,0x94,0xb5,0xf2,0xa4,0x2f,0x8c,0xee,0x83,0xc6,0x41,0xe0,0x92,0xe0,0xa2,0xe0,0x50,0x80,0x30,
    0x80,0x30,0x60,0x61,0x04,0xcc,0x22,0x6a,0xe7,0x39,0x0f,0x8c,0x50,0x8c,0xf2,0xa4,0x94,0xb5,0x37,0xce,0xfa,0xe6,0x9c,0xf7,
    0x9c,0xf7,0x9c,0xf7,0x9c,0xf7,0x9c,0xf7,0x9c,0xf7,0x7c,0xf7,0x7c,0xf7,0x9c,0xf7,0x9c,0xf7,0x9c,0xf7,0x9c,0xf7,0x9c,0xf7,
    0x9c,0xf7,0x9c,0xf7,0x9c,0xf7,0x9c,0xf7,0x9c,0xf7,0x9c,0xf7,0x9c,0xf7,0x9c,0xf7,0x7c,0xf7,0x7b,0xf7,0x7b,0xf7,0x7c,0xf7,
    0x9c,0xf7,0x9c,0xf7,0x9c,0xf7,0x9c,0xf7,0x9c,0xf7,0x9c,0xf7,0x9c,0xf7,0x3a,0xef,0x68,0x52,0x00,0x6a,0xe0,0x9a,0xa1,0x92,
    0xe1,0x9a,0x41,0xab,0x61,0x51,0xa9,0x52,0x5b,0xf7,0x9c,0xf7,0x9c,0xf7,0x9c,0xf7,0x9c,0xf7,0x9c,0xf7,0x9c,0xf7,0x9c,0xf7,
    0x7c,0xf7,0x7b,0xf7,0x7b,0xf7,0x7c,0xf7,0x9c,0xf7,0x9c,0xf7,0x9c,0xf7,0x9c,0xf7,0x9c,0xf7,0x9c,0xf7,0x9c,0xf7,0x9c,0xf7,
    0x9c,0xf7,0x9c,0xf7,0x9c,0xf7,0x9c,0xf7,0x9c,0xf7,0x9c,0xf7,0x9c,0xf7,0x9c,0xf7,0x9c,0xf7,0x9c,0xf7,0x9c,0xf7,0x9c,0xf7,
    0x9c,0xf7,0x9c,0xf7,0x7c,0xf7,0x7c,0xf7,0x7b,0xf7,0x7b,0xf7,0x7b,0xf7,0x9c,0xf7,0x9c,0xf7,0x70,0x94,0xe6,0x49,0x62,0x41,
    0x22,0x31,0xe7,0x41,0xd2,0x9c,0x9c,0xf7,0x9c,0xf7,0x7b,0xf7,0x7b,0xf7,0x7b,0xf7,0x7c,0xf7,0x7c,0xf7,0x9c,0xf7,0x9c,0xf7,
    0x9c,0xf7,0x9c,0xf7,0x9c,0xf7,0x9c,0xf7,0x9c,0xf7,0x9c,0xf7,0x9c,0xf7,0x9c,0xf7,0x9c,0xf7,0x9c,0xf7,0x9c,0xf7,0x9c,0xf7,
    0x9c,0xf7,0x9c,0xf7,0x9c,0xf7,0x9c,0xf7,0x9c,0xf7,0x9c,0xf7,0x9c,0xf7,0x9c,0xf7,0x9c,0xf7,0x9c,0xf7,0x9c,0xf7,0x9c,0xf7,
    0x9c,0xf7,0x9c,0xf7,0x9c,0xf7,0x9c,0xf7,0x9c,0xf7,0x9c,0xf7,0x9c,0xf7,0x9c,0xf7,0x9c,0xf7,0x9c,0xf7,0x9c,0xf7,0x9c,0xf7,
    0x9c,0xf7,0x9c,0xf7,0x9c,0xf7,0x9c,0xf7,0x9c,0xf7,0x9c,0xf7,0x9c,0xf7,0x9c,0xf7,0x9c,0xf7,0x9c,0xf7,0x9c,0xf7,0x9c,0xf7,
    0x9c,0xf7,0x9c,0xf7,0x9c,0xf7,0x9c,0xf7,0x9c,0xf7,0x9c,0xf7,0x9c,0xf7,0x9c,0xf7,0x9c,0xf7,0x9c,0xf7,0x9c,0xf7,0x9c,0xf7,
    0x9c,0xf7,0x9c,0xf7,0x9c,0xf7,0x9c,0xf7,0x9c,0xf7,0x9c,0xf7,0x9c,0xf7,0x9c,0xf7,0x9c,0xf7,0x9c,0xf7,0x9c,0xf7,0x9c,0xf7,
    0x9c,0xf7,0x9c,0xf7,0x9c,0xf7,0x9c,0xf7,0x9c,0xf7,0x9c,0xf7,0x9c,0xf7,0x9c,0xf7,0x9c,0xf7,0x9c,0xf7,0x9c,0xf7,0x9c,0xf7,
    0x9c,0xf7,0x9c,0xf7,0x9c,0xf7,0x9c,0xf7,0x9c,0xf7,0x9c,0xf7,0x9c,0xf7,0x9c,0xf7,0x9c,0xf7,0x9c,0xf7,0x9c,0xf7,0x9c,0xf7,
    0x9c,0xf7,0x9c,0xf7,0x9c,0xf7,0x9c,0xf7,0x9c,0xf7,0x9c,0xf7,0x9c,0xf7,0x9c,0xf7,0x9c,0xf7,0x9c,0xf7,0x9c,0xf7,0x9c,0xf7,
    0x9c,0xf7,0x9c,0xf7,0x9c,0xf7,0x9c,0xf7,0x9c,0xf7,0x9c,0xf7,0x9c,0xf7,0x9c,0xf7,0x9c,0xf7,0x9c,0xf7,0x9c,0xf7,0x9c,0xf7,
    0x9c,0xf7,0x9c,0xf7,0x9c,0xf7,0x9c,0xf7,0x9c,0xf7,0x9c,0xf7,0x9c,0xf7,0x9c,0xf7,0x9c,0xf7,0x9c,0xf7,0x9c,0xf7,0x9c,0xf7,
    0x9c,0xf7,0x9c,0xf7,0x9c,0xf7,0x9c,0xf7,0x9c,0xf7,0x9c,0xf7,0x9c,0xf7,0x9c,0xf7,0x9c,0xf7,0x9c,0xf7,0x9c,0xf7,0x9c,0xf7,
    0x9c,0xf7,0x9c,0xf7,0x9c,0xf7,0x9c,0xf7,0x9c,0xf7,0x9c,0xf7,0x9c,0xf7,0x9c,0xf7,0x9c,0xf7,0x9c,0xf7,0x9c,0xf7,0x9c,0xf7,
    0x9c,0xf7,0x9c,0xf7,0x9c,0xf7,0x9c,0xf7,0x9c,0xf7,0x9c,0xf7,0x9c,0xf7,0x9c,0xf7,0x9c,0xf7,0x9c,0xf7,0x9c,0xf7,0x9c,0xf7,
    0x9c,0xf7,0x9c,0xf7,0x9c,0xf7,0x9c,0xf7,0x9c,0xf7,0x9c,0xf7,0x9c,0xf7,0x9c,0xf7,0x9c,0xf7,0x9c,0xf7,0x9c,0xf7,0x9c,0xf7,
    0x9c,0xf7,0x9c,0xf7,0x9c,0xf7,0x9c,0xf7,0x9c,0xf7,0x9c,0xf7,0x9c,0xf7,0x9c,0xf7,0x9c,0xf7,0x9c,0xf7,0x9c,0xf7,0x9c,0xf7,
    0x9c,0xf7,0x9c,0xf7,0x9c,0xf7,0x9c,0xf7,0x9c,0xf7,0x9c,0xf7,0x9c,0xf7,0x9c,0xf7,0x9c,0xf7,0x9c,0xf7,0x9c,0xf7,0x9c,0xf7,
    0x9c,0xf7,0x9c,0xf7,0x9c,0xf7,0x9c,0xf7,0x9c,0xf7,0x9c,0xf7,0x9c,0xf7,0x9c,0xf7,0x9c,0xf7,0x9c,0xf7,0x9c,0xf7,0x9c,0xf7,
    0x9c,0xf7,0x9c,0xf7,0x9c,0xf7,0x9c,0xf7,0x9c,0xf7,0x9c,0xf7,0x9c,0xf7,0x9c,0xf7,0x9c,0xf7,0x9c,0xf7,0x9c,0xf7,0x9c,0xf7,
    0x9c,0xf7,0x9c,0xf7,0x9c,0xf7,0x9c,0xf7,0x9c,0xf7,0x9c,0xf7,0x9c,0xf7,0x9c,0xf7,0x9c,0xf7,0x9c,0xf7,0x9c,0xf7,0x9c,0xf7,
    0x9c,0xf7,0x9c,0xf7,0x9c,0xf7,0x9c,0xf7,0x9c,0xf7,0x9c,0xf7,0x9c,0xf7,0x9c,0xf7,0x9c,0xf7,0x9c,0xf7,0x9c,0xf7,0x9c,0xf7,
    0x9c,0xf7,0x9c,0xf7,0x9c,0xf7,0x9c,0xf7,0x9c,0xf7,0x9c,0xf7,0x9c,0xf7,0x9c,0xf7,0x9c,0xf7,0x9c,0xf7,0x9c,0xf7,0x9c,0xf7,
    0x9c,0xf7,0x9c,0xf7,0x9c,0xf7,0x9c,0xf7,0x9c,0xf7,0x9c,0xf7,0x9c,0xf7,0x9c,0xf7,0x9c,0xf7,0x9c,0xf7,0x9c,0xf7,0x9c,0xf7,
    0x9c,0xf7,0x9c,0xf7,0x9c,0xf7,0x9c,0xf7,0x9c,0xf7,0x9c,0xf7,0x9c,0xf7,0x9c,0xf7,0x9c,0xf7,0x9c,0xf7,0x9c,0xf7,0x9c,0xf7,
    0x9c,0xf7,0x9c,0xf7,0x9c,0xf7,0x9c,0xf7,0x9c,0xf7,0x9c,0xf7,0x9c,0xf7,0x9c,0xf7,0x9c,0xf7,0x9c,0xf7,0x9c,0xf7,0x9c,0xf7,
    0x9c,0xf7,0x9c,0xf7,0x9c,0xf7,0x9c,0xf7,0x9c,0xf7,0x9c,0xf7,0x9c,0xf7,0x9c,0xf7,0x9c,0xf7,0x9c,0xf7,0x9c,0xf7,0x9c,0xf7,
    0x9c,0xf7,0x9c,0xf7,0x9c,0xf7,0x9c,0xf7,0x9c,0xf7,0x9c,0xf7,0x9c,0xf7,0x9c,0xf7,0x9c,0xf7,0x9c,0xf7,0x9c,0xf7,0x9c,0xf7,
    0x9c,0xf7,0x9c,0xf7,0x9c,0xf7,0x9c,0xf7,0x9c,0xf7,0x9c,0xf7,0x9c,0xf7,0x9c,0xf7,0x9c,0xf7,0x9c,0xf7,0x9c,0xf7,0x9c,0xf7,
    0x9c,0xf7,0x9c,0xf7,0x9c,0xf7,0x9c,0xf7,0x9c,0xf7,0x9c,0xf7,0x9c,0xf7,0x9c,0xf7,0x9c,0xf7,0x9c,0xf7,0x9c,0xf7,0x9c,0xf7,
    0x9c,0xf7,0x9c,0xf7,0x9c,0xf7,0x9c,0xf7,0x9c,0xf7,0x9c,0xf7,0x9c,0xf7,0x9c,0xf7,0x9c,0xf7,0x9c,0xf7,0x9c,0xf7,0x9c,0xf7,
    0x9c,0xf7,0x9c,0xf7,0x9c,0xf7,0x9c,0xf7,0x9c,0xf7,0x9c,0xf7,0x9c,0xf7,0x9c,0xf7,0x9c,0xf7,0x9c,0xf7,0x9c,0xf7,0x9c,0xf7,
    0x9c,0xf7,0x9c,0xf7,0x9c,0xf7,0x9c,0xf7,0x9c,0xf7,0x9c,0xf7,0x9c,0xf7,0x9c,0xf7,0x9c,0xf7,0x9c,0xf7,0x9c,0xf7,0x9c,0xf7,
    0x9c,0xf7,0x9c,0xf7,0x9c,0xf7,0x9c,0xf7,0x9c,0xf7,0x9c,0xf7,0x9c,0xf7,0x9c,0xf7,0x9c,0xf7,0x9c,0xf7,0x9c,0xf7,0x9c,0xf7,
};

static const uint8_t slot_plum_pixels[6144] __attribute__((aligned(4))) = {
    0x9c,0xf7,0x9c,0xf7,0x9c,0xf7,0x9c,0xf7,0x9c,0xf7,0x9c,0xf7,0x9c,0xf7,0x9c,0xf7,0x9c,0xf7,0x9c,0xf7,0x9c,0xf7,0x9c,0xf7,
    0x9c,0xf7,0x9c,0xf7,0x9c,0xf7,0x9c,0xf7,0x9c,0xf7,0x9c,0xf7,0x9c,0xf7,0x9c,0xf7,0x9c,0xf7,0x9c,0xf7,0x9c,0xf7,0x9c,0xf7,
    0x9c,0xf7,0x9c,0xf7,0x9c,0xf7,0x9c,0xf7,0x9c,0xf7,0x9c,0xf7,0x9c,0xf7,0x9c,0xf7,0x9c,0xf7,0x9c,0xf7,0x9c,0xf7,0x9c,0xf7,
    0x9c,0xf7,0x9c,0xf7,0x9c,0xf7,0x9c,0xf7,0x9c,0xf7,0x9c,0xf7,0x9c,0xf7,0x9c,0xf7,0x9c,0xf7,0x9c,0xf7,0x9c,0xf7,0x9c,0xf7,
    0x9c,0xf7,0x9c,0xf7,0x9c,0xf7,0x9c,0xf7,0x9c,0xf7,0x9c,0xf7,0x9c,0xf7,0x9c,0xf7,0x9c,0xf7,0x9c,0xf7,0x9c,0xf7,0x9c,0xf7,
    0x9c,0xf7,0x9c,0xf7,0x9c,0xf7,0x9c,0xf7,0x9c,0xf7,0x9c,0xf7,0x9c,0xf7,0x9c,0xf7,0x9c,0xf7,0x9c,0xf7,0x9c,0xf7,0x9c,0xf7,
    0x9c,0xf7,0x9c,0xf7,0x9c,0xf7,0x9c,0xf7,0x9c,0xf7,0x9c,0xf7,0x9c,0xf7,0x9c,0xf7,0x9c,0xf7,0x9c,0xf7,0x9c,0xf7,0x9c,0xf7,
    0x9c,0xf7,0x9c,0xf7,0x9c,0xf7,0x9c,0xf7,0x9c,0xf7,0x9c,0xf7,0x9c,0xf7,0x9c,0xf7,0x9c,0xf7,0x9c,0xf7,0x9c,0xf7,0x9c,0xf7,
    0x9c,0xf7,0x9c,0xf7,0x9c,0xf7,0x9c,0xf7,0x9c,0xf7,0x9c,0xf7,0x9c,0xf7,0x9c,0xf7,0x9c,0xf7,0x9c,0xf7,0x9c,0xf7,0x9c,0xf7,
    0x9c,0xf7,0x9c,0xf7,0x9c,0xf7,0x9c,0xf7,0x9c,0xf7,0x9c,0xf7,0x9c,0xf7,0x9c,0xf7,0x9c,0xf7,0x9c,0xf7,0x9c,0xf7,0x9c,0xf7,
    0x9c,0xf7,0x9c,0xf7,0x9c,0xf7,0x9c,0xf7,0x9c,0xf7,0x9c,0xf7,0x9c,0xf7,0x9c,0xf7,0x9c,0xf7,0x9c,0xf7,0x9c,0xf7,0x9c,0xf7,
    0x9c,0xf7,0x9c,0xf7,0x9c,0xf7,0x9c,0xf7,0x9c,0xf7,0x9c,0xf7,0x9c,0xf7,0x9c,0xf7,0x9c,0xf7,0x9c,0xf7,0x9c,0xf7,0x9c,0xf7,
    0x9c,0xf7,0x9c,0xf7,0x9c,0xf7,0x9c,0xf7,0x9c,0xf7,0x9c,0xf7,0x9c,0xf7,0x9c,0xf7,0x9c,0xf7,0x9c,0xf7,0x9c,0xf7,0x9c,0xf7,
    0x9c,0xf7,0x9c,0xf7,0x9c,0xf7,0x9c,0xf7,0x9c,0xf7,0x9c,0xf7,0x9c,0xf7,0x9c,0xf7,0x9c,0xf7,0x9c,0xf7,0x9c,0xf7,0x9c,0xf7,
    0x9c,0xf7,0x9c,0xf7,0x9c,0xf7,0x9c,0xf7,0x9c,0xf7,0x9c,0xf7,0x9c,0xf7,0x9c,0xf7,0x9c,0xf7,0x9c,0xf7,0x9c,0xf7,0x9c,0xf7,
    0x9c,0xf7,0x9c,0xf7,0x9c,0xf7,0x9c,0xf7,0x9c,0xf7,0x9c,0xf7,0x9c,0xf7,0x9c,0xf7,0x9c,0xf7,0x9c,0xf7,0x9c,0xf7,0x9c,0xf7,
    0x9c,0xf7,0x9c,0xf7,0x9c,0xf7,0x9c,0xf7,0x9c,0xf7,0x9c,0xf7,0x9c,0xf7,0x9c,0xf7,0x9c,0xf7,0x9c,0xf7,0x9c,0xf7,0x9c,0xf7,
    0x9c,0xf7,0x9c,0xf7,0x9c,0xf7,0x9c,0xf7,0x9c,0xf7,0x9c,0xf7,0x9c,0xf7,0x9c,0xf7,0x9c,0xf7,0x9c,0xf7,0x9c,0xf7,0x9c,0xf7,
    0x9c,0xf7,0x9c,0xf7,0x9c,0xf7,0x9c,0xf7,0x9c,0xf7,0x9c,0xf7,0x9c,0xf7,0x9c,0xf7,0x9c,0xf7,0x9c,0xf7,0x9c,0xf7,0x9c,0xf7,
    0x9c,0xf7,0x9c,0xf7,0x9c,0xf7,0x9c,0xf7,0x9c,0xf7,0x9c,0xf7,0x9c,0xf7,0x9c,0xf7,0x9c,0xf7,0x9c,0xf7,0x9c,0xf7,0x9c,0xf7,
    0x9c,0xf7,0x9c,0xf7,0x9c,0xf7,0x9c,0xf7,0x9c,0xf7,0x9c,0xf7,0x9c,0xf7,0x9c,0xf7,0x9c,0xf7,0x9c,0xf7,0x9c,0xf7,0x9c,0xf7,
    0x9c,0xf7,0x9c,0xf7,0x9c,0xf7,0x9c,0xf7,0x9c,0xf7,0x9c,0xf7,0x9c,0xf7,0x9c,0xf7,0x9c,0xf7,0x9c,0xf7,0x9c,0xf7,0x9c,0xf7,
    0x9c,0xf7,0x9c,0xf7,0x9c,0xf7,0x9c,0xf7,0x9c,0xf7,0x9c,0xf7,0x9c,0xf7,0x9c,0xf7,0x9c,0xf7,0x9c,0xf7,0x9c,0xf7,0x9c,0xf7,
    0x9c,0xf7,0x9c,0xf7,0x9c,0xf7,0x9c,0xf7,0x9c,0xf7,0x9c,0xf7,0x9c,0xf7,0x9c,0xf7,0x9c,0xf7,0x9c,0xf7,0x9c,0xf7,0x9c,0xf7,
    0x9c,0xf7,0x9c,0xf7,0x9c,0xf7,0x9c,0xf7,0x9c,0xf7,0x9c,0xf7,0x9c,0xf7,0x9c,0xf7,0x9c,0xf7,0x9c,0xf7,0x9c,0xf7,0x9c,0xf7,
    0x9c,0xf7,0x9c,0xf7,0x9c,0xf7,0x9c,0xf7,0x9c,0xf7,0x9c,0xf7,0x9c,0xf7,0x9c,0xf7,0x9c,0xf7,0x9c,0xf7,0x9c,0xf7,0x9c,0xf7,
    0x9c,0xf7,0x9c,0xf7,0x9c,0xf7,0x9c,0xf7,0x9c,0xf7,0x9c,0xf7,0x9c,0xf7,0x9c,0xf7,0x9c,0xf7,0x9c,0xf7,0x9c,0xf7,0x9c,0xf7,
    0x9c,0xf7,0x9c,0xf7,0x9c,0xf7,0x9c,0xf7,0x9c,0xf7,0x9c,0xf7,0x9c,0xf7,0x9c,0xf7,0x9c,0xf7,0x9c,0xf7,0x9c,0xf7,0x9c,0xf7,
    0x9c,0xf7,0x9c,0xf7,0x9c,0xf7,0x9c,0xf7,0x9c,0xf7,0x9c,0xf7,0x9c,0xf7,0x9c,0xf7,0x9c,0xf7,0x9c,0xf7,0x9c,0xf7,0x9c,0xf7,
    0x9c,0xf7,0x9c,0xf7,0x9c,0xf7,0x9c,0xf7,0x9c,0xf7,0x9c,0xf7,0x9c,0xf7,0x9c,0xf7,0x9c,0xf7,0x9c,0xf7,0x9c,0xf7,0x9c,0xf7,
    0x9c,0xf7,0x9c,0xf7,0x9c,0xf7,0x9c,0xf7,0x9c,0xf7,0x9c,0xf7,0x9c,0xf7,0x9c,0xf7,0x9c,0xf7,0x9c,0xf7,0x9c,0xf7,0x9c,0xf7,
    0x9c,0xf7,0x9c,0xf7,0x9c,0xf7,0x9c,0xf7,0x9c,0xf7,0x9c,0xf7,0x9c,0xf7,0x9c,0xf7,0x9c,0xf7,0x9c,0xf7,0x9c,0xf7,0x9c,0xf7,
    0x9c,0xf7,0x9c,0xf7,0x9c,0xf7,0x9c,0xf7,0x9c,0xf7,0x9c,0xf7,0x9c,0xf7,0x9c,0xf7,0x9c,0xf7,0x9c,0xf7,0x9c,0xf7,0x9c,0xf7,
    0x9c,0xf7,0x9c,0xf7,0x9c,0xf7,0x9c,0xf7,0x9c,0xf7,0x9c,0xf7,0x9c,0xf7,0x9c,0xf7,0x9c,0xf7,0x9c,0xf7,0x9c,0xf7,0x1a,0xef,
    0xc8,0x62,0xa3,0x49,0xcd,0x83,0x7b,0xf7,0x9c,0xf7,0x9c,0xf7,0x9c,0xf7,0x9c,0xf7,0x9c,0xf7,0x9c,0xf7,0x9c,0xf7,0x9c,0xf7,
    0x7c,0xf7,0x7c,0xf7,0x9c,0xf7,0x9c,0xf7,0x9c,0xf7,0x9c,0xf7,0x9c,0xf7,0x9c,0xf7,0x9c,0xf7,0x9c,0xf7,0x9c,0xf7,0x9c,0xf7,
    0x9c,0xf7,0x9c,0xf7,0x9c,0xf7,0x9c,0xf7,0x9c,0xf7,0x9c,0xf7,0x9c,0xf7,0x9c,0xf7,0x9c,0xf7,0x9c,0xf7,0x9c,0xf7,0x9c,0xf7,
    0x9c,0xf7,0x9c,0xf7,0x9c,0xf7,0x9c,0xf7,0x9c,0xf7,0x9c,0xf7,0x9c,0xf7,0x9c,0xf7,0x9c,0xf7,0x7b,0xf7,0x9c,0xf7,0x2f,0x8c,
    0x23,0x6a,0x83,0x8a,0xe0,0x38,0xb1,0x9c,0x7b,0xf7,0x37,0xce,0x33,0xad,0xd1,0x9c,0xf2,0xa4,0x94,0xb5,0x57,0xce,0x5b,0xf7,
    0x9c,0xf7,0x9c,0xf7,0x9c,0xf7,0x7c,0xf7,0x9c,0xf7,0x9c,0xf7,0x9c,0xf7,0x9c,0xf7,0x9c,0xf7,0x9c,0xf7,0x9c,0xf7,0x9c,0xf7,
    0x9c,0xf7,0x9c,0xf7,0x9c,0xf7,0x9c,0xf7,0x9c,0xf7,0x9c,0xf7,0x9c,0xf7,0x9c,0xf7,0x9c,0xf7,0x9c,0xf7,0x9c,0xf7,0x9c,0xf7,
    0x9c,0xf7,0x9c,0xf7,0x9c,0xf7,0x9c,0xf7,0x9c,0xf7,0x9c,0xf7,0x9c,0xf7,0x9c,0xf7,0x9c,0xf7,0x9c,0xf7,0x9c,0xf7,0x06,0x52,
    0x25,0x9b,0xc2,0x61,0xe0,0x40,0x43,0x21,0x65,0x3a,0x41,0x22,0xe1,0x32,0x61,0x43,0x63,0x4b,0x01,0x43,0x21,0x32,0x84,0x42,
    0x6a,0x6b,0x53,0xad,0x7b,0xf7,0x9c,0xf7,0x7c,0xf7,0x9c,0xf7,0x9c,0xf7,0x9c,0xf7,0x9c,0xf7,0x9c,0xf7,0x9c,0xf7,0x9c,0xf7,
    0x9c,0xf7,0x9c,0xf7,0x9c,0xf7,0x9c,0xf7,0x9c,0xf7,0x9c,0xf7,0x9c,0xf7,0x9c,0xf7,0x9c,0xf7,0x9c,0xf7,0x9c,0xf7,0x9c,0xf7,
    0x9c,0xf7,0x9c,0xf7,0x9c,0xf7,0x9c,0xf7,0x9c,0xf7,0x9c,0xf7,0x9c,0xf7,0x7c,0xf7,0x7b,0xf7,0x9c,0xf7,0x74,0xb5,0x43,0x72,
    0x25,0x9b,0x20,0x18,0xa0,0x21,0xe1,0x3a,0x01,0x43,0xe0,0x22,0x01,0x1b,0x44,0x54,0xe7,0x7c,0x43,0x64,0x62,0x6c,0x41,0x5c,
    0xe1,0x4b,0xa1,0x3a,0x25,0x3a,0x33,0xad,0x9c,0xf7,0x9c,0xf7,0x7c,0xf7,0x9c,0xf7,0x9c,0xf7,0x9c,0xf7,0x9c,0xf7,0x9c,0xf7,
    0x9c,0xf7,0x9c,0xf7,0x9c,0xf7,0x9c,0xf7,0x9c,0xf7,0x9c,0xf7,0x9c,0xf7,0x9c,0xf7,0x9c,0xf7,0x9c,0xf7,0x9c,0xf7,0x9c,0xf7,
    0x9c,0xf7,0x9c,0xf7,0x9c,0xf7,0x7c,0xf7,0x7c,0xf7,0x9c,0xf7,0x9c,0xf7,0x9c,0xf7,0x9c,0xf7,0x9c,0xf7,0x48,0x52,0xc8,0xab,
    0x41,0x51,0x61,0x18,0x22,0x19,0xe1,0x3a,0x80,0x22,0x40,0x32,0x81,0x42,0x01,0x3b,0xe2,0x43,0xcb,0xa5,0x0b,0xb6,0xc2,0x7c,
    0x00,0x54,0xa0,0x3b,0xc0,0x3b,0x60,0x32,0x4b,0x6b,0x5b,0xef,0x9c,0xf7,0x7c,0xf7,0x9c,0xf7,0x9c,0xf7,0x9c,0xf7,0x9c,0xf7,
    0x9c,0xf7,0x9c,0xf7,0x9c,0xf7,0x9c,0xf7,0x9c,0xf7,0x9c,0xf7,0x9c,0xf7,0x9c,0xf7,0x9c,0xf7,0x9c,0xf7,0x9c,0xf7,0x9c,0xf7,
    0x7c,0xf7,0x7c,0xf7,0x9c,0xf7,0x9c,0xf7,0x9c,0xf7,0x9c,0xf7,0xfa,0xe6,0x98,0xd6,0x98,0xd6,0x74,0xb5,0xc3,0x59,0xc5,0x92,
    0x40,0x20,0x94,0xb5,0xfa,0xe6,0xe3,0x31,0xc1,0x22,0x40,0x0a,0x40,0x12,0xc1,0x3a,0x61,0x53,0xa1,0x43,0xc5,0x6c,0x28,0x8d,
    0x48,0x95,0x83,0x6c,0xe1,0x4b,0x61,0x33,0xa0,0x32,0x86,0x4a,0x1a,0xef,0x9c,0xf7,0x9c,0xf7,0x9c,0xf7,0x9c,0xf7,0x9c,0xf7,
    0x9c,0xf7,0x9c,0xf7,0x9c,0xf7,0x9c,0xf7,0x9c,0xf7,0x9c,0xf7,0x9c,0xf7,0x9c,0xf7,0x9c,0xf7,0x9c,0xf7,0x9c,0xf7,0x7c,0xf7,
    0x9c,0xf7,0x9c,0xf7,0x1a,0xe7,0xf2,0xa4,0x0c,0x6b,0x2a,0x4a,0xca,0x41,0x48,0x39,0x49,0x39,0x84,0x20,0x67,0x9b,0x61,0x61,
    0x41,0x10,0x89,0x52,0x0e,0x84,0xa6,0x31,0x22,0x4b,0x81,0x2b,0x80,0x2b,0x00,0x02,0x20,0x1a,0x81,0x3a,0xe3,0x63,0x05,0x75,
    0xc9,0x9d,0x04,0x8d,0x60,0x6c,0xa0,0x43,0x61,0x33,0x20,0x3b,0x46,0x42,0x1a,0xe7,0x7c,0xf7,0x9c,0xf7,0x9c,0xf7,0x9c,0xf7,
    0x9c,0xf7,0x9c,0xf7,0x9c,0xf7,0x9c,0xf7,0x9c,0xf7,0x9c,0xf7,0x9c,0xf7,0x9c,0xf7,0x9c,0xf7,0x7c,0xf7,0x9c,0xf7,0x9c,0xf7,
    0x98,0xd6,0x4c,0x73,0x88,0x41,0xcd,0x51,0x11,0x6a,0x11,0x6a,0xd4,0x7a,0x52,0x62,0x6f,0x41,0xa8,0x49,0x25,0xa3,0x60,0x20,
    0x8c,0x41,0x10,0x5a,0xad,0x41,0x86,0x10,0xa3,0x31,0xc2,0x4b,0xc1,0x53,0x01,0x33,0x80,0x3b,0x60,0x12,0x20,0x22,0x20,0x4b,
    0x02,0x54,0xa6,0x74,0xc4,0x74,0xe1,0x4b,0xe0,0x2a,0x21,0x23,0xc0,0x2a,0x09,0x5b,0x9c,0xf7,0x7c,0xf7,0x9c,0xf7,0x9c,0xf7,
    0x9c,0xf7,0x9c,0xf7,0x9c,0xf7,0x9c,0xf7,0x9c,0xf7,0x9c,0xf7,0x9c,0xf7,0x9c,0xf7,0x7c,0xf7,0x9c,0xf7,0x5b,0xef,0x8d,0x7b,
    0x48,0x41,0x91,0x7a,0xf5,0x92,0x54,0x82,0x6f,0x61,0xec,0x50,0x47,0x30,0xc8,0x20,0x67,0x08,0x83,0x7a,0x01,0x7a,0x62,0x20,
    0xc8,0x18,0xa6,0x18,0xc8,0x28,0x87,0x20,0x64,0x10,0xc5,0x63,0x02,0x54,0xc2,0x4b,0x42,0x64,0x41,0x5c,0x00,0x02,0x00,0x12,
    0x42,0x53,0xe2,0x53,0xa4,0x6c,0xc2,0x84,0x20,0x5c,0x00,0x33,0xe1,0x22,0x60,0x32,0xd2,0x9c,0x9c,0xf7,0x7c,0xf7,0x9c,0xf7,
    0x9c,0xf7,0x9c,0xf7,0x9c,0xf7,0x9c,0xf7,0x9c,0xf7,0x9c,0xf7,0x9c,0xf7,0x7b,0xf7,0x9c,0xf7,0x37,0xce,0xa7,0x41,0x2f,0x72,
    0xd5,0x92,0xd0,0x79,0x89,0x58,0x48,0x50,0x46,0x38,0xa8,0x38,0x6c,0x39,0x03,0x08,0x01,0x08,0x80,0x59,0xa0,0x28,0x20,0x08,
    0x23,0x08,0x0b,0x29,0x4e,0x41,0xeb,0x38,0x25,0x18,0x43,0x21,0xa5,0x74,0xe0,0x53,0xe6,0x84,0x46,0x9d,0xe0,0x22,0xa0,0x12,
    0xc0,0x09,0xa0,0x42,0x40,0x33,0x80,0x3b,0x80,0x3b,0x00,0x2b,0x80,0x12,0x00,0x33,0xc3,0x31,0x3a,0xef,0x9c,0xf7,0x9c,0xf7,
    0x9c,0xf7,0x9c,0xf7,0x9c,0xf7,0x9c,0xf7,0x9c,0xf7,0x9c,0xf7,0x7b,0xf7,0x9c,0xf7,0x33,0xad,0x47,0x39,0x55,0x9b,0x53,0x82,
    0x8a,0x58,0x49,0x60,0xab,0x68,0x48,0x58,0x05,0x38,0x67,0x28,0x6b,0x31,0x6e,0x52,0x52,0x7b,0xb5,0x8b,0x14,0x7b,0x71,0x62,
    0xae,0x49,0x32,0x5a,0xd7,0x8b,0xd4,0x72,0x2d,0x41,0x24,0x10,0x26,0x53,0xa2,0x74,0x43,0x74,0xcb,0xb5,0xc1,0x53,0xe1,0x5b,
    0x40,0x0a,0x20,0x12,0xe1,0x4a,0x81,0x3b,0x22,0x54,0x61,0x4b,0x60,0x12,0x80,0x1a,0x40,0x2a,0x70,0x94,0x9c,0xf7,0x9c,0xf7,
    0x9c,0xf7,0x9c,0xf7,0x9c,0xf7,0x9c,0xf7,0x9c,0xf7,0x7b,0xf7,0x9c,0xf7,0xd2,0x9c,0x28,0x41,0x36,0x9b,0x8f,0x71,0x49,0x50,
    0xec,0x70,0x6f,0x89,0x0e,0x81,0xab,0x60,0xf0,0x71,0xd7,0x93,0xd9,0xb4,0x18,0xac,0x16,0x93,0x32,0x82,0x4e,0x69,0x0d,0x59,
    0x0c,0x59,0x0c,0x49,0x51,0x62,0xfa,0xb4,0x94,0x72,0x89,0x30,0x22,0x08,0xc7,0x63,0x42,0x64,0xe4,0x8c,0x64,0x6c,0x47,0x95,
    0xe0,0x22,0x00,0x23,0xc0,0x09,0x80,0x3a,0xe0,0x32,0x80,0x43,0x80,0x3b,0xa0,0x12,0xc0,0x2a,0x08,0x5b,0x9c,0xf7,0x9c,0xf7,
    0x9c,0xf7,0x9c,0xf7,0x9c,0xf7,0x9c,0xf7,0x7c,0xf7,0x9c,0xf7,0x33,0xad,0x28,0x41,0x37,0xa3,0x0d,0x61,0x8b,0x60,0x2f,0x81,
    0x13,0x9a,0xf2,0x99,0x70,0x81,0x13,0x8a,0x16,0x9b,0x36,0xa3,0x54,0x8a,0x90,0x79,0x0d,0x71,0xcb,0x70,0xeb,0x78,0x48,0x60,
    0x05,0x40,0x25,0x38,0x48,0x38,0xae,0x51,0x59,0xa4,0x8f,0x59,0x46,0x20,0xc3,0x18,0x87,0x7c,0x82,0x6c,0xa1,0x4b,0x28,0x95,
    0x61,0x43,0xa1,0x43,0xc0,0x22,0x80,0x11,0xc0,0x3a,0xc0,0x1a,0x60,0x12,0x20,0x0a,0xc0,0x1a,0xc1,0x29,0x78,0xd6,0x9c,0xf7,
    0x9c,0xf7,0x9c,0xf7,0x9c,0xf7,0x7c,0xf7,0x9c,0xf7,0x37,0xce,0x07,0x39,0x37,0xa3,0x2d,0x61,0x8b,0x60,0x71,0x89,0xf3,0x99,
    0xd5,0xa2,0xb5,0xa2,0x97,0xab,0xf8,0xb3,0xd7,0xb3,0xd5,0xa2,0x53,0x9a,0x32,0xa2,0x6d,0xa1,0xca,0x90,0xaa,0x88,0x47,0x68,
    0x26,0x58,0x25,0x40,0x23,0x28,0x26,0x28,0x31,0x5a,0xd5,0x7a,0xcb,0x40,0x25,0x20,0x81,0x08,0x47,0x74,0xc2,0x74,0x22,0x64,
    0xc1,0x5b,0xe4,0x53,0xa2,0x4b,0xe0,0x01,0x20,0x1a,0xa0,0x3a,0xe0,0x22,0x60,0x1a,0x00,0x0a,0x20,0x22,0x12,0xa5,0x9c,0xf7,
    0x9c,0xf7,0x9c,0xf7,0x9c,0xf7,0x7c,0xf7,0x5b,0xf7,0x87,0x41,0xb4,0x92,0x8f,0x71,0x6a,0x50,0x2f,0x79,0xd2,0x89,0x36,0xb3,
    0xd7,0xbb,0xba,0xc4,0xfc,0xdd,0x9d,0xe6,0x5a,0xd5,0x97,0xbb,0x35,0xc3,0xef,0xb1,0x2b,0xa9,0xa9,0xa0,0x68,0x88,0x26,0x70,
    0x25,0x58,0x24,0x48,0x03,0x30,0x24,0x28,0x69,0x30,0xd5,0x6a,0x90,0x51,0x68,0x30,0x23,0x18,0xa2,0x10,0x85,0x5b,0x84,0x74,
    0xe0,0x4b,0x82,0x43,0x42,0x6c,0xe0,0x1a,0x20,0x0a,0xe0,0x21,0xe0,0x2a,0xc0,0x22,0x20,0x12,0x60,0x22,0x8c,0x6b,0x9c,0xf7,
    0x9c,0xf7,0x9c,0xf7,0x7c,0xf7,0x9c,0xf7,0xad,0x7b,0xee,0x69,0x33,0x8a,0x49,0x48,0xed,0x68,0xd2,0x89,0xd5,0xa2,0x97,0xb3,
    0x7b,0xd5,0x5e,0xf7,0xbf,0xff,0x9f,0xff,0x3c,0xe6,0x17,0xd4,0x71,0xca,0xce,0xc1,0xca,0xa8,0xa9,0xa0,0x47,0x90,0x26,0x78,
    0x25,0x60,0x04,0x48,0x04,0x38,0x03,0x28,0x25,0x28,0x8e,0x49,0x53,0x62,0x8a,0x38,0x65,0x20,0x02,0x10,0x00,0x00,0x26,0x5b,
    0x05,0x85,0x61,0x3b,0x80,0x4b,0x20,0x3b,0xa0,0x22,0xe0,0x09,0x00,0x2a,0x20,0x12,0xa0,0x1a,0x00,0x1a,0x67,0x4a,0x9c,0xf7,
    0x9c,0xf7,0x7c,0xf7,0x9c,0xf7,0x98,0xd6,0xe7,0x38,0x95,0x92,0x8a,0x48,0xcc,0x60,0x4f,0x79,0x74,0x9a,0x77,0xab,0x1a,0xcd,
    0x1e,0xf7,0xff,0xff,0xdf,0xff,0xbf,0xff,0xfb,0xe5,0x34,0xd3,0x30,0xca,0x8d,0xc1,0xca,0xb0,0x89,0xa0,0x47,0x90,0x05,0x70,
    0x05,0x60,0x05,0x50,0x03,0x38,0x24,0x30,0x02,0x20,0xa9,0x28,0x13,0x5a,0xed,0x40,0x66,0x28,0x44,0x20,0x42,0x10,0x00,0x00,
    0x23,0x21,0x65,0x74,0x81,0x5c,0x00,0x33,0xc0,0x32,0x40,0x12,0xc0,0x19,0x20,0x2a,0x00,0x12,0x80,0x22,0x44,0x3a,0x9c,0xf7,
    0x9c,0xf7,0x7c,0xf7,0x9c,0xf7,0x0c,0x6b,0x10,0x6a,0x90,0x69,0x69,0x48,0xee,0x68,0xd2,0x89,0xd5,0xa2,0xb7,0xb3,0xfc,0xdd,
    0x7e,0xf7,0xff,0xff,0xdf,0xff,0x3e,0xf7,0x19,0xdd,0xb2,0xca,0xee,0xc9,0x6c,0xc1,0x89,0xa8,0x68,0xa0,0x47,0x88,0x68,0x78,
    0x05,0x58,0x05,0x48,0x04,0x38,0x24,0x30,0x03,0x28,0x46,0x20,0xb0,0x41,0x4e,0x49,0x47,0x28,0x24,0x18,0x23,0x10,0x42,0x08,
    0x22,0x08,0x84,0x10,0x22,0x3a,0xe2,0x5b,0xa1,0x4b,0x40,0x1a,0x20,0x12,0xe0,0x21,0xc0,0x11,0x80,0x1a,0xc3,0x29,0x9c,0xf7,
    0x9c,0xf7,0x9c,0xf7,0xd9,0xe6,0x28,0x39,0x13,0x7a,0x69,0x48,0xed,0x58,0x2f,0x69,0x33,0x92,0xf6,0x9a,0x9a,0xbc,0x5d,0xe6,
    0x5e,0xf7,0x9f,0xff,0x1e,0xf7,0xdb,0xe5,0x16,0xd4,0x30,0xca,0x8d,0xc1,0xeb,0xb8,0x89,0xa8,0x48,0x90,0x48,0x80,0x48,0x70,
    0x05,0x58,0x25,0x48,0x05,0x40,0x25,0x30,0x23,0x28,0x04,0x20,0x4c,0x39,0xd1,0x49,0x68,0x20,0x45,0x20,0x23,0x18,0x43,0x10,
    0x42,0x08,0x86,0x18,0x02,0x00,0x01,0x19,0xc2,0x4a,0x41,0x3b,0xa0,0x1a,0xc0,0x11,0xc0,0x19,0x80,0x1a,0x02,0x32,0x9c,0xf7,
    0x9c,0xf7,0x9c,0xf7,0x70,0x94,0xad,0x59,0x90,0x69,0x68,0x40,0xed,0x60,0x91,0x71,0x34,0x82,0x37,0x9b,0xba,0xbc,0x1c,0xde,
    0xde,0xee,0xfe,0xf6,0xdc,0xdd,0x78,0xcc,0x54,0xcb,0x30,0xc2,0x8e,0xb9,0x0b,0xb1,0x89,0x98,0x48,0x88,0x48,0x80,0x27,0x68,
    0x27,0x58,0x25,0x48,0x26,0x40,0x25,0x30,0x23,0x20,0x03,0x20,0xc9,0x28,0xb0,0x41,0xa9,0x28,0x45,0x20,0x24,0x18,0x22,0x10,
    0x23,0x10,0x86,0x18,0xa5,0x10,0x4c,0x6b,0x6c,0x73,0x01,0x32,0x42,0x43,0x20,0x12,0xe0,0x19,0x20,0x1a,0xa3,0x21,0x9c,0xf7,
    0x9c,0xf7,0x9c,0xf7,0x29,0x52,0x12,0x72,0xaa,0x48,0xaa,0x48,0x2e,0x61,0xd2,0x69,0x54,0x82,0x57,0xa3,0xba,0xbc,0xfc,0xdd,
    0xfc,0xdd,0x7b,0xd5,0x58,0xc4,0x14,0xbb,0x92,0xba,0xcf,0xb1,0x8d,0xb1,0x0c,0xa9,0xaa,0x90,0x8a,0x88,0x6a,0x78,0x28,0x60,
    0x27,0x58,0x05,0x40,0x26,0x38,0x25,0x30,0x23,0x20,0x03,0x20,0x87,0x20,0x90,0x39,0xab,0x28,0x45,0x20,0x23,0x18,0x22,0x10,
    0x66,0x18,0x86,0x18,0xa7,0x18,0x28,0x42,0x9c,0xf7,0xd2,0x9c,0xa2,0x31,0x41,0x3b,0xc0,0x19,0xe0,0x19,0xe4,0x31,0x9c,0xf7,
    0x9c,0xf7,0xb9,0xde,0x28,0x39,0xd2,0x71,0x68,0x38,0x8b,0x50,0x0e,0x61,0xf3,0x71,0x34,0x7a,0x37,0x9b,0x7a,0xbc,0x9c,0xd5,
    0xba,0xc4,0xd7,0xb3,0x55,0xbb,0xb3,0xb2,0x11,0xaa,0xaf,0xa9,0x4d,0xa9,0xcb,0xa0,0x89,0x88,0x8a,0x80,0x69,0x68,0x48,0x58,
    0x27,0x50,0x26,0x40,0x26,0x38,0x05,0x30,0x03,0x20,0x23,0x20,0x66,0x20,0x8f,0x39,0xec,0x38,0x46,0x20,0x23,0x18,0x01,0x10,
    0x66,0x20,0xa7,0x28,0xa7,0x20,0xe4,0x20,0x1a,0xef,0x9c,0xf7,0xd5,0xbd,0x82,0x21,0x81,0x32,0xe0,0x19,0x86,0x42,0x9c,0xf7,
    0x9c,0xf7,0x13,0xa5,0x2a,0x49,0x70,0x71,0x48,0x38,0x8a,0x48,0x2f,0x61,0xf2,0x71,0x54,0x7a,0xb6,0x8a,0xd9,0xab,0x7a,0xbc,
    0xb8,0xb3,0x16,0xab,0x93,0xaa,0x52,0xaa,0xd0,0xa1,0x8e,0xa1,0x2d,0x99,0xec,0x90,0xcb,0x80,0xcb,0x78,0x69,0x68,0x48,0x58,
    0x26,0x48,0x26,0x40,0x26,0x30,0x26,0x30,0x24,0x28,0x03,0x18,0x25,0x20,0x4d,0x39,0xaa,0x30,0x25,0x20,0x03,0x18,0x02,0x10,
    0x45,0x20,0xc9,0x38,0xa9,0x20,0x63,0x10,0x98,0xd6,0x7c,0xf7,0x9c,0xf7,0x12,0xa5,0x80,0x21,0x40,0x22,0xc9,0x52,0x9c,0xf7,
    0x9c,0xf7,0x8d,0x73,0x6d,0x59,0x0d,0x61,0x27,0x38,0xab,0x50,0x4f,0x59,0xb2,0x61,0x54,0x72,0x75,0x82,0x57,0xa3,0x98,0xab,
    0xf6,0xa2,0x53,0xa2,0xf1,0x99,0xb0,0x91,0x6f,0x99,0x4e,0x91,0x0d,0x89,0xec,0x80,0x2d,0x81,0xab,0x70,0x49,0x68,0x27,0x50,
    0x26,0x40,0x26,0x38,0x26,0x30,0x25,0x30,0x03,0x20,0x03,0x18,0x45,0x20,0x2d,0x39,0xaa,0x30,0x26,0x28,0x23,0x18,0x02,0x18,
    0x45,0x20,0x0b,0x41,0xea,0x28,0x64,0x08,0xf6,0xc5,0x9c,0xf7,0x5b,0xf7,0x9c,0xf7,0x0a,0x5b,0x00,0x22,0x0e,0x84,0x9c,0xf7,
    0x9c,0xf7,0x6a,0x5a,0x8f,0x59,0xaa,0x48,0x47,0x38,0xab,0x50,0xed,0x50,0xb2,0x61,0xd3,0x69,0xd6,0x8a,0x98,0xa3,0x17,0x9b,
    0x54,0x92,0xb1,0x89,0xd1,0x91,0x90,0x91,0x4e,0x89,0x0d,0x89,0xcc,0x80,0xab,0x78,0xcb,0x78,0x69,0x68,0x28,0x58,0x26,0x50,
    0x06,0x40,0x26,0x30,0x47,0x30,0x25,0x28,0x03,0x20,0x03,0x18,0x45,0x20,0x2c,0x31,0xab,0x38,0x25,0x20,0x23,0x18,0x02,0x18,
    0x45,0x28,0x2b,0x49,0x0b,0x31,0x64,0x08,0xb5,0xbd,0x9c,0xf7,0x5b,0xf7,0x9c,0xf7,0x16,0xc6,0xc0,0x10,0xb5,0xbd,0x9c,0xf7,
    0x9c,0xf7,0xa7,0x41,0xb0,0x59,0x69,0x40,0x68,0x40,0xaa,0x48,0xcc,0x48,0x70,0x59,0x91,0x61,0x54,0x7a,0x17,0x8b,0x55,0x8a,
    0xf3,0x89,0x90,0x89,0xb1,0x91,0x6f,0x91,0xec,0x80,0xec,0x78,0xcb,0x78,0x69,0x70,0x48,0x68,0x27,0x60,0x27,0x58,0x26,0x40,
    0x26,0x38,0x68,0x38,0x46,0x30,0x25,0x28,0x03,0x20,0x02,0x10,0x46,0x20,0x2c,0x31,0xaa,0x30,0x04,0x18,0x23,0x18,0x02,0x18,
    0x45,0x28,0x4c,0x51,0x2c,0x39,0x64,0x08,0x95,0xb5,0x9c,0xf7,0x7c,0xf7,0x9c,0xf7,0x7b,0xf7,0x8d,0x73,0x3a,0xef,0x9c,0xf7,
    0x9c,0xf7,0x47,0x39,0xb0,0x61,0x68,0x38,0x68,0x40,0x69,0x48,0xcc,0x50,0x2f,0x59,0x70,0x61,0x54,0x72,0x95,0x7a,0x34,0x82,
    0xd3,0x89,0x70,0x89,0x4f,0x89,0xed,0x78,0x0d,0x81,0xcc,0x80,0x8a,0x70,0x28,0x68,0x27,0x68,0x05,0x50,0x05,0x48,0x26,0x40,
    0x27,0x40,0x26,0x30,0x26,0x30,0x24,0x20,0x02,0x18,0x03,0x18,0x67,0x20,0x2c,0x31,0xaa,0x28,0x25,0x20,0x23,0x18,0x23,0x20,
    0x67,0x28,0x8d,0x59,0x4d,0x41,0x44,0x08,0xd5,0xbd,0x9c,0xf7,0x7c,0xf7,0x9c,0xf7,0x9c,0xf7,0x9c,0xf7,0x9c,0xf7,0x9c,0xf7,
    0x9c,0xf7,0x26,0x31,0x90,0x59,0x47,0x38,0x68,0x38,0x8a,0x50,0x8b,0x50,0xed,0x50,0x50,0x61,0xf3,0x69,0x54,0x7a,0x13,0x82,
    0x71,0x81,0x0e,0x79,0x0e,0x81,0xec,0x80,0xcc,0x80,0x89,0x78,0x69,0x70,0x28,0x68,0x26,0x58,0x26,0x50,0x06,0x48,0x27,0x40,
    0x26,0x38,0x04,0x30,0x04,0x28,0x03,0x20,0x23,0x18,0x03,0x18,0x88,0x20,0x0c,0x29,0xca,0x28,0x24,0x18,0x22,0x18,0x23,0x20,
    0x88,0x30,0xce,0x69,0x2c,0x39,0x43,0x08,0x57,0xce,0x9c,0xf7,0x7c,0xf7,0x9c,0xf7,0x9c,0xf7,0x7c,0xf7,0x9c,0xf7,0x9c,0xf7,
    0x9c,0xf7,0x26,0x31,0x6f,0x59,0x47,0x30,0x68,0x38,0x8a,0x48,0xab,0x50,0xcc,0x58,0x2f,0x61,0xd2,0x69,0xf3,0x79,0x91,0x79,
    0x2f,0x79,0xab,0x70,0xab,0x78,0xaa,0x78,0x8a,0x70,0x69,0x70,0x8a,0x70,0x48,0x60,0x27,0x60,0x27,0x48,0x26,0x40,0x26,0x38,
    0x25,0x30,0x04,0x28,0x03,0x20,0x23,0x20,0x02,0x18,0x24,0x18,0xc9,0x20,0x0c,0x31,0x88,0x20,0x24,0x18,0x23,0x18,0x45,0x20,
    0xea,0x40,0xef,0x61,0x0b,0x31,0xa3,0x10,0xfa,0xe6,0x9c,0xf7,0x9c,0xf7,0x9c,0xf7,0x9c,0xf7,0x9c,0xf7,0x9c,0xf7,0x9c,0xf7,
    0x9c,0xf7,0x67,0x39,0x6f,0x59,0x68,0x38,0x46,0x30,0x69,0x40,0x6a,0x48,0xac,0x58,0xcc,0x58,0xb1,0x61,0x70,0x69,0x4f,0x71,
    0x4f,0x71,0x8b,0x70,0x69,0x70,0x47,0x68,0x69,0x68,0x8a,0x70,0x69,0x68,0x6a,0x60,0x49,0x58,0x27,0x48,0x26,0x40,0x25,0x38,
    0x04,0x30,0x03,0x20,0x03,0x20,0x23,0x20,0x02,0x18,0x45,0x18,0xea,0x20,0xeb,0x28,0x67,0x20,0x23,0x10,0x23,0x18,0x46,0x28,
    0x2b,0x51,0xad,0x61,0xca,0x28,0x86,0x31,0x9c,0xf7,0x9c,0xf7,0x9c,0xf7,0x9c,0xf7,0x9c,0xf7,0x9c,0xf7,0x9c,0xf7,0x9c,0xf7,
    0x9c,0xf7,0x08,0x4a,0x4e,0x51,0x89,0x40,0x46,0x30,0x68,0x38,0x69,0x48,0x8a,0x50,0xac,0x58,0x4f,0x61,0x2e,0x61,0xcc,0x68,
    0xed,0x70,0x8b,0x70,0x27,0x68,0x26,0x60,0x69,0x68,0x48,0x58,0x28,0x60,0x49,0x60,0x48,0x50,0x26,0x48,0x05,0x38,0x04,0x30,
    0x24,0x28,0x25,0x28,0x24,0x20,0x23,0x18,0x23,0x18,0x66,0x20,0xeb,0x28,0xeb,0x20,0x67,0x18,0x24,0x18,0x24,0x20,0x67,0x28,
    0x4c,0x61,0x8e,0x61,0xa8,0x20,0x0b,0x63,0x9c,0xf7,0x7b,0xf7,0x9c,0xf7,0x9c,0xf7,0x9c,0xf7,0x9c,0xf7,0x9c,0xf7,0x9c,0xf7,
    0x9c,0xf7,0x2c,0x6b,0x4c,0x49,0xec,0x48,0x25,0x28,0x69,0x38,0x69,0x40,0x48,0x48,0x8a,0x58,0xcc,0x60,0x8a,0x58,0x6a,0x60,
    0x8a,0x68,0x49,0x60,0x48,0x68,0x69,0x68,0x27,0x60,0x27,0x58,0x27,0x58,0x26,0x50,0x26,0x48,0x05,0x40,0x04,0x38,0x04,0x30,
    0x25,0x28,0x25,0x20,0x24,0x20,0x22,0x18,0x23,0x18,0xa9,0x28,0xea,0x28,0xea,0x20,0x65,0x18,0x23,0x18,0x25,0x20,0x88,0x40,
    0x8c,0x81,0x4d,0x51,0x65,0x10,0xf2,0xa4,0x9c,0xf7,0x7b,0xf7,0x9c,0xf7,0x9c,0xf7,0x9c,0xf7,0x9c,0xf7,0x9c,0xf7,0x9c,0xf7,
    0x9c,0xf7,0xd1,0x9c,0xe9,0x38,0x2e,0x51,0x25,0x30,0x68,0x38,0x89,0x40,0x27,0x40,0x8a,0x58,0x8a,0x58,0x48,0x60,0x48,0x60,
    0x89,0x60,0x6a,0x60,0x6a,0x60,0x49,0x60,0x27,0x50,0x06,0x50,0x25,0x48,0x05,0x48,0x05,0x40,0x25,0x38,0x25,0x30,0x24,0x28,
    0x24,0x20,0x24,0x20,0x23,0x18,0x02,0x18,0x44,0x18,0xea,0x30,0xea,0x20,0xa9,0x18,0x24,0x18,0x23,0x18,0x46,0x28,0xe9,0x68,
    0xac,0x89,0xca,0x40,0xa3,0x10,0xd9,0xe6,0x9c,0xf7,0x9c,0xf7,0x9c,0xf7,0x9c,0xf7,0x9c,0xf7,0x9c,0xf7,0x9c,0xf7,0x9c,0xf7,
    0x9c,0xf7,0x57,0xd6,0xc6,0x28,0x4e,0x51,0x46,0x28,0x46,0x30,0x68,0x40,0x27,0x40,0x26,0x48,0x69,0x58,0x48,0x60,0x48,0x60,
    0x6a,0x58,0xcd,0x60,0x49,0x58,0x27,0x58,0x06,0x48,0x06,0x48,0x25,0x40,0x05,0x40,0x05,0x38,0x26,0x30,0x25,0x28,0x25,0x20,
    0x25,0x20,0x03,0x20,0x03,0x18,0x23,0x18,0x87,0x20,0x0b,0x29,0xc9,0x18,0x67,0x18,0x23,0x18,0x24,0x20,0x47,0x38,0xab,0x91,
    0x8c,0x71,0x87,0x18,0xa9,0x52,0x9c,0xf7,0x7c,0xf7,0x9c,0xf7,0x9c,0xf7,0x9c,0xf7,0x9c,0xf7,0x9c,0xf7,0x9c,0xf7,0x9c,0xf7,
    0x9c,0xf7,0x7c,0xf7,0xa7,0x39,0x2e,0x51,0xa9,0x30,0x45,0x28,0x47,0x38,0x46,0x40,0x25,0x40,0x48,0x50,0x48,0x60,0x27,0x58,
    0x6a,0x50,0xcc,0x50,0x69,0x50,0x28,0x50,0x06,0x48,0x05,0x40,0x25,0x40,0x26,0x38,0x26,0x30,0x26,0x30,0x25,0x28,0x25,0x20,
    0x24,0x18,0x23,0x18,0x23,0x18,0x44,0x18,0xca,0x30,0xc9,0x20,0xa8,0x18,0x45,0x18,0x23,0x18,0x25,0x28,0xc8,0x60,0xcb,0x99,
    0x2c,0x49,0x43,0x08,0x94,0xb5,0x9c,0xf7,0x7c,0xf7,0x9c,0xf7,0x9c,0xf7,0x9c,0xf7,0x9c,0xf7,0x9c,0xf7,0x9c,0xf7,0x9c,0xf7,
    0x9c,0xf7,0x9c,0xf7,0x2f,0x8c,0xea,0x40,0x2e,0x49,0x25,0x20,0x25,0x28,0x48,0x38,0x47,0x40,0x27,0x48,0x26,0x48,0x27,0x58,
    0x48,0x50,0xaa,0x48,0x89,0x40,0x27,0x40,0x26,0x40,0x25,0x38,0x25,0x38,0x47,0x38,0x48,0x30,0x26,0x28,0x25,0x20,0x24,0x18,
    0x03,0x18,0x02,0x18,0x23,0x18,0x87,0x18,0x0b,0x39,0xc9,0x18,0x88,0x18,0x23,0x18,0x23,0x18,0x26,0x38,0xec,0x99,0x6b,0x81,
    0xa8,0x20,0xa6,0x39,0x7c,0xf7,0x7c,0xf7,0x9c,0xf7,0x9c,0xf7,0x9c,0xf7,0x9c,0xf7,0x9c,0xf7,0x9c,0xf7,0x9c,0xf7,0x9c,0xf7,
    0x9c,0xf7,0x9c,0xf7,0xd9,0xde,0xc5,0x28,0x4f,0x49,0x67,0x20,0x45,0x28,0x46,0x30,0x47,0x30,0x69,0x40,0x26,0x40,0x27,0x50,
    0x48,0x50,0x27,0x40,0x48,0x38,0x47,0x38,0x47,0x38,0x26,0x38,0x47,0x30,0x47,0x30,0x47,0x28,0x25,0x20,0x24,0x20,0x23,0x18,
    0x03,0x18,0x23,0x18,0x45,0x10,0x0b,0x41,0xea,0x30,0x88,0x10,0x45,0x18,0x23,0x18,0x25,0x28,0xe9,0x68,0xab,0x91,0xca,0x48,
    0x23,0x08,0x74,0xb5,0x9c,0xf7,0x7c,0xf7,0x9c,0xf7,0x9c,0xf7,0x9c,0xf7,0x9c,0xf7,0x9c,0xf7,0x9c,0xf7,0x9c,0xf7,0x9c,0xf7,
    0x9c,0xf7,0x7c,0xf7,0x9c,0xf7,0x0b,0x63,0x0b,0x39,0x2d,0x39,0x45,0x18,0x25,0x20,0x26,0x30,0x89,0x38,0x48,0x38,0x26,0x38,
    0x25,0x38,0x48,0x40,0x27,0x38,0x47,0x30,0x47,0x30,0x05,0x28,0x88,0x28,0x47,0x28,0x46,0x20,0x24,0x20,0x24,0x18,0x23,0x18,
    0x02,0x10,0x24,0x10,0xc9,0x28,0x2c,0x59,0x87,0x10,0x66,0x18,0x24,0x18,0x24,0x20,0x67,0x40,0x49,0x91,0x4b,0x61,0x86,0x18,
    0x69,0x4a,0x9c,0xf7,0x7c,0xf7,0x9c,0xf7,0x9c,0xf7,0x9c,0xf7,0x9c,0xf7,0x9c,0xf7,0x9c,0xf7,0x9c,0xf7,0x9c,0xf7,0x9c,0xf7,
    0x9c,0xf7,0x7c,0xf7,0x9c,0xf7,0x98,0xd6,0x84,0x20,0x6f,0x49,0x88,0x20,0x25,0x20,0x25,0x28,0x46,0x28,0x68,0x30,0x47,0x38,
    0x25,0x30,0x27,0x38,0x47,0x30,0x47,0x28,0x68,0x30,0x47,0x28,0x67,0x28,0x46,0x20,0x25,0x20,0x24,0x18,0x23,0x18,0x23,0x18,
    0x23,0x18,0x87,0x18,0x6d,0x59,0xc8,0x28,0x66,0x10,0x44,0x18,0x23,0x18,0x26,0x28,0x29,0x71,0x6b,0x79,0xca,0x28,0xa3,0x18,
    0xb9,0xde,0x9c,0xf7,0x7c,0xf7,0x9c,0xf7,0x9c,0xf7,0x9c,0xf7,0x9c,0xf7,0x9c,0xf7,0x9c,0xf7,0x9c,0xf7,0x9c,0xf7,0x9c,0xf7,
    0x9c,0xf7,0x9c,0xf7,0x7c,0xf7,0x9c,0xf7,0x0f,0x84,0xa8,0x28,0x4f,0x41,0x26,0x18,0x25,0x20,0x46,0x28,0x46,0x28,0x46,0x30,
    0x26,0x30,0x46,0x28,0x46,0x28,0x47,0x28,0x67,0x28,0x46,0x20,0x46,0x20,0x45,0x18,0x45,0x18,0x24,0x18,0x23,0x18,0x23,0x18,
    0x45,0x10,0x2b,0x41,0x2b,0x41,0x66,0x08,0x44,0x10,0x02,0x10,0x25,0x20,0x0a,0x61,0x8c,0x79,0x2c,0x39,0x22,0x00,0x54,0xad,
    0x9c,0xf7,0x7c,0xf7,0x9c,0xf7,0x9c,0xf7,0x9c,0xf7,0x9c,0xf7,0x9c,0xf7,0x9c,0xf7,0x9c,0xf7,0x9c,0xf7,0x9c,0xf7,0x9c,0xf7,
    0x9c,0xf7,0x9c,0xf7,0x9c,0xf7,0x7c,0xf7,0x7c,0xf7,0xe7,0x41,0x0b,0x31,0x0c,0x31,0x25,0x18,0x25,0x20,0x25,0x28,0x25,0x20,
    0x46,0x28,0x46,0x28,0x46,0x20,0x46,0x20,0x25,0x20,0x46,0x20,0x25,0x18,0x45,0x18,0x45,0x18,0x22,0x18,0x23,0x10,0x45,0x10,
    0xe9,0x38,0x6c,0x59,0x87,0x10,0x44,0x10,0x22,0x10,0x25,0x18,0xc8,0x48,0x6b,0x81,0x4d,0x41,0x43,0x08,0xee,0x83,0x9c,0xf7,
    0x7b,0xf7,0x9c,0xf7,0x9c,0xf7,0x9c,0xf7,0x9c,0xf7,0x9c,0xf7,0x9c,0xf7,0x9c,0xf7,0x9c,0xf7,0x9c,0xf7,0x9c,0xf7,0x9c,0xf7,
    0x9c,0xf7,0x9c,0xf7,0x9c,0xf7,0x7c,0xf7,0x9c,0xf7,0xda,0xe6,0xe4,0x20,0x2c,0x31,0x0b,0x29,0x24,0x10,0x44,0x18,0x45,0x20,
    0x46,0x20,0x45,0x20,0x46,0x20,0x46,0x20,0x25,0x20,0x45,0x18,0x24,0x18,0x24,0x18,0x02,0x10,0x23,0x10,0x45,0x10,0xc9,0x38,
    0x4a,0x61,0xa7,0x20,0x45,0x10,0x22,0x10,0x24,0x18,0xc9,0x38,0x6c,0x69,0x4c,0x41,0x64,0x08,0x4c,0x6b,0x9c,0xf7,0x7b,0xf7,
    0x9c,0xf7,0x9c,0xf7,0x9c,0xf7,0x9c,0xf7,0x9c,0xf7,0x9c,0xf7,0x9c,0xf7,0x9c,0xf7,0x9c,0xf7,0x9c,0xf7,0x9c,0xf7,0x9c,0xf7,
    0x9c,0xf7,0x9c,0xf7,0x9c,0xf7,0x9c,0xf7,0x7c,0xf7,0x9c,0xf7,0x37,0xce,0xc3,0x18,0x2b,0x31,0x2c,0x29,0x65,0x18,0x24,0x18,
    0x24,0x18,0x24,0x18,0x24,0x18,0x25,0x18,0x45,0x18,0x24,0x18,0x23,0x18,0x02,0x10,0x22,0x10,0x45,0x18,0xc9,0x38,0x4b,0x59,
    0xa7,0x20,0x24,0x08,0x23,0x10,0x25,0x18,0xea,0x38,0x6c,0x61,0x0b,0x31,0x43,0x08,0x6c,0x6b,0x9c,0xf7,0x7c,0xf7,0x9c,0xf7,
    0x9c,0xf7,0x9c,0xf7,0x9c,0xf7,0x9c,0xf7,0x9c,0xf7,0x9c,0xf7,0x9c,0xf7,0x9c,0xf7,0x9c,0xf7,0x9c,0xf7,0x9c,0xf7,0x9c,0xf7,
    0x9c,0xf7,0x9c,0xf7,0x9c,0xf7,0x9c,0xf7,0x9c,0xf7,0x7c,0xf7,0x9c,0xf7,0x37,0xce,0x04,0x29,0xc9,0x20,0x4d,0x31,0xa7,0x18,
    0x24,0x10,0x23,0x18,0x23,0x10,0x23,0x18,0x02,0x10,0x22,0x10,0x22,0x10,0x23,0x10,0x67,0x20,0x0a,0x51,0x6c,0x59,0xa7,0x20,
    0x23,0x08,0x23,0x08,0x66,0x18,0x0b,0x41,0xae,0x49,0xc8,0x20,0x22,0x00,0x2f,0x8c,0x9c,0xf7,0x7c,0xf7,0x9c,0xf7,0x9c,0xf7,
    0x9c,0xf7,0x9c,0xf7,0x9c,0xf7,0x9c,0xf7,0x9c,0xf7,0x9c,0xf7,0x9c,0xf7,0x9c,0xf7,0x9c,0xf7,0x9c,0xf7,0x9c,0xf7,0x9c,0xf7,
    0x9c,0xf7,0x9c,0xf7,0x9c,0xf7,0x9c,0xf7,0x9c,0xf7,0x9c,0xf7,0x7c,0xf7,0x9c,0xf7,0xf9,0xe6,0x69,0x52,0x65,0x18,0x0b,0x29,
    0x0b,0x29,0xa8,0x20,0x65,0x18,0x45,0x18,0x44,0x18,0x44,0x20,0x66,0x30,0xa8,0x48,0x2a,0x61,0x0a,0x49,0x65,0x10,0x23,0x08,
    0x65,0x10,0xa9,0x30,0x2c,0x51,0x0a,0x39,0x44,0x08,0x65,0x29,0xb5,0xbd,0x9c,0xf7,0x7c,0xf7,0x9c,0xf7,0x9c,0xf7,0x9c,0xf7,
    0x9c,0xf7,0x9c,0xf7,0x9c,0xf7,0x9c,0xf7,0x9c,0xf7,0x9c,0xf7,0x9c,0xf7,0x9c,0xf7,0x9c,0xf7,0x9c,0xf7,0x9c,0xf7,0x9c,0xf7,
    0x9c,0xf7,0x9c,0xf7,0x9c,0xf7,0x9c,0xf7,0x9c,0xf7,0x9c,0xf7,0x9c,0xf7,0x7c,0xf7,0x9c,0xf7,0x9c,0xf7,0xb1,0x9c,0x24,0x29,
    0x85,0x20,0xc9,0x30,0xc9,0x40,0xc9,0x48,0xe9,0x50,0xe9,0x58,0xe8,0x58,0xe8,0x48,0xa6,0x20,0x65,0x10,0xa7,0x18,0xea,0x28,
    0x0b,0x29,0xc9,0x30,0x85,0x18,0xc3,0x10,0xee,0x7b,0x5b,0xef,0x9c,0xf7,0x7c,0xf7,0x9c,0xf7,0x9c,0xf7,0x9c,0xf7,0x9c,0xf7,
    0x9c,0xf7,0x9c,0xf7,0x9c,0xf7,0x9c,0xf7,0x9c,0xf7,0x9c,0xf7,0x9c,0xf7,0x9c,0xf7,0x9c,0xf7,0x9c,0xf7,0x9c,0xf7,0x9c,0xf7,
    0x9c,0xf7,0x9c,0xf7,0x9c,0xf7,0x9c,0xf7,0x9c,0xf7,0x9c,0xf7,0x9c,0xf7,0x9c,0xf7,0x9c,0xf7,0x9c,0xf7,0x9c,0xf7,0x5b,0xef,
    0xb1,0x9c,0x07,0x42,0x83,0x18,0x43,0x18,0x65,0x20,0x85,0x18,0x86,0x10,0x86,0x08,0xc8,0x10,0xe9,0x20,0xe9,0x20,0xa6,0x18,
    0x63,0x10,0x86,0x31,0x2f,0x8c,0xfa,0xe6,0x9c,0xf7,0x9c,0xf7,0x7c,0xf7,0x9c,0xf7,0x9c,0xf7,0x9c,0xf7,0x9c,0xf7,0x9c,0xf7,
    0x9c,0xf7,0x9c,0xf7,0x9c,0xf7,0x9c,0xf7,0x9c,0xf7,0x9c,0xf7,0x9c,0xf7,0x9c,0xf7,0x9c,0xf7,0x9c,0xf7,0x9c,0xf7,0x9c,0xf7,
    0x9c,0xf7,0x9c,0xf7,0x9c,0xf7,0x9c,0xf7,0x9c,0xf7,0x9c,0xf7,0x9c,0xf7,0x9c,0xf7,0x9c,0xf7,0x9c,0xf7,0x7c,0xf7,0x9c,0xf7,
    0x9c,0xf7,0x9c,0xf7,0x57,0xce,0x70,0x8c,0xca,0x5a,0x86,0x31,0x04,0x21,0xc4,0x18,0x05,0x21,0x66,0x31,0x69,0x4a,0xee,0x83,
    0xf6,0xc5,0x9c,0xf7,0x9c,0xf7,0x9c,0xf7,0x7b,0xf7,0x9c,0xf7,0x9c,0xf7,0x9c,0xf7,0x9c,0xf7,0x9c,0xf7,0x9c,0xf7,0x9c,0xf7,
    0x9c,0xf7,0x9c,0xf7,0x9c,0xf7,0x9c,0xf7,0x9c,0xf7,0x9c,0xf7,0x9c,0xf7,0x9c,0xf7,0x9c,0xf7,0x9c,0xf7,0x9c,0xf7,0x9c,0xf7,
    0x9c,0xf7,0x9c,0xf7,0x9c,0xf7,0x9c,0xf7,0x9c,0xf7,0x9c,0xf7,0x9c,0xf7,0x9c,0xf7,0x9c,0xf7,0x9c,0xf7,0x9c,0xf7,0x9c,0xf7,
    0x9c,0xf7,0x9c,0xf7,0x9c,0xf7,0x9c,0xf7,0x9c,0xf7,0x9c,0xf7,0x9c,0xf7,0x9c,0xf7,0x9c,0xf7,0x9c,0xf7,0x9c,0xf7,0x9c,0xf7,
    0x9c,0xf7,0x9c,0xf7,0x9c,0xf7,0x9c,0xf7,0x9c,0xf7,0x9c,0xf7,0x9c,0xf7,0x9c,0xf7,0x9c,0xf7,0x9c,0xf7,0x9c,0xf7,0x9c,0xf7,
    0x9c,0xf7,0x9c,0xf7,0x9c,0xf7,0x9c,0xf7,0x9c,0xf7,0x9c,0xf7,0x9c,0xf7,0x9c,0xf7,0x9c,0xf7,0x9c,0xf7,0x9c,0xf7,0x9c,0xf7,
    0x9c,0xf7,0x9c,0xf7,0x9c,0xf7,0x9c,0xf7,0x9c,0xf7,0x9c,0xf7,0x9c,0xf7,0x9c,0xf7,0x9c,0xf7,0x9c,0xf7,0x9c,0xf7,0x9c,0xf7,
    0x9c,0xf7,0x9c,0xf7,0x9c,0xf7,0x9c,0xf7,0x9c,0xf7,0x9c,0xf7,0x9c,0xf7,0x9c,0xf7,0x9c,0xf7,0x9c,0xf7,0x9c,0xf7,0x9c,0xf7,
    0x9c,0xf7,0x9c,0xf7,0x9c,0xf7,0x9c,0xf7,0x9c,0xf7,0x9c,0xf7,0x9c,0xf7,0x9c,0xf7,0x9c,0xf7,0x9c,0xf7,0x9c,0xf7,0x9c,0xf7,
    0x9c,0xf7,0x9c,0xf7,0x9c,0xf7,0x9c,0xf7,0x9c,0xf7,0x9c,0xf7,0x9c,0xf7,0x9c,0xf7,0x9c,0xf7,0x9c,0xf7,0x9c,0xf7,0x9c,0xf7,
    0x9c,0xf7,0x9c,0xf7,0x9c,0xf7,0x9c,0xf7,0x9c,0xf7,0x9c,0xf7,0x9c,0xf7,0x9c,0xf7,0x9c,0xf7,0x9c,0xf7,0x9c,0xf7,0x9c,0xf7,
    0x9c,0xf7,0x9c,0xf7,0x9c,0xf7,0x9c,0xf7,0x9c,0xf7,0x9c,0xf7,0x9c,0xf7,0x9c,0xf7,0x9c,0xf7,0x9c,0xf7,0x9c,0xf7,0x9c,0xf7,
    0x9c,0xf7,0x9c,0xf7,0x9c,0xf7,0x9c,0xf7,0x9c,0xf7,0x9c,0xf7,0x9c,0xf7,0x9c,0xf7,0x9c,0xf7,0x9c,0xf7,0x9c,0xf7,0x9c,0xf7,
    0x9c,0xf7,0x9c,0xf7,0x9c,0xf7,0x9c,0xf7,0x9c,0xf7,0x9c,0xf7,0x9c,0xf7,0x9c,0xf7,0x9c,0xf7,0x9c,0xf7,0x9c,0xf7,0x9c,0xf7,
    0x9c,0xf7,0x9c,0xf7,0x9c,0xf7,0x9c,0xf7,0x9c,0xf7,0x9c,0xf7,0x9c,0xf7,0x9c,0xf7,0x9c,0xf7,0x9c,0xf7,0x9c,0xf7,0x9c,0xf7,
    0x9c,0xf7,0x9c,0xf7,0x9c,0xf7,0x9c,0xf7,0x9c,0xf7,0x9c,0xf7,0x9c,0xf7,0x9c,0xf7,0x9c,0xf7,0x9c,0xf7,0x9c,0xf7,0x9c,0xf7,
    0x9c,0xf7,0x9c,0xf7,0x9c,0xf7,0x9c,0xf7,0x9c,0xf7,0x9c,0xf7,0x9c,0xf7,0x9c,0xf7,0x9c,0xf7,0x9c,0xf7,0x9c,0xf7,0x9c,0xf7,
    0x9c,0xf7,0x9c,0xf7,0x9c,0xf7,0x9c,0xf7,0x9c,0xf7,0x9c,0xf7,0x9c,0xf7,0x9c,0xf7,0x9c,0xf7,0x9c,0xf7,0x9c,0xf7,0x9c,0xf7,
    0x9c,0xf7,0x9c,0xf7,0x9c,0xf7,0x9c,0xf7,0x9c,0xf7,0x9c,0xf7,0x9c,0xf7,0x9c,0xf7,0x9c,0xf7,0x9c,0xf7,0x9c,0xf7,0x9c,0xf7,
    0x9c,0xf7,0x9c,0xf7,0x9c,0xf7,0x9c,0xf7,0x9c,0xf7,0x9c,0xf7,0x9c,0xf7,0x9c,0xf7,0x9c,0xf7,0x9c,0xf7,0x9c,0xf7,0x9c,0xf7,
    0x9c,0xf7,0x9c,0xf7,0x9c,0xf7,0x9c,0xf7,0x9c,0xf7,0x9c,0xf7,0x9c,0xf7,0x9c,0xf7,0x9c,0xf7,0x9c,0xf7,0x9c,0xf7,0x9c,0xf7,
    0x9c,0xf7,0x9c,0xf7,0x9c,0xf7,0x9c,0xf7,0x9c,0xf7,0x9c,0xf7,0x9c,0xf7,0x9c,0xf7,0x9c,0xf7,0x9c,0xf7,0x9c,0xf7,0x9c,0xf7,
    0x9c,0xf7,0x9c,0xf7,0x9c,0xf7,0x9c,0xf7,0x9c,0xf7,0x9c,0xf7,0x9c,0xf7,0x9c,0xf7,0x9c,0xf7,0x9c,0xf7,0x9c,0xf7,0x9c,0xf7,
    0x9c,0xf7,0x9c,0xf7,0x9c,0xf7,0x9c,0xf7,0x9c,0xf7,0x9c,0xf7,0x9c,0xf7,0x9c,0xf7,0x9c,0xf7,0x9c,0xf7,0x9c,0xf7,0x9c,0xf7,
    0x9c,0xf7,0x9c,0xf7,0x9c,0xf7,0x9c,0xf7,0x9c,0xf7,0x9c,0xf7,0x9c,0xf7,0x9c,0xf7,0x9c,0xf7,0x9c,0xf7,0x9c,0xf7,0x9c,0xf7,
    0x9c,0xf7,0x9c,0xf7,0x9c,0xf7,0x9c,0xf7,0x9c,0xf7,0x9c,0xf7,0x9c,0xf7,0x9c,0xf7,0x9c,0xf7,0x9c,0xf7,0x9c,0xf7,0x9c,0xf7,
    0x9c,0xf7,0x9c,0xf7,0x9c,0xf7,0x9c,0xf7,0x9c,0xf7,0x9c,0xf7,0x9c,0xf7,0x9c,0xf7,0x9c,0xf7,0x9c,0xf7,0x9c,0xf7,0x9c,0xf7,
    0x9c,0xf7,0x9c,0xf7,0x9c,0xf7,0x9c,0xf7,0x9c,0xf7,0x9c,0xf7,0x9c,0xf7,0x9c,0xf7,0x9c,0xf7,0x9c,0xf7,0x9c,0xf7,0x9c,0xf7,
    0x9c,0xf7,0x9c,0xf7,0x9c,0xf7,0x9c,0xf7,0x9c,0xf7,0x9c,0xf7,0x9c,0xf7,0x9c,0xf7,0x9c,0xf7,0x9c,0xf7,0x9c,0xf7,0x9c,0xf7,
    0x9c,0xf7,0x9c,0xf7,0x9c,0xf7,0x9c,0xf7,0x9c,0xf7,0x9c,0xf7,0x9c,0xf7,0x9c,0xf7,0x9c,0xf7,0x9c,0xf7,0x9c,0xf7,0x9c,0xf7,
    0x9c,0xf7,0x9c,0xf7,0x9c,0xf7,0x9c,0xf7,0x9c,0xf7,0x9c,0xf7,0x9c,0xf7,0x9c,0xf7,0x9c,0xf7,0x9c,0xf7,0x9c,0xf7,0x9c,0xf7,
    0x9c,0xf7,0x9c,0xf7,0x9c,0xf7,0x9c,0xf7,0x9c,0xf7,0x9c,0xf7,0x9c,0xf7,0x9c,0xf7,0x9c,0xf7,0x9c,0xf7,0x9c,0xf7,0x9c,0xf7,
    0x9c,0xf7,0x9c,0xf7,0x9c,0xf7,0x9c,0xf7,0x9c,0xf7,0x9c,0xf7,0x9c,0xf7,0x9c,0xf7,0x9c,0xf7,0x9c,0xf7,0x9c,0xf7,0x9c,0xf7,
    0x9c,0xf7,0x9c,0xf7,0x9c,0xf7,0x9c,0xf7,0x9c,0xf7,0x9c,0xf7,0x9c,0xf7,0x9c,0xf7,0x9c,0xf7,0x9c,0xf7,0x9c,0xf7,0x9c,0xf7,
};

static const uint8_t slot_seven_pixels[6144] __attribute__((aligned(4))) = {
    0x9c,0xf7,0x9c,0xf7,0x9c,0xf7,0x9c,0xf7,0x9c,0xf7,0x9c,0xf7,0x9c,0xf7,0x9c,0xf7,0x9c,0xf7,0x9c,0xf7,0x9c,0xf7,0x9c,0xf7,
    0x9c,0xf7,0x9c,0xf7,0x9c,0xf7,0x9c,0xf7,0x9c,0xf7,0x9c,0xf7,0x9c,0xf7,0x9c,0xf7,0x9c,0xf7,0x9c,0xf7,0x9c,0xf7,0x9c,0xf7,
    0x9c,0xf7,0x9c,0xf7,0x9c,0xf7,0x9c,0xf7,0x9c,0xf7,0x9c,0xf7,0x9c,0xf7,0x9c,0xf7,0x9c,0xf7,0x9c,0xf7,0x9c,0xf7,0x9c,0xf7,
    0x9c,0xf7,0x9c,0xf7,0x9c,0xf7,0x9c,0xf7,0x9c,0xf7,0x9c,0xf7,0x9c,0xf7,0x9c,0xf7,0x9c,0xf7,0x9c,0xf7,0x9c,0xf7,0x9c,0xf7,
    0x9c,0xf7,0x9c,0xf7,0x9c,0xf7,0x9c,0xf7,0x9c,0xf7,0x9c,0xf7,0x9c,0xf7,0x9c,0xf7,0x9c,0xf7,0x9c,0xf7,0x9c,0xf7,0x9c,0xf7,
    0x9c,0xf7,0x9c,0xf7,0x9c,0xf7,0x9c,0xf7,0x9c,0xf7,0x9c,0xf7,0x9c,0xf7,0x9c,0xf7,0x9c,0xf7,0x9c,0xf7,0x9c,0xf7,0x9c,0xf7,
    0x9c,0xf7,0x9c,0xf7,0x9c,0xf7,0x9c,0xf7,0x9c,0xf7,0x9c,0xf7,0x9c,0xf7,0x9c,0xf7,0x9c,0xf7,0x9c,0xf7,0x9c,0xf7,0x9c,0xf7,
    0x9c,0xf7,0x9c,0xf7,0x9c,0xf7,0x9c,0xf7,0x9c,0xf7,0x9c,0xf7,0x9c,0xf7,0x9c,0xf7,0x9c,0xf7,0x9c,0xf7,0x9c,0xf7,0x9c,0xf7,
    0x9c,0xf7,0x9c,0xf7,0x9c,0xf7,0x9c,0xf7,0x9c,0xf7,0x9c,0xf7,0x9c,0xf7,0x9c,0xf7,0x9c,0xf7,0x9c,0xf7,0x9c,0xf7,0x9c,0xf7,
    0x9c,0xf7,0x9c,0xf7,0x9c,0xf7,0x9c,0xf7,0x9c,0xf7,0x9c,0xf7,0x9c,0xf7,0x9c,0xf7,0x9c,0xf7,0x9c,0xf7,0x9c,0xf7,0x9c,0xf7,
    0x9c,0xf7,0x9c,0xf7,0x9c,0xf7,0x9c,0xf7,0x9c,0xf7,0x9c,0xf7,0x9c,0xf7,0x9c,0xf7,0x9c,0xf7,0x9c,0xf7,0x9c,0xf7,0x9c,0xf7,
    0x9c,0xf7,0x9c,0xf7,0x9c,0xf7,0x9c,0xf7,0x9c,0xf7,0x9c,0xf7,0x9c,0xf7,0x9c,0xf7,0x9c,0xf7,0x9c,0xf7,0x9c,0xf7,0x9c,0xf7,
    0x9c,0xf7,0x9c,0xf7,0x9c,0xf7,0x9c,0xf7,0x9c,0xf7,0x9c,0xf7,0x9c,0xf7,0x9c,0xf7,0x9c,0xf7,0x9c,0xf7,0x9c,0xf7,0x9c,0xf7,
    0x9c,0xf7,0x9c,0xf7,0x9c,0xf7,0x9c,0xf7,0x9c,0xf7,0x9c,0xf7,0x9c,0xf7,0x9c,0xf7,0x9c,0xf7,0x9c,0xf7,0x9c,0xf7,0x9c,0xf7,
    0x9c,0xf7,0x9c,0xf7,0x9c,0xf7,0x9c,0xf7,0x9c,0xf7,0x9c,0xf7,0x9c,0xf7,0x9c,0xf7,0x9c,0xf7,0x9c,0xf7,0x9c,0xf7,0x9c,0xf7,
    0x9c,0xf7,0x9c,0xf7,0x9c,0xf7,0x9c,0xf7,0x9c,0xf7,0x9c,0xf7,0x9c,0xf7,0x9c,0xf7,0x9c,0xf7,0x9c,0xf7,0x9c,0xf7,0x9c,0xf7,
    0x9c,0xf7,0x9c,0xf7,0x9c,0xf7,0x9c,0xf7,0x9c,0xf7,0x9c,0xf7,0x9c,0xf7,0x9c,0xf7,0x9c,0xf7,0x9c,0xf7,0x9c,0xf7,0x9c,0xf7,
    0x9c,0xf7,0x9c,0xf7,0x9c,0xf7,0x9c,0xf7,0x9c,0xf7,0x9c,0xf7,0x9c,0xf7,0x9c,0xf7,0x9c,0xf7,0x9c,0xf7,0x9c,0xf7,0x9c,0xf7,
    0x9c,0xf7,0x9c,0xf7,0x9c,0xf7,0x9c,0xf7,0x9c,0xf7,0x9c,0xf7,0x9c,0xf7,0x9c,0xf7,0x9c,0xf7,0x9c,0xf7,0x9c,0xf7,0x9c,0xf7,
    0x9c,0xf7,0x9c,0xf7,0x9c,0xf7,0x9c,0xf7,0x9c,0xf7,0x9c,0xf7,0x9c,0xf7,0x9c,0xf7,0x9c,0xf7,0x9c,0xf7,0x9c,0xf7,0x9c,0xf7,
    0x9c,0xf7,0x9c,0xf7,0x9c,0xf7,0x9c,0xf7,0x9c,0xf7,0x9c,0xf7,0x9c,0xf7,0x9c,0xf7,0x9c,0xf7,0x9c,0xf7,0x9c,0xf7,0x9c,0xf7,
    0x9c,0xf7,0x9c,0xf7,0x9c,0xf7,0x9c,0xf7,0x9c,0xf7,0x9c,0xf7,0x9c,0xf7,0x9c,0xf7,0x9c,0xf7,0x9c,0xf7,0x9c,0xf7,0x9c,0xf7,
    0x9c,0xf7,0x9c,0xf7,0x9c,0xf7,0x9c,0xf7,0x9c,0xf7,0x9c,0xf7,0x9c,0xf7,0x9c,0xf7,0x9c,0xf7,0x9c,0xf7,0x9c,0xf7,0x9c,0xf7,
    0x9c,0xf7,0x9c,0xf7,0x9c,0xf7,0x9c,0xf7,0x9c,0xf7,0x9c,0xf7,0x9c,0xf7,0x9c,0xf7,0x9c,0xf7,0x9c,0xf7,0x9c,0xf7,0x9c,0xf7,
    0x9c,0xf7,0x9c,0xf7,0x9c,0xf7,0x9c,0xf7,0x9c,0xf7,0x9c,0xf7,0x9c,0xf7,0x9c,0xf7,0x9c,0xf7,0x9c,0xf7,0x9c,0xf7,0x9c,0xf7,
    0x9c,0xf7,0x9c,0xf7,0x9c,0xf7,0x9c,0xf7,0x9c,0xf7,0x9c,0xf7,0x9c,0xf7,0x9c,0xf7,0x9c,0xf7,0x9c,0xf7,0x9c,0xf7,0x9c,0xf7,
    0x9c,0xf7,0x9c,0xf7,0x9c,0xf7,0x9c,0xf7,0x9c,0xf7,0x9c,0xf7,0x9c,0xf7,0x9c,0xf7,0x9c,0xf7,0x9c,0xf7,0x9c,0xf7,0x9c,0xf7,
    0x9c,0xf7,0x9c,0xf7,0x9c,0xf7,0x9c,0xf7,0x9c,0xf7,0x9c,0xf7,0x9c,0xf7,0x9c,0xf7,0x9c,0xf7,0x9c,0xf7,0x9c,0xf7,0x9c,0xf7,
    0x9c,0xf7,0x9c,0xf7,0x9c,0xf7,0x9c,0xf7,0x9c,0xf7,0x9c,0xf7,0x9c,0xf7,0x9c,0xf7,0x9c,0xf7,0x9c,0xf7,0x9c,0xf7,0x9c,0xf7,
    0x9c,0xf7,0x9c,0xf7,0x9c,0xf7,0x9c,0xf7,0x9c,0xf7,0x9c,0xf7,0x9c,0xf7,0x9c,0xf7,0x9c,0xf7,0x9c,0xf7,0x9c,0xf7,0x9c,0xf7,
    0x9c,0xf7,0x9c,0xf7,0x9c,0xf7,0x9c,0xf7,0x9c,0xf7,0x9c,0xf7,0x9c,0xf7,0x9c,0xf7,0x9c,0xf7,0x9c,0xf7,0x9c,0xf7,0x9c,0xf7,
    0x9c,0xf7,0x9c,0xf7,0x9c,0xf7,0x9c,0xf7,0x9c,0xf7,0x9c,0xf7,0x9c,0xf7,0x9c,0xf7,0x9c,0xf7,0x9c,0xf7,0x9c,0xf7,0x9c,0xf7,
    0x9c,0xf7,0x9c,0xf7,0x9c,0xf7,0x9c,0xf7,0x9c,0xf7,0x9c,0xf7,0x9c,0xf7,0x9c,0xf7,0x9c,0xf7,0x9c,0xf7,0x9c,0xf7,0x9c,0xf7,
    0x9c,0xf7,0x9c,0xf7,0x9c,0xf7,0x9c,0xf7,0x9c,0xf7,0x9c,0xf7,0x9c,0xf7,0x9c,0xf7,0x9c,0xf7,0x9c,0xf7,0x9c,0xf7,0x9c,0xf7,
    0x9c,0xf7,0x9c,0xf7,0x9c,0xf7,0x9c,0xf7,0x9c,0xf7,0x9c,0xf7,0x9c,0xf7,0x9c,0xf7,0x9c,0xf7,0x9c,0xf7,0x9c,0xf7,0x9c,0xf7,
    0x9c,0xf7,0x9c,0xf7,0x9c,0xf7,0x9c,0xf7,0x9c,0xf7,0x9c,0xf7,0x9c,0xf7,0x9c,0xf7,0x9c,0xf7,0x9c,0xf7,0x9c,0xf7,0x9c,0xf7,
    0x9c,0xf7,0xb9,0xde,0x91,0x9c,0x70,0x9c,0x50,0x94,0x70,0x94,0x70,0x94,0x50,0x94,0x70,0x94,0x50,0x94,0x57,0xce,0x9c,0xf7,
    0x9c,0xf7,0x9c,0xf7,0x5b,0xf7,0xf6,0xc5,0x50,0x9c,0xeb,0x8a,0x08,0x7a,0x46,0x79,0x25,0x79,0x25,0x71,0x45,0x69,0xe7,0x71,
    0xea,0x7a,0x2f,0x8c,0xb5,0xbd,0x3a,0xef,0x9c,0xf7,0x9c,0xf7,0x9c,0xf7,0x9c,0xf7,0x9c,0xf7,0x7c,0xf7,0x7c,0xf7,0x7c,0xf7,
    0x9c,0xf7,0x9c,0xf7,0x9c,0xf7,0x9c,0xf7,0x37,0xce,0x69,0x72,0x86,0x59,0xb8,0xde,0x9c,0xf7,0x7c,0xf7,0x9c,0xf7,0x9c,0xf7,
    0x9c,0xf7,0xc6,0x61,0x06,0xc2,0x44,0xc2,0x65,0xca,0x65,0xca,0x44,0xc2,0x44,0xc2,0x45,0xc2,0x63,0xa9,0xc2,0x48,0xd5,0xbd,
    0xd5,0xbd,0x0b,0x8b,0x87,0x81,0x06,0xa2,0x67,0xd3,0x67,0xe4,0x07,0xf5,0x67,0xf5,0x67,0xf5,0x66,0xf5,0x26,0xf5,0x65,0xec,
    0x65,0xdb,0x04,0xba,0xc2,0x90,0xe4,0x70,0x48,0x6a,0x0f,0x8c,0xd6,0xc5,0x3a,0xef,0x9c,0xf7,0x9c,0xf7,0x9c,0xf7,0x9c,0xf7,
    0x9c,0xf7,0x98,0xde,0xf2,0xa4,0x89,0x7a,0x04,0x91,0xe8,0xeb,0xc1,0xa9,0x45,0x51,0xb8,0xd6,0x9c,0xf7,0x7c,0xf7,0x9c,0xf7,
    0x9c,0xf7,0x42,0x60,0x48,0xfd,0x45,0xf6,0x24,0xe5,0x43,0xed,0x64,0xed,0x65,0xe5,0x65,0xfe,0x21,0xbb,0x00,0x40,0x21,0x48,
    0xa5,0x99,0x48,0xec,0x88,0xfd,0x24,0xed,0x62,0xdc,0x61,0xd3,0xa0,0xca,0x40,0xc2,0x21,0xca,0x41,0xca,0x01,0xcb,0x02,0xd4,
    0x03,0xdd,0xe5,0xf5,0xe5,0xfd,0xe5,0xf4,0x63,0xdb,0xc3,0xa9,0x81,0x78,0xa3,0x70,0x86,0x69,0x48,0x72,0x69,0x72,0x07,0x72,
    0x45,0x71,0xa3,0x78,0xe5,0xb1,0x28,0xec,0xa7,0xf5,0x44,0xdd,0xa2,0xed,0x20,0xa1,0x03,0x49,0xd9,0xde,0x9c,0xf7,0x9c,0xf7,
    0x9c,0xf7,0x62,0x58,0x05,0xf5,0x41,0xba,0x08,0xda,0xa5,0xd9,0xa1,0xe0,0x00,0xc8,0x25,0xd4,0xc1,0x9a,0x45,0x91,0x49,0xfd,
    0xa5,0xf5,0xa0,0xd3,0x42,0xca,0xa8,0xda,0xaf,0xe3,0xd0,0xf3,0x4d,0xfb,0x6a,0xfa,0x87,0xf9,0xa3,0xf8,0x01,0xf0,0x00,0xf0,
    0x00,0xe0,0x40,0xd0,0x60,0xc9,0x01,0xcb,0xe3,0xdc,0x05,0xf6,0x06,0xfe,0x25,0xf5,0x85,0xec,0x05,0xe4,0xe6,0xdb,0x87,0xec,
    0xe6,0xec,0x86,0xf5,0xc6,0xed,0x83,0xd4,0x80,0xb1,0xa4,0xa1,0x63,0xdd,0xc0,0x88,0x21,0xa8,0x85,0x51,0xd9,0xde,0x9c,0xf7,
    0x9c,0xf7,0x62,0x58,0xe5,0xec,0x61,0xd2,0x6e,0xfb,0x86,0xf9,0x61,0xf8,0x00,0xe8,0x24,0xd3,0xc5,0xe5,0x85,0xed,0x00,0xcb,
    0x26,0xd2,0x93,0xf4,0x9a,0xfe,0x58,0xfe,0xb1,0xfc,0xeb,0xfa,0x85,0xf9,0xe3,0xf0,0x61,0xf0,0x40,0xf0,0x40,0xf8,0x20,0xf0,
    0x20,0xf8,0x00,0xf8,0x00,0xf0,0x00,0xe8,0x00,0xd8,0x81,0xd0,0xa1,0xc9,0xc1,0xca,0xc2,0xd3,0x02,0xd4,0x22,0xdc,0xc2,0xd3,
    0xe1,0xca,0xe1,0xc9,0x80,0xc8,0x00,0xe0,0x01,0xc8,0x07,0xdd,0x80,0x9a,0x00,0x40,0x40,0x70,0x20,0xa0,0x65,0x51,0x9c,0xf7,
    0x9c,0xf7,0x62,0x58,0xe5,0xec,0x41,0xca,0x26,0xf9,0x00,0xf0,0x20,0xf0,0x00,0xe8,0x40,0xc0,0x00,0xcb,0xe2,0xd1,0x73,0xec,
    0xba,0xfe,0x33,0xfd,0x0b,0xfb,0x04,0xf9,0x20,0xf8,0x00,0xf0,0x00,0xf0,0x00,0xf0,0x00,0xf0,0x00,0xf0,0x20,0xf0,0x00,0xf0,
    0x20,0xf0,0x20,0xf0,0x20,0xf0,0x20,0xf0,0x20,0xf0,0x00,0xf0,0x00,0xe8,0x00,0xe8,0x00,0xe8,0x00,0xe0,0x00,0xe0,0x00,0xe8,
    0x01,0xe8,0x01,0xf0,0x00,0xf0,0x00,0xd8,0x66,0xc2,0x24,0xd5,0x20,0x58,0x20,0x40,0x20,0x50,0x20,0x78,0xc3,0x40,0x9c,0xf7,
    0x9c,0xf7,0x62,0x58,0x05,0xed,0x61,0xd2,0xa4,0xf8,0x20,0xf0,0x00,0xf0,0x20,0xf0,0x00,0xe8,0x87,0xe9,0x55,0xfd,0x70,0xfc,
    0x85,0xf9,0x41,0xf8,0x00,0xf8,0x00,0xf0,0x20,0xf0,0x20,0xf0,0x20,0xf0,0x20,0xf0,0x20,0xf0,0x20,0xf0,0x00,0xf0,0x20,0xf0,
    0x00,0xf0,0x20,0xf0,0x00,0xf0,0x00,0xf0,0x00,0xf0,0x00,0xe8,0x20,0xe8,0x20,0xe8,0x20,0xe8,0x20,0xe8,0x20,0xe8,0x20,0xf0,
    0x20,0xe8,0x20,0xe8,0x20,0xe8,0x41,0xc0,0x26,0xdd,0x00,0x92,0x00,0x40,0x20,0x38,0x20,0x50,0x00,0x38,0xf2,0xa4,0x9c,0xf7,
    0x9c,0xf7,0x62,0x58,0x05,0xed,0x41,0xca,0x42,0xf8,0x20,0xf0,0x20,0xf0,0x00,0xe8,0x65,0xf1,0x0f,0xfc,0xa6,0xf9,0x00,0xf8,
    0x00,0xf0,0x00,0xf0,0x20,0xf0,0x20,0xf0,0x00,0xf0,0x00,0xf0,0x00,0xf0,0x00,0xf0,0x00,0xf0,0x20,0xf0,0x00,0xf0,0x20,0xf0,
    0x20,0xf0,0x00,0xf0,0x00,0xf0,0x00,0xf0,0x00,0xf0,0x00,0xe8,0x00,0xe8,0x00,0xe8,0x00,0xe8,0x00,0xe8,0x00,0xe8,0x00,0xe8,
    0x00,0xe8,0x20,0xe8,0x00,0xd0,0xe6,0xc2,0xa2,0xd4,0x20,0x50,0x20,0x30,0x20,0x38,0x00,0x48,0x28,0x5a,0x9c,0xf7,0x9c,0xf7,
    0x9c,0xf7,0x62,0x58,0x04,0xed,0x21,0xca,0x01,0xf8,0x20,0xf0,0x00,0xf0,0x41,0xf0,0xc7,0xf9,0x41,0xf8,0x00,0xf0,0x00,0xf0,
    0x00,0xe8,0x00,0xe8,0x00,0xe8,0x00,0xf0,0x00,0xf0,0x00,0xf0,0x00,0xf0,0x00,0xf0,0x00,0xf0,0x00,0xf0,0x00,0xf0,0x00,0xf0,
    0x00,0xf0,0x00,0xe8,0x00,0xe8,0x00,0xe8,0x00,0xe8,0x00,0xe8,0x00,0xe8,0x00,0xe8,0x00,0xe8,0x00,0xe8,0x00,0xe8,0x00,0xe8,
    0x20,0xe8,0x00,0xe8,0xa3,0xb8,0x86,0xe5,0x60,0x81,0x00,0x30,0x20,0x30,0x20,0x40,0x00,0x30,0x37,0xce,0x9c,0xf7,0x9c,0xf7,
    0x9c,0xf7,0x62,0x58,0xe4,0xec,0x20,0xca,0x01,0xf0,0x20,0xe8,0x00,0xf0,0x82,0xf8,0x20,0xf8,0x00,0xf0,0x20,0xe8,0x20,0xe8,
    0x20,0xe8,0x20,0xe0,0x20,0xe0,0x20,0xe8,0x00,0xe8,0x00,0xe8,0x00,0xe8,0x00,0xe8,0x00,0xe8,0x00,0xe8,0x00,0xe8,0x00,0xe8,
    0x00,0xe8,0x00,0xe8,0x00,0xe8,0x00,0xe8,0x00,0xe8,0x00,0xe0,0x00,0xe0,0x00,0xe0,0x00,0xe0,0x00,0xe8,0x00,0xe8,0x00,0xe8,
    0x20,0xe8,0x00,0xc8,0xc7,0xcb,0x21,0xc4,0x00,0x40,0x20,0x30,0x20,0x38,0x00,0x40,0xca,0x6a,0x9c,0xf7,0x7c,0xf7,0x9c,0xf7,
    0x9c,0xf7,0x62,0x58,0xe4,0xec,0x00,0xca,0x01,0xf0,0x20,0xe8,0x20,0xf0,0x20,0xf0,0x00,0xe8,0x20,0xe8,0x20,0xe0,0x00,0xe0,
    0x00,0xd8,0x00,0xd8,0x00,0xd8,0x00,0xe0,0x20,0xe0,0x20,0xe8,0x20,0xe0,0x00,0xe0,0x00,0xe8,0x00,0xe0,0x00,0xe0,0x00,0xe8,
    0x20,0xe0,0x20,0xe0,0x00,0xe0,0x20,0xe0,0x20,0xe0,0x00,0xe0,0x00,0xd8,0x00,0xe8,0x00,0xe8,0x00,0xe0,0x00,0xe0,0x20,0xe0,
    0x00,0xe0,0x24,0xb1,0xa5,0xe5,0x00,0x71,0x00,0x38,0x20,0x30,0x00,0x40,0x81,0x30,0xb9,0xde,0x9c,0xf7,0x7c,0xf7,0x9c,0xf7,
    0x9c,0xf7,0x62,0x58,0xe5,0xec,0x00,0xca,0x00,0xf0,0x20,0xe8,0x00,0xe8,0x00,0xe8,0x20,0xe8,0x00,0xd8,0x01,0xb8,0xe3,0xb8,
    0xc4,0xc1,0x04,0xc2,0x84,0xb9,0xa2,0xc0,0x00,0xb8,0x00,0xc8,0x00,0xd8,0x00,0xe0,0x20,0xe0,0x20,0xe0,0x20,0xe0,0x20,0xe0,
    0x20,0xe0,0x20,0xd8,0x00,0xe0,0x00,0xd8,0x00,0xc0,0x00,0xb8,0x21,0xe0,0x20,0xf0,0x00,0xe8,0x00,0xe0,0x00,0xe0,0x20,0xe8,
    0x00,0xc0,0x67,0xd4,0xa0,0xbb,0x00,0x48,0x20,0x38,0x20,0x40,0x00,0x40,0xee,0x83,0x9c,0xf7,0x7c,0xf7,0x9c,0xf7,0x9c,0xf7,
    0x9c,0xf7,0x62,0x58,0xe5,0xec,0x00,0xca,0x00,0xf0,0x20,0xe8,0x20,0xe0,0x20,0xe0,0x00,0xc0,0x06,0xb2,0x08,0xdd,0x86,0xe5,
    0x44,0xd5,0xe4,0xcc,0x44,0xdd,0x85,0xe5,0xe5,0xdc,0x24,0xcb,0x43,0xb9,0x21,0xb8,0x00,0xc0,0x00,0xc8,0x00,0xc8,0x00,0xc0,
    0x00,0xc0,0x00,0xc0,0x21,0xa8,0xa5,0xb1,0x07,0xbc,0xe1,0xb8,0xa3,0xf8,0x20,0xe8,0x00,0xe8,0x00,0xe0,0x20,0xe0,0x00,0xd8,
    0x84,0xb9,0x84,0xe5,0xa0,0x68,0x00,0x38,0x20,0x38,0x00,0x48,0x03,0x41,0x3b,0xef,0x7c,0xf7,0x9c,0xf7,0x9c,0xf7,0x9c,0xf7,
    0x9c,0xf7,0x82,0x58,0x05,0xed,0x20,0xca,0x00,0xe8,0x20,0xe0,0x20,0xe0,0x00,0xc0,0x07,0xb3,0x85,0xdd,0xc0,0xaa,0xe0,0x78,
    0x20,0x78,0x00,0x78,0x40,0x68,0x00,0x89,0xc0,0xaa,0x82,0xcc,0x84,0xe5,0x45,0xdd,0x45,0xd4,0x86,0xcb,0x06,0xc3,0x06,0xc3,
    0x65,0xc3,0x06,0xd4,0xc6,0xdc,0x45,0xee,0xe1,0xba,0xa3,0xe0,0x61,0xf0,0x00,0xe0,0x00,0xe0,0x00,0xd8,0x20,0xe0,0x01,0xb8,
    0xe7,0xd4,0x00,0xab,0x00,0x48,0x20,0x38,0x20,0x48,0x00,0x40,0xb1,0x9c,0x9c,0xf7,0x7c,0xf7,0x9c,0xf7,0x9c,0xf7,0x9c,0xf7,
    0x9c,0xf7,0x82,0x58,0x05,0xed,0x00,0xca,0x20,0xe8,0x40,0xe0,0x00,0xc8,0x46,0xb2,0xa4,0xed,0xe0,0x70,0x00,0x38,0x00,0x38,
    0x00,0x60,0x20,0x90,0x20,0xa0,0x20,0x78,0x20,0x50,0x20,0x50,0xa0,0x70,0xc0,0x91,0x01,0xb3,0xc2,0xbb,0x02,0xbc,0x43,0xc4,
    0x41,0xab,0x03,0x9b,0x03,0xf6,0x00,0xc3,0xa4,0xd8,0x82,0xf8,0x00,0xe8,0x00,0xe0,0x00,0xe0,0x20,0xd8,0x00,0xd0,0xe5,0xb1,
    0x64,0xdd,0x60,0x68,0x00,0x40,0x20,0x40,0x00,0x50,0x44,0x49,0x5b,0xf7,0x7c,0xf7,0x9c,0xf7,0x9c,0xf7,0x9c,0xf7,0x9c,0xf7,
    0x9c,0xf7,0x82,0x58,0xe5,0xe4,0x80,0xb9,0x00,0xc8,0x00,0xc0,0x42,0xa8,0x66,0xe5,0xa0,0x89,0x00,0x38,0x40,0x20,0x20,0x28,
    0x20,0x48,0x00,0x60,0x00,0x80,0x00,0x80,0x00,0x70,0x00,0x68,0x00,0x50,0x20,0x40,0x20,0x38,0x00,0x38,0x00,0x30,0x00,0x20,
    0xa4,0x88,0x67,0xe5,0xe0,0xb2,0x05,0xd9,0x65,0xf9,0x00,0xf0,0x00,0xe0,0x00,0xe0,0x00,0xe0,0x00,0xe0,0x01,0xb8,0xe6,0xdc,
    0xa0,0xa2,0x00,0x48,0x20,0x48,0x20,0x50,0x00,0x40,0xf2,0xa4,0x9c,0xf7,0x7c,0xf7,0x9c,0xf7,0x9c,0xf7,0x9c,0xf7,0x9c,0xf7,
    0x9c,0xf7,0x83,0x58,0x05,0xf5,0x84,0xd4,0xa5,0xcb,0xa6,0xcb,0xa6,0xdc,0x82,0xcc,0x00,0x50,0x20,0x40,0x20,0x30,0x20,0x30,
    0x00,0x30,0xe3,0x30,0xea,0x62,0x4c,0x73,0x89,0x62,0x44,0x49,0x20,0x38,0x00,0x48,0x00,0x40,0x40,0x28,0x00,0x30,0x06,0xba,
    0x27,0xf6,0xc0,0xc2,0x86,0xd9,0x89,0xfa,0x00,0xf0,0x00,0xe8,0x00,0xe0,0x00,0xe0,0x20,0xd8,0x00,0xd8,0xe5,0xb1,0x44,0xd5,
    0x60,0x68,0x00,0x48,0x20,0x50,0x00,0x58,0x65,0x49,0x7c,0xf7,0x7c,0xf7,0x9c,0xf7,0x9c,0xf7,0x9c,0xf7,0x9c,0xf7,0x9c,0xf7,
    0x9c,0xf7,0x41,0x48,0x62,0xba,0x41,0xab,0x41,0xab,0x61,0xb3,0x41,0xab,0x61,0x89,0x00,0x58,0x20,0x48,0x20,0x48,0x00,0x28,
    0x2c,0x6b,0x3b,0xef,0x9c,0xf7,0x9c,0xf7,0x9c,0xf7,0x7c,0xf7,0x16,0xce,0x91,0x9c,0xa5,0x31,0x00,0x38,0x08,0xd3,0x67,0xf6,
    0x00,0xba,0x09,0xe2,0x6c,0xfb,0x61,0xf8,0x00,0xe8,0x00,0xe0,0x00,0xe0,0x00,0xd8,0x20,0xe0,0x01,0xb8,0xc7,0xd4,0xe0,0xa2,
    0x00,0x58,0x20,0x50,0x20,0x60,0x00,0x48,0x13,0xad,0x9c,0xf7,0x7b,0xf7,0x9c,0xf7,0x9c,0xf7,0x9c,0xf7,0x9c,0xf7,0x9c,0xf7,
    0x9c,0xf7,0x89,0x5a,0x00,0x38,0x20,0x38,0x00,0x30,0x00,0x40,0x00,0x40,0x00,0x78,0x61,0xa8,0x20,0x60,0x00,0x50,0x07,0x4a,
    0x9c,0xf7,0x9c,0xf7,0x7b,0xf7,0x7b,0xf7,0x7c,0xf7,0x7c,0xf7,0x9c,0xf7,0xd5,0xbd,0xe5,0x68,0x29,0xf4,0x25,0xee,0x40,0xb1,
    0xed,0xea,0x50,0xfc,0x62,0xf0,0x00,0xe8,0x00,0xe8,0x00,0xe0,0x00,0xd8,0x20,0xd8,0x00,0xd8,0x85,0xb9,0x64,0xdd,0x80,0x70,
    0x00,0x68,0x20,0x60,0x00,0x68,0x45,0x49,0x7b,0xf7,0x7c,0xf7,0x9c,0xf7,0x9c,0xf7,0x9c,0xf7,0x9c,0xf7,0x9c,0xf7,0x9c,0xf7,
    0x9c,0xf7,0x5b,0xef,0x27,0x4a,0x00,0x40,0x40,0x40,0x20,0x48,0x20,0x58,0x20,0x50,0x41,0xa0,0x61,0xb8,0x00,0x40,0xd5,0xbd,
    0x9c,0xf7,0x7b,0xf7,0x9c,0xf7,0x9c,0xf7,0x7b,0xf7,0x9c,0xf7,0xd2,0x9c,0x42,0x68,0xe9,0xfc,0xa4,0xdd,0xc0,0xb0,0x31,0xf4,
    0xd2,0xfc,0xa3,0xf0,0x00,0xe8,0x20,0xe0,0x00,0xe8,0x00,0xe0,0x00,0xd8,0x20,0xe0,0x00,0xb8,0x27,0xcc,0x81,0xb3,0x00,0x70,
    0x20,0x70,0x20,0x78,0x00,0x50,0xb1,0x9c,0x9c,0xf7,0x7b,0xf7,0x9c,0xf7,0x9c,0xf7,0x9c,0xf7,0x9c,0xf7,0x9c,0xf7,0x9c,0xf7,
    0x9c,0xf7,0x9c,0xf7,0x3b,0xef,0xe7,0x51,0x00,0x28,0x00,0x30,0x00,0x30,0x00,0x38,0x00,0x38,0x20,0x60,0x28,0x5a,0x9c,0xf7,
    0x7c,0xf7,0x9c,0xf7,0x9c,0xf7,0x7b,0xf7,0x9c,0xf7,0x50,0x8c,0x83,0x80,0xaa,0xfd,0xe2,0xd4,0xa1,0xc0,0x34,0xfd,0x54,0xfd,
    0x04,0xf1,0x20,0xf0,0x20,0xe8,0x00,0xe0,0x00,0xe0,0x00,0xd8,0x20,0xd8,0x00,0xd8,0xa3,0xa8,0x65,0xdd,0x20,0x81,0x00,0x88,
    0x20,0x78,0x00,0x78,0xe3,0x40,0x3b,0xef,0x9c,0xf7,0x9c,0xf7,0x9c,0xf7,0x9c,0xf7,0x9c,0xf7,0x9c,0xf7,0x9c,0xf7,0x9c,0xf7,
    0x9c,0xf7,0x7c,0xf7,0x9c,0xf7,0x7b,0xf7,0x16,0xc6,0x16,0xc6,0x16,0xce,0x16,0xce,0x37,0xce,0x16,0xce,0x5b,0xef,0x9c,0xf7,
    0x9c,0xf7,0x9c,0xf7,0x7b,0xf7,0x9c,0xf7,0x50,0x8c,0xc3,0x88,0xea,0xfd,0x62,0xc4,0x82,0xc0,0xf7,0xfd,0x17,0xfe,0x66,0xf1,
    0x41,0xf0,0x41,0xe8,0x20,0xe8,0x00,0xe0,0x00,0xd8,0x00,0xd0,0x20,0xd0,0x00,0xc8,0xe6,0xc2,0xa3,0xc4,0x00,0x80,0x00,0x98,
    0x40,0x88,0x00,0x68,0xee,0x83,0x9c,0xf7,0x7b,0xf7,0x9c,0xf7,0x9c,0xf7,0x9c,0xf7,0x9c,0xf7,0x9c,0xf7,0x9c,0xf7,0x9c,0xf7,
    0x9c,0xf7,0x9c,0xf7,0x9c,0xf7,0x9c,0xf7,0x9c,0xf7,0x9c,0xf7,0x9c,0xf7,0x9c,0xf7,0x9c,0xf7,0x9c,0xf7,0x9c,0xf7,0x9c,0xf7,
    0x9c,0xf7,0x7b,0xf7,0x9c,0xf7,0x70,0x94,0xa3,0x88,0x0a,0xfe,0x22,0xc4,0xa3,0xc8,0x78,0xfe,0x17,0xfe,0xc7,0xf9,0x62,0xf0,
    0x20,0xf0,0x00,0xe8,0x00,0xe0,0x00,0xe0,0x00,0xd8,0x00,0xd8,0x00,0xd8,0x01,0xb0,0xc7,0xd4,0x60,0x9a,0x00,0xa0,0x20,0xa0,
    0x00,0x98,0x41,0x48,0x98,0xde,0x9c,0xf7,0x7c,0xf7,0x9c,0xf7,0x9c,0xf7,0x9c,0xf7,0x9c,0xf7,0x9c,0xf7,0x9c,0xf7,0x9c,0xf7,
    0x9c,0xf7,0x9c,0xf7,0x9c,0xf7,0x9c,0xf7,0x7c,0xf7,0x7c,0xf7,0x7c,0xf7,0x7c,0xf7,0x7c,0xf7,0x7c,0xf7,0x9c,0xf7,0x9c,0xf7,
    0x7b,0xf7,0x9c,0xf7,0x12,0xa5,0x82,0x80,0xea,0xfd,0x62,0xc4,0x62,0xc8,0xf7,0xfd,0xf6,0xfd,0x49,0xfa,0xc3,0xf8,0x20,0xe8,
    0x00,0xe8,0x00,0xe0,0x00,0xe0,0x00,0xd8,0x00,0xd8,0x20,0xd8,0x00,0xd0,0x44,0xb1,0x64,0xd5,0xa0,0x78,0x00,0xa8,0x40,0xc0,
    0x00,0x98,0x48,0x5a,0x9c,0xf7,0x7c,0xf7,0x9c,0xf7,0x9c,0xf7,0x9c,0xf7,0x9c,0xf7,0x9c,0xf7,0x9c,0xf7,0x9c,0xf7,0x9c,0xf7,
    0x9c,0xf7,0x9c,0xf7,0x9c,0xf7,0x9c,0xf7,0x9c,0xf7,0x9c,0xf7,0x9c,0xf7,0x9c,0xf7,0x9c,0xf7,0x9c,0xf7,0x9c,0xf7,0x7c,0xf7,
    0x9c,0xf7,0x36,0xce,0x42,0x60,0x09,0xfd,0xe2,0xcc,0x61,0xc8,0x33,0xfd,0xd6,0xfd,0x08,0xfa,0xe4,0xf8,0x41,0xf0,0x20,0xe8,
    0x00,0xe0,0x00,0xe0,0x00,0xd8,0x00,0xd8,0x00,0xd0,0x20,0xd0,0x00,0xc0,0x46,0xcb,0x62,0xc4,0x00,0x70,0x00,0x98,0x20,0xb8,
    0x00,0x68,0xf2,0xa4,0x9c,0xf7,0x7b,0xf7,0x9c,0xf7,0x9c,0xf7,0x9c,0xf7,0x9c,0xf7,0x9c,0xf7,0x9c,0xf7,0x9c,0xf7,0x9c,0xf7,
    0x9c,0xf7,0x9c,0xf7,0x9c,0xf7,0x9c,0xf7,0x9c,0xf7,0x9c,0xf7,0x9c,0xf7,0x9c,0xf7,0x9c,0xf7,0x9c,0xf7,0x7c,0xf7,0x7c,0xf7,
    0xfa,0xe6,0x04,0x59,0xe9,0xf3,0xa3,0xdd,0x60,0xb8,0xcf,0xfb,0xb5,0xfd,0x48,0xfa,0xe4,0xf8,0x42,0xf0,0x00,0xe8,0x00,0xe0,
    0x00,0xd8,0x00,0xe0,0x00,0xd8,0x00,0xd8,0x20,0xd0,0x20,0xd0,0x01,0xb0,0xa7,0xd4,0xa0,0x9a,0x00,0x70,0x20,0x88,0x00,0x98,
    0xa2,0x48,0x1a,0xe7,0x9c,0xf7,0x9c,0xf7,0x9c,0xf7,0x9c,0xf7,0x9c,0xf7,0x9c,0xf7,0x9c,0xf7,0x9c,0xf7,0x9c,0xf7,0x9c,0xf7,
    0x9c,0xf7,0x9c,0xf7,0x9c,0xf7,0x9c,0xf7,0x9c,0xf7,0x9c,0xf7,0x9c,0xf7,0x9c,0xf7,0x9c,0xf7,0x9c,0xf7,0x7c,0xf7,0x9c,0xf7,
    0x69,0x62,0x26,0xca,0x66,0xf6,0x00,0xb1,0x8b,0xfa,0x54,0xfd,0x49,0xfa,0xe4,0xf0,0x62,0xf0,0x21,0xe8,0x00,0xe0,0x00,0xe0,
    0x00,0xd8,0x00,0xd0,0x00,0xd0,0x00,0xd0,0x20,0xd0,0x00,0xd0,0xa3,0xa8,0x65,0xdd,0x20,0x79,0x00,0x68,0x40,0x78,0x00,0x78,
    0x89,0x62,0x9c,0xf7,0x7c,0xf7,0x9c,0xf7,0x9c,0xf7,0x9c,0xf7,0x9c,0xf7,0x9c,0xf7,0x9c,0xf7,0x9c,0xf7,0x9c,0xf7,0x9c,0xf7,
    0x9c,0xf7,0x9c,0xf7,0x9c,0xf7,0x9c,0xf7,0x9c,0xf7,0x9c,0xf7,0x9c,0xf7,0x9c,0xf7,0x9c,0xf7,0x7c,0xf7,0x9c,0xf7,0xf2,0x9c,
    0xc3,0x98,0x48,0xfe,0x40,0xb2,0xc5,0xe8,0x91,0xfc,0xaa,0xfa,0xe4,0xf0,0x62,0xf0,0x21,0xe8,0x20,0xe0,0x00,0xe0,0x00,0xd8,
    0x00,0xd8,0x00,0xd0,0x00,0xd0,0x20,0xc8,0x20,0xc8,0x00,0xc0,0x04,0xba,0x03,0xd5,0x20,0x60,0x00,0x60,0x20,0x78,0x00,0x60,
    0x91,0x9c,0x9c,0xf7,0x7b,0xf7,0x9c,0xf7,0x9c,0xf7,0x9c,0xf7,0x9c,0xf7,0x9c,0xf7,0x9c,0xf7,0x9c,0xf7,0x9c,0xf7,0x9c,0xf7,
    0x9c,0xf7,0x9c,0xf7,0x9c,0xf7,0x9c,0xf7,0x9c,0xf7,0x9c,0xf7,0x9c,0xf7,0x9c,0xf7,0x7c,0xf7,0x7c,0xf7,0xfa,0xe6,0xa3,0x58,
    0xa9,0xfc,0x82,0xcc,0x01,0xd0,0x4d,0xfb,0xab,0xf2,0x04,0xf1,0x62,0xf0,0x21,0xe8,0x20,0xe0,0x00,0xe0,0x00,0xd8,0x00,0xd8,
    0x00,0xd0,0x00,0xd0,0x00,0xd0,0x00,0xc8,0x20,0xc8,0x00,0xb8,0x45,0xc3,0xe1,0xbb,0x00,0x50,0x20,0x50,0x00,0x70,0x20,0x40,
    0x37,0xce,0x9c,0xf7,0x7c,0xf7,0x9c,0xf7,0x9c,0xf7,0x9c,0xf7,0x9c,0xf7,0x9c,0xf7,0x9c,0xf7,0x9c,0xf7,0x9c,0xf7,0x9c,0xf7,
    0x9c,0xf7,0x9c,0xf7,0x9c,0xf7,0x9c,0xf7,0x9c,0xf7,0x9c,0xf7,0x9c,0xf7,0x9c,0xf7,0x7c,0xf7,0x9c,0xf7,0x2b,0x73,0x26,0xc2,
    0x25,0xee,0x80,0xb0,0x46,0xf9,0xcb,0xfa,0x25,0xf1,0x42,0xe8,0x20,0xe0,0x00,0xe0,0x00,0xe0,0x00,0xd8,0x00,0xd0,0x00,0xd0,
    0x00,0xd0,0x00,0xc8,0x00,0xc8,0x00,0xc8,0x20,0xc8,0x00,0xa8,0x66,0xcc,0xc0,0xa2,0x00,0x48,0x20,0x50,0x00,0x60,0x24,0x49,
    0x5b,0xf7,0x9c,0xf7,0x9c,0xf7,0x9c,0xf7,0x9c,0xf7,0x9c,0xf7,0x9c,0xf7,0x9c,0xf7,0x9c,0xf7,0x9c,0xf7,0x9c,0xf7,0x9c,0xf7,
    0x9c,0xf7,0x9c,0xf7,0x9c,0xf7,0x9c,0xf7,0x9c,0xf7,0x9c,0xf7,0x9c,0xf7,0x7c,0xf7,0x9c,0xf7,0x57,0xce,0x62,0x68,0xa8,0xfd,
    0x01,0xbb,0x22,0xe0,0x69,0xfa,0x04,0xf1,0x62,0xe8,0x21,0xe0,0x00,0xd8,0x00,0xd8,0x00,0xd8,0x00,0xd0,0x00,0xd0,0x00,0xc8,
    0x00,0xc8,0x00,0xc8,0x00,0xc8,0x00,0xc0,0x00,0xc8,0x41,0xa0,0x05,0xd5,0x80,0x89,0x00,0x48,0x40,0x50,0x00,0x58,0xa9,0x6a,
    0x9c,0xf7,0x7c,0xf7,0x9c,0xf7,0x9c,0xf7,0x9c,0xf7,0x9c,0xf7,0x9c,0xf7,0x9c,0xf7,0x9c,0xf7,0x9c,0xf7,0x9c,0xf7,0x9c,0xf7,
    0x9c,0xf7,0x9c,0xf7,0x9c,0xf7,0x9c,0xf7,0x9c,0xf7,0x9c,0xf7,0x9c,0xf7,0x7c,0xf7,0x9c,0xf7,0xaa,0x6a,0xa6,0xca,0xa4,0xe5,
    0x20,0xc0,0x45,0xf9,0x66,0xf1,0x21,0xe8,0x20,0xe0,0x00,0xe0,0x00,0xd8,0x20,0xd0,0x00,0xd0,0x00,0xc8,0x00,0xc8,0x20,0xc8,
    0x00,0xc8,0x00,0xc0,0x00,0xc0,0x20,0xb8,0x00,0xc0,0xe3,0xa8,0x64,0xdd,0xe0,0x78,0x00,0x40,0x40,0x50,0x00,0x48,0x2f,0x8c,
    0x9c,0xf7,0x7b,0xf7,0x9c,0xf7,0x9c,0xf7,0x9c,0xf7,0x9c,0xf7,0x9c,0xf7,0x9c,0xf7,0x9c,0xf7,0x9c,0xf7,0x9c,0xf7,0x9c,0xf7,
    0x9c,0xf7,0x9c,0xf7,0x9c,0xf7,0x9c,0xf7,0x9c,0xf7,0x9c,0xf7,0x7c,0xf7,0x9c,0xf7,0x98,0xd6,0x62,0x60,0x47,0xfd,0x80,0xb2,
    0x22,0xe0,0x86,0xf9,0x62,0xe8,0x20,0xe0,0x00,0xd8,0x00,0xd8,0x00,0xd0,0x00,0xc8,0x00,0xc8,0x00,0xc8,0x00,0xc8,0x20,0xc8,
    0x00,0xc0,0x00,0xc0,0x00,0xb8,0x20,0xb8,0x00,0xb8,0xc4,0xb1,0x03,0xd5,0x20,0x60,0x00,0x38,0x20,0x50,0x00,0x38,0x74,0xb5,
    0x9c,0xf7,0x7c,0xf7,0x9c,0xf7,0x9c,0xf7,0x9c,0xf7,0x9c,0xf7,0x9c,0xf7,0x9c,0xf7,0x9c,0xf7,0x9c,0xf7,0x9c,0xf7,0x9c,0xf7,
    0x9c,0xf7,0x9c,0xf7,0x9c,0xf7,0x9c,0xf7,0x9c,0xf7,0x9c,0xf7,0x7b,0xf7,0x9c,0xf7,0xad,0x7b,0x25,0xba,0xa4,0xe5,0x40,0xb0,
    0xe4,0xf8,0x82,0xf0,0x00,0xe0,0x20,0xd8,0x00,0xd0,0x00,0xd0,0x00,0xc8,0x00,0xc8,0x00,0xc8,0x00,0xc0,0x00,0xc8,0x00,0xc0,
    0x00,0xc0,0x00,0xc0,0x00,0xb8,0x20,0xb8,0x00,0xb0,0x64,0xba,0x82,0xcc,0x00,0x50,0x00,0x38,0x00,0x48,0x20,0x30,0x78,0xd6,
    0x9c,0xf7,0x7c,0xf7,0x9c,0xf7,0x9c,0xf7,0x9c,0xf7,0x9c,0xf7,0x9c,0xf7,0x9c,0xf7,0x9c,0xf7,0x9c,0xf7,0x9c,0xf7,0x9c,0xf7,
    0x9c,0xf7,0x9c,0xf7,0x9c,0xf7,0x9c,0xf7,0x9c,0xf7,0x9c,0xf7,0x9c,0xf7,0x5b,0xef,0x04,0x59,0xa6,0xf4,0x61,0xbb,0x01,0xd0,
    0xe4,0xf0,0x20,0xe0,0x00,0xd0,0x00,0xd0,0x00,0xc8,0x00,0xc8,0x00,0xc0,0x00,0xc0,0x20,0xc0,0x00,0xc0,0x00,0xc0,0x00,0xc0,
    0x00,0xb8,0x00,0xb8,0x00,0xb8,0x20,0xb8,0x00,0xa8,0x04,0xbb,0xe1,0xbb,0x00,0x50,0x20,0x38,0x00,0x40,0xc2,0x38,0x3a,0xef,
    0x9c,0xf7,0x9c,0xf7,0x9c,0xf7,0x9c,0xf7,0x9c,0xf7,0x9c,0xf7,0x9c,0xf7,0x9c,0xf7,0x9c,0xf7,0x9c,0xf7,0x9c,0xf7,0x9c,0xf7,
    0x9c,0xf7,0x9c,0xf7,0x9c,0xf7,0x9c,0xf7,0x9c,0xf7,0x7c,0xf7,0x9c,0xf7,0xb5,0xbd,0xc3,0x80,0xa5,0xf5,0x20,0xa9,0x42,0xe8,
    0x61,0xe0,0x00,0xd0,0x00,0xd0,0x00,0xc8,0x00,0xc8,0x20,0xc0,0x00,0xc0,0x00,0xc0,0x00,0xb8,0x00,0xc0,0x00,0xb8,0x20,0xc0,
    0x00,0xb8,0x00,0xb8,0x00,0xb0,0x20,0xb0,0x00,0xa8,0x85,0xc3,0x81,0xbb,0x00,0x48,0x20,0x40,0x00,0x48,0x45,0x41,0x9c,0xf7,
    0x9c,0xf7,0x9c,0xf7,0x9c,0xf7,0x9c,0xf7,0x9c,0xf7,0x9c,0xf7,0x9c,0xf7,0x9c,0xf7,0x9c,0xf7,0x9c,0xf7,0x9c,0xf7,0x9c,0xf7,
    0x9c,0xf7,0x9c,0xf7,0x9c,0xf7,0x9c,0xf7,0x9c,0xf7,0x7b,0xf7,0x9c,0xf7,0x6c,0x7b,0x64,0xba,0xe3,0xd4,0x00,0xa8,0x62,0xe8,
    0x00,0xd0,0x00,0xc8,0x20,0xc8,0x00,0xc0,0x00,0xc0,0x00,0xc0,0x00,0xb8,0x00,0xb8,0x00,0xb8,0x00,0xb8,0x20,0xb8,0x20,0xb8,
    0x00,0xb8,0x00,0xb0,0x00,0xa8,0x20,0xb8,0x00,0xa0,0xe4,0xc3,0x20,0xab,0x00,0x50,0x40,0x50,0x00,0x48,0x07,0x5a,0x9c,0xf7,
    0x7c,0xf7,0x9c,0xf7,0x9c,0xf7,0x9c,0xf7,0x9c,0xf7,0x9c,0xf7,0x9c,0xf7,0x9c,0xf7,0x9c,0xf7,0x9c,0xf7,0x9c,0xf7,0x9c,0xf7,
    0x9c,0xf7,0x9c,0xf7,0x9c,0xf7,0x9c,0xf7,0x9c,0xf7,0x9c,0xf7,0x9c,0xf7,0x86,0x59,0xe4,0xdb,0x61,0xbb,0x00,0xc0,0x41,0xe0,
    0x00,0xc8,0x00,0xc0,0x00,0xb8,0x00,0xb8,0x00,0xb8,0x00,0xb8,0x00,0xb8,0x00,0xb8,0x00,0xb8,0x00,0xb0,0x00,0xb8,0x00,0xb8,
    0x00,0xb0,0x00,0xb0,0x00,0xa8,0x20,0xb0,0x00,0x98,0x04,0xc4,0xa0,0xa2,0x00,0x50,0x40,0x50,0x00,0x50,0xa9,0x6a,0x9c,0xf7,
    0x7c,0xf7,0x9c,0xf7,0x9c,0xf7,0x9c,0xf7,0x9c,0xf7,0x9c,0xf7,0x9c,0xf7,0x9c,0xf7,0x9c,0xf7,0x9c,0xf7,0x9c,0xf7,0x9c,0xf7,
    0x9c,0xf7,0x9c,0xf7,0x9c,0xf7,0x9c,0xf7,0x9c,0xf7,0x9c,0xf7,0xf9,0xe6,0x82,0x58,0x04,0xed,0x00,0xaa,0x21,0xd0,0x40,0xd0,
    0x20,0xc0,0x20,0xb8,0x20,0xb8,0x20,0xb8,0x20,0xb0,0x20,0xb0,0x20,0xb0,0x20,0xb0,0x20,0xb0,0x20,0xb8,0x20,0xb0,0x20,0xb0,
    0x20,0xb0,0x20,0xa8,0x20,0xa8,0x20,0xa8,0x20,0x98,0x44,0xcc,0x60,0x92,0x00,0x58,0x40,0x60,0x00,0x58,0x0b,0x73,0x9c,0xf7,
    0x7b,0xf7,0x9c,0xf7,0x9c,0xf7,0x9c,0xf7,0x9c,0xf7,0x9c,0xf7,0x9c,0xf7,0x9c,0xf7,0x9c,0xf7,0x9c,0xf7,0x9c,0xf7,0x9c,0xf7,
    0x9c,0xf7,0x9c,0xf7,0x9c,0xf7,0x9c,0xf7,0x7c,0xf7,0x9c,0xf7,0xd6,0xc5,0xc2,0x70,0x65,0xe5,0xa0,0xa0,0x00,0xd0,0x00,0xb8,
    0x00,0xb0,0x00,0xb0,0x00,0xb0,0x00,0xa8,0x00,0xa8,0x00,0xa8,0x00,0xa8,0x00,0xa8,0x00,0xa8,0x00,0xa8,0x00,0xa8,0x00,0xa8,
    0x00,0xa8,0x00,0xa0,0x00,0xa0,0x00,0xa8,0x00,0x88,0x64,0xcc,0x60,0x92,0x00,0x58,0x40,0x60,0x00,0x58,0x6c,0x7b,0x9c,0xf7,
    0x7b,0xf7,0x9c,0xf7,0x9c,0xf7,0x9c,0xf7,0x9c,0xf7,0x9c,0xf7,0x9c,0xf7,0x9c,0xf7,0x9c,0xf7,0x9c,0xf7,0x9c,0xf7,0x9c,0xf7,
    0x9c,0xf7,0x9c,0xf7,0x9c,0xf7,0x9c,0xf7,0x7b,0xf7,0x9c,0xf7,0xb1,0x9c,0xc3,0x99,0x84,0xed,0xe4,0xa1,0xa4,0xb9,0xa4,0xb1,
    0xa4,0xa9,0xa3,0xa9,0xa3,0xa9,0xa3,0xa9,0xa3,0xa1,0xa3,0xa1,0x83,0xa1,0x83,0xa1,0xa3,0xa1,0x83,0xa9,0x83,0xa1,0x83,0xa1,
    0xa3,0xa1,0xa4,0xa1,0xa3,0x99,0xa3,0xa9,0xa4,0x99,0x05,0xd5,0x40,0x92,0x00,0x68,0x40,0x70,0x00,0x58,0xad,0x83,0x9c,0xf7,
    0x7b,0xf7,0x9c,0xf7,0x9c,0xf7,0x9c,0xf7,0x9c,0xf7,0x9c,0xf7,0x9c,0xf7,0x9c,0xf7,0x9c,0xf7,0x9c,0xf7,0x9c,0xf7,0x9c,0xf7,
    0x9c,0xf7,0x9c,0xf7,0x9c,0xf7,0x9c,0xf7,0x7b,0xf7,0x9c,0xf7,0xad,0x83,0x04,0xb2,0xc2,0xdc,0xc3,0xcc,0xe3,0xcc,0xe3,0xcc,
    0xe3,0xcc,0xe3,0xcc,0xe3,0xcc,0xc3,0xd4,0xc3,0xd4,0xc3,0xcc,0xc3,0xcc,0xa3,0xcc,0xc3,0xcc,0xe3,0xd4,0xa2,0xd4,0xc3,0xcc,
    0xe3,0xd4,0xe3,0xd4,0xc3,0xd4,0xc3,0xcc,0xa3,0xcc,0xe2,0xdc,0xe0,0x89,0x00,0x80,0x40,0x78,0x00,0x60,0xee,0x83,0x9c,0xf7,
    0x7b,0xf7,0x9c,0xf7,0x9c,0xf7,0x9c,0xf7,0x9c,0xf7,0x9c,0xf7,0x9c,0xf7,0x9c,0xf7,0x9c,0xf7,0x9c,0xf7,0x9c,0xf7,0x9c,0xf7,
    0x9c,0xf7,0x9c,0xf7,0x9c,0xf7,0x9c,0xf7,0x7b,0xf7,0x9c,0xf7,0x50,0x94,0x00,0x50,0x40,0x60,0x00,0x58,0x00,0x70,0x00,0x70,
    0x00,0x60,0x00,0x50,0x00,0x50,0x00,0x50,0x20,0x50,0x20,0x50,0x00,0x48,0x00,0x48,0x00,0x48,0x20,0x48,0x20,0x48,0x20,0x50,
    0x20,0x48,0x20,0x48,0x20,0x48,0x00,0x48,0x00,0x40,0x20,0x48,0x41,0x68,0xc2,0xb8,0x40,0x88,0x00,0x60,0x0f,0x84,0x9c,0xf7,
    0x7b,0xf7,0x9c,0xf7,0x9c,0xf7,0x9c,0xf7,0x9c,0xf7,0x9c,0xf7,0x9c,0xf7,0x9c,0xf7,0x9c,0xf7,0x9c,0xf7,0x9c,0xf7,0x9c,0xf7,
    0x9c,0xf7,0x9c,0xf7,0x9c,0xf7,0x9c,0xf7,0x9c,0xf7,0x7c,0xf7,0x5b,0xf7,0x07,0x4a,0x00,0x38,0x20,0x50,0x00,0x80,0x00,0x98,
    0x00,0x78,0x20,0x60,0x20,0x48,0x00,0x38,0x00,0x38,0x00,0x38,0x20,0x38,0x20,0x38,0x20,0x30,0x20,0x30,0x00,0x30,0x00,0x30,
    0x00,0x30,0x20,0x28,0x00,0x28,0x00,0x28,0x00,0x28,0x00,0x28,0x20,0x28,0x61,0x78,0xe3,0xd0,0x00,0x68,0x2f,0x8c,0x9c,0xf7,
    0x7b,0xf7,0x9c,0xf7,0x9c,0xf7,0x9c,0xf7,0x9c,0xf7,0x9c,0xf7,0x9c,0xf7,0x9c,0xf7,0x9c,0xf7,0x9c,0xf7,0x9c,0xf7,0x9c,0xf7,
    0x9c,0xf7,0x9c,0xf7,0x9c,0xf7,0x9c,0xf7,0x9c,0xf7,0x9c,0xf7,0x9c,0xf7,0x1a,0xef,0x65,0x41,0x00,0x50,0x00,0x50,0x00,0x80,
    0x00,0x80,0x00,0x70,0x00,0x58,0x00,0x50,0x00,0x48,0x00,0x40,0x00,0x40,0x00,0x40,0x00,0x40,0x00,0x40,0x00,0x40,0x00,0x40,
    0x00,0x40,0x00,0x38,0x00,0x38,0x00,0x38,0x00,0x38,0x00,0x38,0x00,0x38,0x00,0x30,0x61,0x80,0x41,0x80,0x50,0x8c,0x9c,0xf7,
    0x7b,0xf7,0x9c,0xf7,0x9c,0xf7,0x9c,0xf7,0x9c,0xf7,0x9c,0xf7,0x9c,0xf7,0x9c,0xf7,0x9c,0xf7,0x9c,0xf7,0x9c,0xf7,0x9c,0xf7,
    0x9c,0xf7,0x9c,0xf7,0x9c,0xf7,0x9c,0xf7,0x9c,0xf7,0x9c,0xf7,0x7c,0xf7,0x9c,0xf7,0x57,0xd6,0x45,0x39,0xc3,0x30,0xc3,0x30,
    0xc3,0x38,0xc3,0x38,0xc3,0x30,0xc3,0x30,0xc3,0x30,0xc3,0x30,0xc3,0x30,0xe3,0x30,0xe3,0x30,0xc3,0x30,0xc3,0x30,0xc3,0x30,
    0xc3,0x30,0xc3,0x28,0xc3,0x28,0xc3,0x28,0xc3,0x28,0xe3,0x30,0xc3,0x30,0xc3,0x28,0xc3,0x28,0x44,0x39,0x57,0xce,0x9c,0xf7,
    0x7c,0xf7,0x9c,0xf7,0x9c,0xf7,0x9c,0xf7,0x9c,0xf7,0x9c,0xf7,0x9c,0xf7,0x9c,0xf7,0x9c,0xf7,0x9c,0xf7,0x9c,0xf7,0x9c,0xf7,
    0x9c,0xf7,0x9c,0xf7,0x9c,0xf7,0x9c,0xf7,0x9c,0xf7,0x9c,0xf7,0x9c,0xf7,0x9c,0xf7,0x9c,0xf7,0x9c,0xf7,0x9c,0xf7,0x9c,0xf7,
    0x9c,0xf7,0x9c,0xf7,0x9c,0xf7,0x9c,0xf7,0x9c,0xf7,0x9c,0xf7,0x9c,0xf7,0x9c,0xf7,0x9c,0xf7,0x9c,0xf7,0x9c,0xf7,0x9c,0xf7,
    0x9c,0xf7,0x9c,0xf7,0x9c,0xf7,0x9c,0xf7,0x9c,0xf7,0x9c,0xf7,0x9c,0xf7,0x9c,0xf7,0x9c,0xf7,0x9c,0xf7,0x9c,0xf7,0x9c,0xf7,
    0x9c,0xf7,0x9c,0xf7,0x9c,0xf7,0x9c,0xf7,0x9c,0xf7,0x9c,0xf7,0x9c,0xf7,0x9c,0xf7,0x9c,0xf7,0x9c,0xf7,0x9c,0xf7,0x9c,0xf7,
    0x9c,0xf7,0x9c,0xf7,0x9c,0xf7,0x9c,0xf7,0x9c,0xf7,0x9c,0xf7,0x9c,0xf7,0x9c,0xf7,0x9c,0xf7,0x9c,0xf7,0x9c,0xf7,0x9c,0xf7,
    0x9c,0xf7,0x9c,0xf7,0x9c,0xf7,0x9c,0xf7,0x9c,0xf7,0x9c,0xf7,0x9c,0xf7,0x9c,0xf7,0x9c,0xf7,0x9c,0xf7,0x9c,0xf7,0x9c,0xf7,
    0x9c,0xf7,0x9c,0xf7,0x9c,0xf7,0x9c,0xf7,0x9c,0xf7,0x9c,0xf7,0x9c,0xf7,0x9c,0xf7,0x9c,0xf7,0x9c,0xf7,0x9c,0xf7,0x9c,0xf7,
    0x9c,0xf7,0x9c,0xf7,0x9c,0xf7,0x9c,0xf7,0x9c,0xf7,0x9c,0xf7,0x9c,0xf7,0x9c,0xf7,0x9c,0xf7,0x9c,0xf7,0x9c,0xf7,0x9c,0xf7,
    0x9c,0xf7,0x9c,0xf7,0x9c,0xf7,0x9c,0xf7,0x9c,0xf7,0x9c,0xf7,0x9c,0xf7,0x9c,0xf7,0x9c,0xf7,0x9c,0xf7,0x9c,0xf7,0x9c,0xf7,
    0x9c,0xf7,0x9c,0xf7,0x9c,0xf7,0x9c,0xf7,0x9c,0xf7,0x9c,0xf7,0x9c,0xf7,0x9c,0xf7,0x9c,0xf7,0x9c,0xf7,0x9c,0xf7,0x9c,0xf7,
    0x9c,0xf7,0x9c,0xf7,0x9c,0xf7,0x9c,0xf7,0x9c,0xf7,0x9c,0xf7,0x9c,0xf7,0x9c,0xf7,0x9c,0xf7,0x9c,0xf7,0x9c,0xf7,0x9c,0xf7,
    0x9c,0xf7,0x9c,0xf7,0x9c,0xf7,0x9c,0xf7,0x9c,0xf7,0x9c,0xf7,0x9c,0xf7,0x9c,0xf7,0x9c,0xf7,0x9c,0xf7,0x9c,0xf7,0x9c,0xf7,
    0x9c,0xf7,0x9c,0xf7,0x9c,0xf7,0x9c,0xf7,0x9c,0xf7,0x9c,0xf7,0x9c,0xf7,0x9c,0xf7,0x9c,0xf7,0x9c,0xf7,0x9c,0xf7,0x9c,0xf7,
    0x9c,0xf7,0x9c,0xf7,0x9c,0xf7,0x9c,0xf7,0x9c,0xf7,0x9c,0xf7,0x9c,0xf7,0x9c,0xf7,0x9c,0xf7,0x9c,0xf7,0x9c,0xf7,0x9c,0xf7,
    0x9c,0xf7,0x9c,0xf7,0x9c,0xf7,0x9c,0xf7,0x9c,0xf7,0x9c,0xf7,0x9c,0xf7,0x9c,0xf7,0x9c,0xf7,0x9c,0xf7,0x9c,0xf7,0x9c,0xf7,
    0x9c,0xf7,0x9c,0xf7,0x9c,0xf7,0x9c,0xf7,0x9c,0xf7,0x9c,0xf7,0x9c,0xf7,0x9c,0xf7,0x9c,0xf7,0x9c,0xf7,0x9c,0xf7,0x9c,0xf7,
    0x9c,0xf7,0x9c,0xf7,0x9c,0xf7,0x9c,0xf7,0x9c,0xf7,0x9c,0xf7,0x9c,0xf7,0x9c,0xf7,0x9c,0xf7,0x9c,0xf7,0x9c,0xf7,0x9c,0xf7,
    0x9c,0xf7,0x9c,0xf7,0x9c,0xf7,0x9c,0xf7,0x9c,0xf7,0x9c,0xf7,0x9c,0xf7,0x9c,0xf7,0x9c,0xf7,0x9c,0xf7,0x9c,0xf7,0x9c,0xf7,
    0x9c,0xf7,0x9c,0xf7,0x9c,0xf7,0x9c,0xf7,0x9c,0xf7,0x9c,0xf7,0x9c,0xf7,0x9c,0xf7,0x9c,0xf7,0x9c,0xf7,0x9c,0xf7,0x9c,0xf7,
    0x9c,0xf7,0x9c,0xf7,0x9c,0xf7,0x9c,0xf7,0x9c,0xf7,0x9c,0xf7,0x9c,0xf7,0x9c,0xf7,0x9c,0xf7,0x9c,0xf7,0x9c,0xf7,0x9c,0xf7,
    0x9c,0xf7,0x9c,0xf7,0x9c,0xf7,0x9c,0xf7,0x9c,0xf7,0x9c,0xf7,0x9c,0xf7,0x9c,0xf7,0x9c,0xf7,0x9c,0xf7,0x9c,0xf7,0x9c,0xf7,
    0x9c,0xf7,0x9c,0xf7,0x9c,0xf7,0x9c,0xf7,0x9c,0xf7,0x9c,0xf7,0x9c,0xf7,0x9c,0xf7,0x9c,0xf7,0x9c,0xf7,0x9c,0xf7,0x9c,0xf7,
    0x9c,0xf7,0x9c,0xf7,0x9c,0xf7,0x9c,0xf7,0x9c,0xf7,0x9c,0xf7,0x9c,0xf7,0x9c,0xf7,0x9c,0xf7,0x9c,0xf7,0x9c,0xf7,0x9c,0xf7,
    0x9c,0xf7,0x9c,0xf7,0x9c,0xf7,0x9c,0xf7,0x9c,0xf7,0x9c,0xf7,0x9c,0xf7,0x9c,0xf7,0x9c,0xf7,0x9c,0xf7,0x9c,0xf7,0x9c,0xf7,
    0x9c,0xf7,0x9c,0xf7,0x9c,0xf7,0x9c,0xf7,0x9c,0xf7,0x9c,0xf7,0x9c,0xf7,0x9c,0xf7,0x9c,0xf7,0x9c,0xf7,0x9c,0xf7,0x9c,0xf7,
    0x9c,0xf7,0x9c,0xf7,0x9c,0xf7,0x9c,0xf7,0x9c,0xf7,0x9c,0xf7,0x9c,0xf7,0x9c,0xf7,0x9c,0xf7,0x9c,0xf7,0x9c,0xf7,0x9c,0xf7,
    0x9c,0xf7,0x9c,0xf7,0x9c,0xf7,0x9c,0xf7,0x9c,0xf7,0x9c,0xf7,0x9c,0xf7,0x9c,0xf7,0x9c,0xf7,0x9c,0xf7,0x9c,0xf7,0x9c,0xf7,
    0x9c,0xf7,0x9c,0xf7,0x9c,0xf7,0x9c,0xf7,0x9c,0xf7,0x9c,0xf7,0x9c,0xf7,0x9c,0xf7,0x9c,0xf7,0x9c,0xf7,0x9c,0xf7,0x9c,0xf7,
    0x9c,0xf7,0x9c,0xf7,0x9c,0xf7,0x9c,0xf7,0x9c,0xf7,0x9c,0xf7,0x9c,0xf7,0x9c,0xf7,0x9c,0xf7,0x9c,0xf7,0x9c,0xf7,0x9c,0xf7,
    0x9c,0xf7,0x9c,0xf7,0x9c,0xf7,0x9c,0xf7,0x9c,0xf7,0x9c,0xf7,0x9c,0xf7,0x9c,0xf7,0x9c,0xf7,0x9c,0xf7,0x9c,0xf7,0x9c,0xf7,
    0x9c,0xf7,0x9c,0xf7,0x9c,0xf7,0x9c,0xf7,0x9c,0xf7,0x9c,0xf7,0x9c,0xf7,0x9c,0xf7,0x9c,0xf7,0x9c,0xf7,0x9c,0xf7,0x9c,0xf7,
    0x9c,0xf7,0x9c,0xf7,0x9c,0xf7,0x9c,0xf7,0x9c,0xf7,0x9c,0xf7,0x9c,0xf7,0x9c,0xf7,0x9c,0xf7,0x9c,0xf7,0x9c,0xf7,0x9c,0xf7,
    0x9c,0xf7,0x9c,0xf7,0x9c,0xf7,0x9c,0xf7,0x9c,0xf7,0x9c,0xf7,0x9c,0xf7,0x9c,0xf7,0x9c,0xf7,0x9c,0xf7,0x9c,0xf7,0x9c,0xf7,
    0x9c,0xf7,0x9c,0xf7,0x9c,0xf7,0x9c,0xf7,0x9c,0xf7,0x9c,0xf7,0x9c,0xf7,0x9c,0xf7,0x9c,0xf7,0x9c,0xf7,0x9c,0xf7,0x9c,0xf7,
    0x9c,0xf7,0x9c,0xf7,0x9c,0xf7,0x9c,0xf7,0x9c,0xf7,0x9c,0xf7,0x9c,0xf7,0x9c,0xf7,0x9c,0xf7,0x9c,0xf7,0x9c,0xf7,0x9c,0xf7,
    0x9c,0xf7,0x9c,0xf7,0x9c,0xf7,0x9c,0xf7,0x9c,0xf7,0x9c,0xf7,0x9c,0xf7,0x9c,0xf7,0x9c,0xf7,0x9c,0xf7,0x9c,0xf7,0x9c,0xf7,
};

const lv_image_dsc_t ARCADE_SLOT_SYMBOLS[SLOT_SYMBOL_COUNT] = {
    {.header={.magic=LV_IMAGE_HEADER_MAGIC, .cf=LV_COLOR_FORMAT_RGB565, .w=48, .h=64, .stride=96}, .data_size=6144, .data=slot_cherry_pixels},
    {.header={.magic=LV_IMAGE_HEADER_MAGIC, .cf=LV_COLOR_FORMAT_RGB565, .w=48, .h=64, .stride=96}, .data_size=6144, .data=slot_lemon_pixels},
    {.header={.magic=LV_IMAGE_HEADER_MAGIC, .cf=LV_COLOR_FORMAT_RGB565, .w=48, .h=64, .stride=96}, .data_size=6144, .data=slot_bar_pixels},
    {.header={.magic=LV_IMAGE_HEADER_MAGIC, .cf=LV_COLOR_FORMAT_RGB565, .w=48, .h=64, .stride=96}, .data_size=6144, .data=slot_bell_pixels},
    {.header={.magic=LV_IMAGE_HEADER_MAGIC, .cf=LV_COLOR_FORMAT_RGB565, .w=48, .h=64, .stride=96}, .data_size=6144, .data=slot_plum_pixels},
    {.header={.magic=LV_IMAGE_HEADER_MAGIC, .cf=LV_COLOR_FORMAT_RGB565, .w=48, .h=64, .stride=96}, .data_size=6144, .data=slot_seven_pixels},
};

static const uint8_t slot_small_cherry_pixels[2304] __attribute__((aligned(4))) = {
    0x9c,0xf7,0x9c,0xf7,0x9c,0xf7,0x9c,0xf7,0x9c,0xf7,0x9c,0xf7,0x9c,0xf7,0x9c,0xf7,0x9c,0xf7,0x9c,0xf7,0x9c,0xf7,0x9c,0xf7,
    0x9c,0xf7,0x9c,0xf7,0x9c,0xf7,0x9c,0xf7,0x9c,0xf7,0x9c,0xf7,0x9c,0xf7,0x9c,0xf7,0x9c,0xf7,0x9c,0xf7,0x9c,0xf7,0x9c,0xf7,
    0x9c,0xf7,0x9c,0xf7,0x9c,0xf7,0x9c,0xf7,0x9c,0xf7,0x9c,0xf7,0x9c,0xf7,0x9c,0xf7,0x9c,0xf7,0x9c,0xf7,0x9c,0xf7,0x9c,0xf7,
    0x9c,0xf7,0x9c,0xf7,0x9c,0xf7,0x9c,0xf7,0x9c,0xf7,0x9c,0xf7,0x9c,0xf7,0x9c,0xf7,0x9c,0xf7,0x9c,0xf7,0x9c,0xf7,0x9c,0xf7,
    0x9c,0xf7,0x9c,0xf7,0x9c,0xf7,0x9c,0xf7,0x9c,0xf7,0x9c,0xf7,0x9c,0xf7,0x9c,0xf7,0x9c,0xf7,0x9c,0xf7,0x9c,0xf7,0x9c,0xf7,
    0x9c,0xf7,0x9c,0xf7,0x9c,0xf7,0x9c,0xf7,0x9c,0xf7,0x9c,0xf7,0x9c,0xf7,0x9c,0xf7,0x9c,0xf7,0x9c,0xf7,0x9c,0xf7,0x9c,0xf7,
    0x9c,0xf7,0x9c,0xf7,0x9c,0xf7,0x9c,0xf7,0x9c,0xf7,0x9c,0xf7,0x9c,0xf7,0x9c,0xf7,0x9c,0xf7,0x9c,0xf7,0x9c,0xf7,0x9c,0xf7,
    0x9c,0xf7,0x9c,0xf7,0x9c,0xf7,0x9c,0xf7,0x9c,0xf7,0x9c,0xf7,0x9c,0xf7,0x9c,0xf7,0x9c,0xf7,0x9c,0xf7,0x9c,0xf7,0x9c,0xf7,
    0x9c,0xf7,0x9c,0xf7,0x9c,0xf7,0x9c,0xf7,0x9c,0xf7,0x9c,0xf7,0x9c,0xf7,0x9c,0xf7,0x9c,0xf7,0x9c,0xf7,0x9c,0xf7,0x9c,0xf7,
    0x9c,0xf7,0x9c,0xf7,0x9c,0xf7,0x7c,0xf7,0x7c,0xf7,0xf5,0xc5,0xa6,0x7a,0x45,0x62,0xfa,0xe6,0x7b,0xf7,0x7b,0xf7,0x7b,0xf7,
    0x7c,0xf7,0x9c,0xf7,0x9c,0xf7,0x9c,0xf7,0x9c,0xf7,0x9c,0xf7,0x9c,0xf7,0x9c,0xf7,0x9c,0xf7,0x9c,0xf7,0x9c,0xf7,0x9c,0xf7,
    0x9c,0xf7,0x9c,0xf7,0x9c,0xf7,0x9c,0xf7,0x9c,0xf7,0x9c,0xf7,0x9c,0xf7,0x9c,0xf7,0x9c,0xf7,0x9c,0xf7,0x9c,0xf7,0x7c,0xf7,
    0x9c,0xf7,0x6a,0x83,0x05,0x93,0x20,0x51,0xb5,0xbd,0x9c,0xf7,0x9c,0xf7,0x9c,0xf7,0x9c,0xf7,0x9c,0xf7,0x7c,0xf7,0x9c,0xf7,
    0x9c,0xf7,0x9c,0xf7,0x9c,0xf7,0x9c,0xf7,0x9c,0xf7,0x9c,0xf7,0x9c,0xf7,0x9c,0xf7,0x9c,0xf7,0x9c,0xf7,0x9c,0xf7,0x9c,0xf7,
    0x9c,0xf7,0x9c,0xf7,0x9c,0xf7,0x9c,0xf7,0x9c,0xf7,0x9c,0xf7,0x9c,0xf7,0x9c,0xf7,0x1a,0xe7,0xc5,0x7a,0x22,0x6a,0x60,0x31,
    0xa8,0x6b,0xcf,0x94,0x30,0xa5,0x72,0xad,0x78,0xd6,0x9c,0xf7,0x9c,0xf7,0x7c,0xf7,0x9c,0xf7,0x9c,0xf7,0x9c,0xf7,0x9c,0xf7,
    0x9c,0xf7,0x9c,0xf7,0x9c,0xf7,0x9c,0xf7,0x9c,0xf7,0x9c,0xf7,0x9c,0xf7,0x9c,0xf7,0x9c,0xf7,0x9c,0xf7,0x9c,0xf7,0x9c,0xf7,
    0x9c,0xf7,0x9c,0xf7,0x7b,0xf7,0x9c,0xf7,0x8f,0x9c,0xe3,0x8a,0x01,0x41,0xe4,0x31,0x81,0x53,0x81,0x43,0xe2,0x4b,0xc1,0x4b,
    0x61,0x43,0xa8,0x63,0xd5,0xbd,0x9c,0xf7,0x7c,0xf7,0x9c,0xf7,0x9c,0xf7,0x9c,0xf7,0x9c,0xf7,0x9c,0xf7,0x9c,0xf7,0x9c,0xf7,
    0x9c,0xf7,0x9c,0xf7,0x9c,0xf7,0x9c,0xf7,0x9c,0xf7,0x9c,0xf7,0x9c,0xf7,0x9c,0xf7,0x9c,0xf7,0x7c,0xf7,0x9c,0xf7,0x57,0xd6,
    0x44,0x7b,0xe0,0x49,0x05,0x52,0x4e,0x84,0x20,0x12,0xe2,0x3a,0x02,0x5c,0x87,0x8d,0xc4,0x74,0xc0,0x43,0xe1,0x32,0x8f,0x94,
    0x9c,0xf7,0x7c,0xf7,0x9c,0xf7,0x9c,0xf7,0x9c,0xf7,0x9c,0xf7,0x9c,0xf7,0x9c,0xf7,0x9c,0xf7,0x9c,0xf7,0x9c,0xf7,0x9c,0xf7,
    0x9c,0xf7,0x9c,0xf7,0x9c,0xf7,0x9c,0xf7,0x9c,0xf7,0x9c,0xf7,0x3b,0xef,0xe8,0x83,0xe2,0x41,0xa0,0x31,0xab,0x7b,0xf0,0x9c,
    0x20,0x2b,0xa0,0x1a,0xa1,0x32,0x02,0x5c,0x8a,0x95,0x47,0x8d,0xe0,0x4b,0xc0,0x2a,0x8f,0x94,0x9c,0xf7,0x7c,0xf7,0x9c,0xf7,
    0x9c,0xf7,0x9c,0xf7,0x9c,0xf7,0x9c,0xf7,0x9c,0xf7,0x9c,0xf7,0x9c,0xf7,0x9c,0xf7,0x9c,0xf7,0x9c,0xf7,0x9c,0xf7,0x9c,0xf7,
    0x7c,0xf7,0x9c,0xf7,0x8c,0x94,0xc2,0x5a,0xb1,0x9c,0x82,0x52,0x2d,0x8c,0xb5,0xbd,0x81,0x43,0x43,0x64,0x41,0x33,0xc1,0x2a,
    0x23,0x64,0x69,0x95,0xc5,0x84,0xa0,0x33,0x60,0x22,0x16,0xce,0x9c,0xf7,0x9c,0xf7,0x9c,0xf7,0x9c,0xf7,0x9c,0xf7,0x9c,0xf7,
    0x9c,0xf7,0x9c,0xf7,0x9c,0xf7,0x9c,0xf7,0x9c,0xf7,0x9c,0xf7,0x9c,0xf7,0x7c,0xf7,0x9c,0xf7,0x10,0xad,0x44,0x6b,0x90,0x94,
    0x9c,0xf7,0x82,0x52,0xeb,0x83,0xd9,0xde,0xe1,0x42,0xc5,0x74,0x85,0x74,0x00,0x2b,0xc1,0x32,0x63,0x64,0xa5,0x7c,0xe1,0x4b,
    0x20,0x23,0x69,0x63,0x9c,0xf7,0x9c,0xf7,0x9c,0xf7,0x9c,0xf7,0x9c,0xf7,0x9c,0xf7,0x9c,0xf7,0x9c,0xf7,0x9c,0xf7,0x9c,0xf7,
    0x9c,0xf7,0x9c,0xf7,0x7c,0xf7,0x9c,0xf7,0xd4,0xc5,0xa5,0x7b,0x8b,0x7b,0x9c,0xf7,0x7c,0xf7,0x46,0x73,0x06,0x63,0x9c,0xf7,
    0x68,0x63,0x83,0x74,0x84,0x7c,0x47,0x8d,0xe0,0x22,0x60,0x2a,0x23,0x5c,0x62,0x64,0x40,0x2b,0xa1,0x2a,0x98,0xde,0x9c,0xf7,
    0x9c,0xf7,0x9c,0xf7,0x9c,0xf7,0x9c,0xf7,0x9c,0xf7,0x9c,0xf7,0x9c,0xf7,0x9c,0xf7,0x9c,0xf7,0x7c,0xf7,0x9c,0xf7,0xd9,0xe6,
    0xe7,0x83,0xe6,0x62,0x5b,0xef,0x7c,0xf7,0x9c,0xf7,0x6d,0x94,0xa3,0x5a,0x5b,0xef,0x16,0xce,0x63,0x5b,0x81,0x7c,0xa7,0x84,
    0x02,0x64,0x01,0x2b,0x80,0x2a,0x80,0x3b,0x40,0x2b,0x80,0x1a,0x12,0xa5,0x9c,0xf7,0x9c,0xf7,0x9c,0xf7,0x9c,0xf7,0x9c,0xf7,
    0x9c,0xf7,0x9c,0xf7,0x9c,0xf7,0x9c,0xf7,0x9c,0xf7,0x9c,0xf7,0x9c,0xf7,0x6c,0x94,0x04,0x6b,0x16,0xce,0x9c,0xf7,0x5b,0xf7,
    0x9c,0xf7,0xb4,0xbd,0x64,0x73,0x12,0xad,0x9c,0xf7,0x90,0x94,0x63,0x5b,0x61,0x6c,0x22,0x5c,0xe3,0x53,0x20,0x12,0xc0,0x2a,
    0x40,0x33,0xa0,0x1a,0x2d,0x7c,0x9c,0xf7,0x9c,0xf7,0x9c,0xf7,0x9c,0xf7,0x9c,0xf7,0x7c,0xf7,0x7b,0xf7,0x7c,0xf7,0x9c,0xf7,
    0x5b,0xf7,0x9c,0xf7,0x15,0xc6,0xe6,0x7b,0xcc,0x83,0x9c,0xf7,0x7b,0xf7,0x9c,0xf7,0x9c,0xf7,0x5b,0xef,0x86,0x73,0x27,0x6b,
    0x9c,0xf7,0x9c,0xf7,0xd1,0x9c,0x02,0x53,0xa1,0x4b,0xa1,0x43,0x20,0x33,0x20,0x1a,0xa0,0x22,0xe0,0x1a,0x89,0x63,0x9c,0xf7,
    0x9c,0xf7,0x9c,0xf7,0x9c,0xf7,0x7c,0xf7,0x9c,0xf7,0x9c,0xf7,0x9c,0xf7,0x9c,0xf7,0x9c,0xf7,0x9c,0xf7,0x09,0x8c,0xe4,0x62,
    0xfa,0xe6,0x7c,0xf7,0x7b,0xf7,0x9c,0xf7,0x7b,0xf7,0x9c,0xf7,0x31,0xad,0xc5,0x7b,0x12,0xad,0x9c,0xf7,0x9c,0xf7,0xf6,0xc5,
    0x68,0x6b,0xe1,0x3a,0x20,0x33,0xc0,0x1a,0x21,0x1a,0x60,0x1a,0x28,0x5b,0x9c,0xf7,0x9c,0xf7,0x9c,0xf7,0x7c,0xf7,0x9c,0xf7,
    0xb9,0xde,0xee,0xa3,0x8a,0x9a,0xaa,0x9a,0xef,0xab,0xb0,0xa4,0xe5,0x7b,0xcc,0x7b,0x9c,0xf7,0x9c,0xf7,0x9c,0xf7,0x7c,0xf7,
    0x9c,0xf7,0x7c,0xf7,0x3b,0xef,0xc7,0x7b,0x04,0x63,0x3a,0xef,0x9c,0xf7,0x9c,0xf7,0x9c,0xf7,0x95,0xb5,0x2b,0x74,0xc3,0x3a,
    0x40,0x1a,0x40,0x1a,0x08,0x53,0x9c,0xf7,0x9c,0xf7,0x7c,0xf7,0x9c,0xf7,0xd2,0xac,0xe4,0x98,0xcc,0xda,0xd4,0xfc,0x83,0xb0,
    0x01,0x90,0x04,0x7a,0x23,0x63,0x86,0x79,0x8a,0x9a,0x0b,0x93,0xd5,0xc5,0x9c,0xf7,0x9c,0xf7,0x9c,0xf7,0x9c,0xf7,0x52,0xa5,
    0x05,0x7c,0xcb,0x83,0x95,0xbd,0x2c,0x93,0x8a,0x9a,0x49,0x9a,0x0c,0x93,0xf2,0xa4,0xcf,0x94,0xe1,0x21,0x64,0x3a,0x9c,0xf7,
    0x9c,0xf7,0x9c,0xf7,0x13,0xb5,0x83,0xa8,0x21,0xe0,0x05,0xe1,0x4a,0xea,0xc4,0xa0,0x40,0x38,0xa3,0x73,0x81,0x39,0x41,0x70,
    0xe4,0xa8,0x42,0xa0,0x21,0x70,0x70,0xa4,0x9c,0xf7,0xb1,0xac,0xca,0x92,0xa7,0x89,0xa4,0x7a,0xe2,0x5a,0x22,0x70,0x66,0xc1,
    0x8b,0xd2,0x42,0xc0,0x21,0x98,0x42,0x80,0x2f,0xa4,0x57,0xce,0x29,0x63,0x9c,0xf7,0x9c,0xf7,0xb9,0xde,0xe4,0x90,0x21,0xd0,
    0x62,0xd8,0x2e,0xf3,0xcc,0xea,0x63,0xd8,0x04,0x99,0x23,0x6a,0x00,0x39,0x20,0x50,0x46,0xc1,0xa3,0xb0,0x00,0x78,0x41,0x58,
    0xc7,0x71,0x6b,0xca,0xe9,0xd1,0x21,0x90,0x81,0x60,0x05,0x7c,0x00,0x51,0x20,0x50,0x20,0x98,0x26,0xd1,0x20,0x98,0x20,0x78,
    0x21,0x80,0x30,0xa4,0x9c,0xf7,0x9c,0xf7,0x9c,0xf7,0xae,0x9b,0x42,0xb0,0x20,0xc0,0xe5,0xe8,0xba,0xfe,0xff,0xff,0x93,0xf4,
    0xa4,0xe8,0x42,0xc8,0x62,0xc0,0x6b,0xda,0xf1,0xeb,0x82,0xa8,0x00,0x50,0x42,0x58,0xa4,0xd8,0xb3,0xfc,0x4e,0xe3,0x61,0x78,
    0x40,0x30,0xa3,0x6b,0x01,0x3a,0xc3,0x70,0xf5,0xf4,0x4e,0xe3,0x00,0xa0,0x20,0x68,0x20,0x70,0x42,0x68,0x78,0xd6,0x9c,0xf7,
    0x9c,0xf7,0xa6,0x89,0x21,0xb0,0x20,0xc0,0x63,0xe8,0x31,0xfc,0x79,0xfe,0xd3,0xfc,0x26,0xf1,0x00,0xe0,0x00,0xc8,0x00,0xb0,
    0x00,0x98,0x00,0x78,0x00,0x38,0xa3,0xa8,0x21,0xd8,0x83,0xd8,0xe4,0xe0,0xa4,0xd8,0xe4,0xb0,0x24,0xa1,0xc4,0xb8,0x09,0xe2,
    0x8b,0xda,0x21,0xb8,0x20,0x98,0x00,0x70,0x20,0x50,0x21,0x80,0x6d,0x8b,0x9c,0xf7,0x9c,0xf7,0xa3,0x80,0x00,0xa0,0x00,0xb8,
    0x22,0xe0,0x47,0xf1,0x88,0xf1,0x84,0xe8,0x22,0xe0,0x20,0xd8,0x00,0xc0,0x00,0xa0,0x20,0x88,0x00,0x50,0x21,0x50,0x41,0xc0,
    0x21,0xd0,0xcc,0xf2,0x18,0xfe,0xb3,0xf4,0x09,0xea,0x42,0xe0,0x00,0xd8,0x00,0xc8,0x00,0xb8,0x00,0xa0,0x00,0x88,0x00,0x70,
    0x20,0x50,0x21,0x78,0x86,0x71,0x9c,0xf7,0x9c,0xf7,0x62,0x80,0x20,0x98,0x00,0xb0,0x20,0xd0,0x42,0xe0,0x22,0xe0,0x01,0xe0,
    0x00,0xd0,0x00,0xc0,0x00,0xa8,0x00,0x90,0x00,0x78,0x00,0x38,0x21,0x70,0x20,0xc0,0x21,0xd0,0x0d,0xf3,0xff,0xff,0xdf,0xff,
    0xd0,0xfb,0x84,0xe8,0x21,0xe0,0x20,0xc8,0x20,0xb0,0x00,0x98,0x00,0x78,0x22,0x88,0x42,0x70,0x21,0x68,0xc4,0x70,0x9c,0xf7,
    0x9c,0xf7,0xc3,0x78,0x00,0x90,0x20,0x98,0x00,0xc0,0x00,0xd0,0x21,0xd0,0x00,0xc8,0x00,0xc0,0x00,0xb0,0x00,0x98,0x00,0x78,
    0x41,0x78,0x20,0x38,0x21,0x78,0x20,0xb0,0x00,0xc8,0xc5,0xe8,0x4e,0xf3,0xac,0xf2,0xa4,0xe8,0x01,0xd8,0x20,0xd0,0x00,0xb8,
    0x00,0xa8,0x20,0x88,0x00,0x70,0xa8,0xa9,0x05,0x89,0x00,0x68,0xa3,0x68,0x9c,0xf7,0x9c,0xf7,0x08,0x82,0x21,0x90,0x20,0x80,
    0x00,0xa8,0x00,0xb8,0x00,0xb8,0x00,0xb8,0x00,0xa8,0x00,0x98,0x00,0x80,0x00,0x68,0x83,0x80,0x20,0x30,0x21,0x68,0x20,0xa8,
    0x00,0xb8,0x21,0xd8,0x64,0xe8,0x43,0xe8,0x01,0xd8,0x00,0xd0,0x00,0xc0,0x00,0xb0,0x00,0x98,0x00,0x78,0x00,0x70,0xe9,0xb9,
    0xa3,0x78,0x00,0x68,0x25,0x71,0x9c,0xf7,0x9c,0xf7,0x90,0xa4,0x21,0x90,0x20,0x78,0x00,0x88,0x20,0x98,0x00,0xa0,0x00,0x98,
    0x00,0x90,0x00,0x80,0x00,0x68,0x00,0x58,0x21,0x60,0x00,0x20,0x21,0x58,0x21,0x98,0x00,0xa0,0x00,0xc0,0x21,0xd0,0x01,0xd0,
    0x00,0xc8,0x00,0xb8,0x00,0xb0,0x00,0xa0,0x00,0x88,0x00,0x68,0x00,0x68,0x64,0x98,0x21,0x58,0x21,0x70,0x69,0x7a,0x9c,0xf7,
    0x9c,0xf7,0x3b,0xef,0x45,0x71,0x01,0x90,0x20,0x60,0x00,0x78,0x00,0x80,0x00,0x80,0x00,0x70,0x00,0x68,0x20,0x50,0x00,0x48,
    0x00,0x48,0x20,0x40,0x00,0x48,0x21,0x88,0x00,0x80,0x00,0xa8,0x00,0xb8,0x00,0xb8,0x00,0xb0,0x00,0xa8,0x00,0x98,0x00,0x88,
    0x00,0x70,0x00,0x58,0x20,0x68,0x00,0x70,0x20,0x58,0x00,0x68,0x12,0xad,0x9c,0xf7,0x9c,0xf7,0x9c,0xf7,0xb5,0xbd,0x01,0x70,
    0x00,0x78,0x20,0x58,0x00,0x58,0x00,0x58,0x00,0x50,0x00,0x40,0x00,0x48,0x41,0x70,0x41,0x60,0x00,0x68,0xe3,0x40,0x62,0x70,
    0x20,0x88,0x20,0x78,0x00,0x98,0x00,0x98,0x00,0x98,0x00,0x90,0x00,0x80,0x00,0x70,0x00,0x60,0x00,0x48,0x00,0x58,0x20,0x60,
    0x00,0x70,0x65,0x61,0x5b,0xf7,0x9c,0xf7,0x9c,0xf7,0x7c,0xf7,0x9c,0xf7,0xf2,0xac,0x41,0x68,0x01,0x78,0x20,0x60,0x20,0x50,
    0x20,0x58,0x62,0x68,0x67,0xa1,0x83,0x88,0x00,0x60,0x65,0x61,0xd9,0xde,0xce,0x93,0x01,0x88,0x41,0x70,0x00,0x68,0x20,0x80,
    0x00,0x78,0x00,0x70,0x00,0x68,0x00,0x58,0x00,0x48,0x00,0x50,0x42,0x88,0x20,0x70,0x00,0x58,0xb5,0xbd,0x9c,0xf7,0x9c,0xf7,
    0x9c,0xf7,0x9c,0xf7,0x7c,0xf7,0x9c,0xf7,0xf6,0xc5,0x28,0x7a,0x21,0x60,0x00,0x68,0x00,0x70,0x42,0x78,0x62,0x70,0x82,0x50,
    0x8d,0x8b,0x3b,0xef,0x9c,0xf7,0x7b,0xf7,0xaa,0x7a,0x01,0x80,0x00,0x68,0x20,0x58,0x20,0x58,0x00,0x58,0x00,0x48,0x00,0x40,
    0x41,0x68,0x66,0xa9,0x62,0x88,0x00,0x50,0x70,0x9c,0x9c,0xf7,0x7c,0xf7,0x9c,0xf7,0x9c,0xf7,0x9c,0xf7,0x9c,0xf7,0x7c,0xf7,
    0x9c,0xf7,0x9c,0xf7,0x57,0xce,0xb1,0xa4,0xef,0x93,0x2f,0x94,0x33,0xad,0xfa,0xe6,0x9c,0xf7,0x9c,0xf7,0x7c,0xf7,0x9c,0xf7,
    0x9c,0xf7,0xce,0x93,0x62,0x68,0x00,0x68,0x00,0x68,0x00,0x60,0x00,0x60,0x00,0x78,0x42,0x88,0x41,0x68,0x44,0x59,0x53,0xb5,
    0x9c,0xf7,0x7c,0xf7,0x9c,0xf7,0x9c,0xf7,0x9c,0xf7,0x9c,0xf7,0x9c,0xf7,0x9c,0xf7,0x7c,0xf7,0x7c,0xf7,0x9c,0xf7,0x9c,0xf7,
    0x9c,0xf7,0x9c,0xf7,0x9c,0xf7,0x9c,0xf7,0x7c,0xf7,0x9c,0xf7,0x9c,0xf7,0x9c,0xf7,0x9c,0xf7,0x9c,0xf7,0x57,0xd6,0x6d,0x8b,
    0x86,0x69,0xa2,0x58,0x61,0x58,0xe3,0x58,0x48,0x6a,0x91,0x9c,0x5b,0xef,0x9c,0xf7,0x7c,0xf7,0x9c,0xf7,0x9c,0xf7,0x9c,0xf7,
    0x9c,0xf7,0x9c,0xf7,0x9c,0xf7,0x9c,0xf7,0x9c,0xf7,0x9c,0xf7,0x9c,0xf7,0x9c,0xf7,0x9c,0xf7,0x9c,0xf7,0x9c,0xf7,0x9c,0xf7,
    0x9c,0xf7,0x9c,0xf7,0x9c,0xf7,0x9c,0xf7,0x9c,0xf7,0x9c,0xf7,0x9c,0xf7,0x9c,0xf7,0x9c,0xf7,0x9c,0xf7,0x9c,0xf7,0x9c,0xf7,
    0x9c,0xf7,0x9c,0xf7,0x9c,0xf7,0x9c,0xf7,0x9c,0xf7,0x9c,0xf7,0x9c,0xf7,0x9c,0xf7,0x9c,0xf7,0x9c,0xf7,0x9c,0xf7,0x9c,0xf7,
    0x9c,0xf7,0x9c,0xf7,0x9c,0xf7,0x9c,0xf7,0x9c,0xf7,0x9c,0xf7,0x9c,0xf7,0x9c,0xf7,0x9c,0xf7,0x9c,0xf7,0x9c,0xf7,0x9c,0xf7,
    0x9c,0xf7,0x9c,0xf7,0x9c,0xf7,0x9c,0xf7,0x9c,0xf7,0x9c,0xf7,0x9c,0xf7,0x9c,0xf7,0x9c,0xf7,0x9c,0xf7,0x9c,0xf7,0x9c,0xf7,
    0x9c,0xf7,0x9c,0xf7,0x9c,0xf7,0x9c,0xf7,0x9c,0xf7,0x9c,0xf7,0x9c,0xf7,0x9c,0xf7,0x9c,0xf7,0x9c,0xf7,0x9c,0xf7,0x9c,0xf7,
    0x9c,0xf7,0x9c,0xf7,0x9c,0xf7,0x9c,0xf7,0x9c,0xf7,0x9c,0xf7,0x9c,0xf7,0x9c,0xf7,0x9c,0xf7,0x9c,0xf7,0x9c,0xf7,0x9c,0xf7,
    0x9c,0xf7,0x9c,0xf7,0x9c,0xf7,0x9c,0xf7,0x9c,0xf7,0x9c,0xf7,0x9c,0xf7,0x9c,0xf7,0x9c,0xf7,0x9c,0xf7,0x9c,0xf7,0x9c,0xf7,
};

static const uint8_t slot_small_lemon_pixels[2304] __attribute__((aligned(4))) = {
    0x9c,0xf7,0x9c,0xf7,0x9c,0xf7,0x9c,0xf7,0x9c,0xf7,0x9c,0xf7,0x9c,0xf7,0x9c,0xf7,0x9c,0xf7,0x9c,0xf7,0x9c,0xf7,0x9c,0xf7,
    0x9c,0xf7,0x9c,0xf7,0x9c,0xf7,0x9c,0xf7,0x9c,0xf7,0x9c,0xf7,0x9c,0xf7,0x9c,0xf7,0x9c,0xf7,0x9c,0xf7,0x9c,0xf7,0x9c,0xf7,
    0x9c,0xf7,0x9c,0xf7,0x9c,0xf7,0x9c,0xf7,0x9c,0xf7,0x9c,0xf7,0x9c,0xf7,0x9c,0xf7,0x9c,0xf7,0x9c,0xf7,0x9c,0xf7,0x9c,0xf7,
    0x9c,0xf7,0x9c,0xf7,0x9c,0xf7,0x9c,0xf7,0x9c,0xf7,0x9c,0xf7,0x9c,0xf7,0x9c,0xf7,0x9c,0xf7,0x9c,0xf7,0x9c,0xf7,0x9c,0xf7,
    0x9c,0xf7,0x9c,0xf7,0x9c,0xf7,0x9c,0xf7,0x9c,0xf7,0x9c,0xf7,0x9c,0xf7,0x9c,0xf7,0x9c,0xf7,0x9c,0xf7,0x9c,0xf7,0x9c,0xf7,
    0x9c,0xf7,0x9c,0xf7,0x9c,0xf7,0x9c,0xf7,0x9c,0xf7,0x9c,0xf7,0x9c,0xf7,0x9c,0xf7,0x9c,0xf7,0x9c,0xf7,0x9c,0xf7,0x9c,0xf7,
    0x9c,0xf7,0x9c,0xf7,0x9c,0xf7,0x9c,0xf7,0x9c,0xf7,0x9c,0xf7,0x9c,0xf7,0x9c,0xf7,0x9c,0xf7,0x9c,0xf7,0x9c,0xf7,0x9c,0xf7,
    0x9c,0xf7,0x9c,0xf7,0x9c,0xf7,0x9c,0xf7,0x9c,0xf7,0x9c,0xf7,0x9c,0xf7,0x9c,0xf7,0x9c,0xf7,0x9c,0xf7,0x9c,0xf7,0x9c,0xf7,
    0x9c,0xf7,0x9c,0xf7,0x9c,0xf7,0x9c,0xf7,0x9c,0xf7,0x9c,0xf7,0x9c,0xf7,0x9c,0xf7,0x9c,0xf7,0x9c,0xf7,0x9c,0xf7,0x9c,0xf7,
    0x9c,0xf7,0x9c,0xf7,0x9c,0xf7,0x9c,0xf7,0x9c,0xf7,0x9c,0xf7,0x9c,0xf7,0x9c,0xf7,0x9c,0xf7,0x9c,0xf7,0x9c,0xf7,0x9c,0xf7,
    0x9c,0xf7,0x9c,0xf7,0x9c,0xf7,0x9c,0xf7,0x9c,0xf7,0x9c,0xf7,0x9c,0xf7,0x9c,0xf7,0x9c,0xf7,0x9c,0xf7,0x9c,0xf7,0x9c,0xf7,
    0x9c,0xf7,0x9c,0xf7,0x9c,0xf7,0x9c,0xf7,0x9c,0xf7,0x9c,0xf7,0x9c,0xf7,0x9c,0xf7,0x9c,0xf7,0x7c,0xf7,0x7b,0xf7,0x9c,0xf7,
    0x9c,0xf7,0x9c,0xf7,0x9c,0xf7,0x9c,0xf7,0x9c,0xf7,0x78,0xd6,0xe5,0x6a,0x07,0x73,0x3b,0xef,0x9c,0xf7,0x9c,0xf7,0x9c,0xf7,
    0x9c,0xf7,0x9c,0xf7,0x9c,0xf7,0x9c,0xf7,0x9c,0xf7,0x9c,0xf7,0x9c,0xf7,0x9c,0xf7,0x9c,0xf7,0x9c,0xf7,0x9c,0xf7,0x9c,0xf7,
    0x9c,0xf7,0x9c,0xf7,0x7c,0xf7,0x7b,0xf7,0x9c,0xf7,0x9c,0xf7,0x9c,0xf7,0x9c,0xf7,0x3a,0xef,0x98,0xd6,0xd9,0xde,0x9c,0xf7,
    0x36,0xce,0x28,0x7c,0x63,0x6b,0xe0,0x30,0x98,0xd6,0x7b,0xf7,0x7b,0xf7,0x9c,0xf7,0x9c,0xf7,0x9c,0xf7,0x9c,0xf7,0x9c,0xf7,
    0x9c,0xf7,0x9c,0xf7,0x9c,0xf7,0x9c,0xf7,0x9c,0xf7,0x9c,0xf7,0x9c,0xf7,0x9c,0xf7,0x7c,0xf7,0x9c,0xf7,0x9c,0xf7,0x9c,0xf7,
    0x9c,0xf7,0xb9,0xde,0x52,0xb5,0x4a,0xa4,0xa5,0xb4,0x03,0xc5,0x82,0xb4,0x66,0x8b,0x44,0x63,0xa3,0x63,0x40,0x19,0x91,0x94,
    0x9c,0xf7,0x9c,0xf7,0x9c,0xf7,0x9c,0xf7,0x7c,0xf7,0x9c,0xf7,0x9c,0xf7,0x9c,0xf7,0x9c,0xf7,0x9c,0xf7,0x9c,0xf7,0x9c,0xf7,
    0x9c,0xf7,0x9c,0xf7,0x9c,0xf7,0x9c,0xf7,0x9c,0xf7,0x9c,0xf7,0xd5,0xc5,0x8c,0xa4,0x66,0xac,0xa2,0xb4,0x80,0xdd,0xa2,0xfe,
    0x24,0xff,0x8b,0xff,0x65,0xff,0x60,0xfe,0x60,0x93,0x02,0x21,0x21,0x32,0x05,0x4b,0xa8,0x63,0x4c,0x84,0xb4,0xbd,0x9c,0xf7,
    0x9c,0xf7,0x7c,0xf7,0x9c,0xf7,0x9c,0xf7,0x9c,0xf7,0x9c,0xf7,0x9c,0xf7,0x9c,0xf7,0x9c,0xf7,0x7c,0xf7,0x9c,0xf7,0x9c,0xf7,
    0xb5,0xbd,0x28,0x9c,0x23,0xc5,0xa3,0xfe,0x22,0xff,0x22,0xff,0x02,0xff,0xa0,0xfe,0x40,0xfe,0x41,0xfe,0x82,0xfe,0x20,0xfe,
    0x80,0xe4,0xc3,0x61,0xa1,0x19,0x80,0x2a,0xa2,0x4b,0x84,0x6c,0x61,0x43,0xa8,0x63,0x98,0xde,0x9c,0xf7,0x7c,0xf7,0x9c,0xf7,
    0x9c,0xf7,0x9c,0xf7,0x9c,0xf7,0x9c,0xf7,0x7c,0xf7,0x9c,0xf7,0x5b,0xf7,0x6c,0x9c,0xe4,0xbc,0x25,0xff,0x64,0xff,0x24,0xff,
    0x05,0xff,0x05,0xff,0xe4,0xfe,0xe2,0xfe,0xa1,0xfe,0x40,0xfe,0xe0,0xfd,0x20,0xed,0xe0,0xcb,0x00,0x7a,0x80,0x19,0x40,0x12,
    0xa1,0x32,0xe8,0x8c,0x68,0x95,0xa0,0x43,0xc4,0x42,0x98,0xde,0x9c,0xf7,0x9c,0xf7,0x9c,0xf7,0x9c,0xf7,0x9c,0xf7,0x7c,0xf7,
    0x9c,0xf7,0xfa,0xe6,0x08,0x9c,0x86,0xf6,0x66,0xff,0x04,0xff,0x05,0xff,0x4b,0xff,0x6d,0xff,0x4a,0xff,0x05,0xff,0xe2,0xfe,
    0xc2,0xfe,0x80,0xfe,0x00,0xfe,0x40,0xed,0xe0,0xcb,0xa0,0xa2,0x60,0x21,0x21,0x2b,0xa0,0x22,0xe1,0x3a,0x69,0x9d,0xc5,0x7c,
    0x60,0x33,0x48,0x5b,0x7c,0xf7,0x9c,0xf7,0x9c,0xf7,0x9c,0xf7,0x9c,0xf7,0x9c,0xf7,0x1a,0xef,0xe6,0x93,0x06,0xff,0x45,0xff,
    0x04,0xff,0x49,0xff,0x90,0xff,0xb4,0xff,0x92,0xff,0x4b,0xff,0xe4,0xfe,0xc2,0xfe,0xc1,0xfe,0x80,0xfe,0x20,0xfe,0xa0,0xf5,
    0xa0,0xdc,0xa0,0xcb,0x00,0x52,0xa0,0x1a,0x24,0x5c,0x80,0x1a,0x82,0x53,0x06,0x85,0xa1,0x43,0x60,0x22,0x73,0xb5,0x9c,0xf7,
    0x9c,0xf7,0x9c,0xf7,0x9c,0xf7,0x9c,0xf7,0xe9,0x93,0xe6,0xfe,0x24,0xff,0xe4,0xfe,0x49,0xff,0x92,0xff,0xda,0xff,0xb8,0xff,
    0x6f,0xff,0x27,0xff,0xe5,0xfe,0xc3,0xfe,0xc2,0xfe,0x81,0xfe,0x20,0xfe,0xa0,0xf5,0xe0,0xe4,0xe0,0xcb,0x00,0xa3,0x00,0x1a,
    0xe3,0x5b,0x03,0x5c,0x40,0x1a,0xe4,0x63,0x22,0x5c,0xe0,0x22,0xa9,0x6b,0x9c,0xf7,0x9c,0xf7,0x7c,0xf7,0x9c,0xf7,0xaf,0xa4,
    0xe4,0xe5,0x24,0xff,0xe2,0xfe,0x47,0xff,0x6f,0xff,0xba,0xff,0xdb,0xff,0x8f,0xff,0x48,0xff,0x06,0xff,0xe3,0xfe,0xe2,0xfe,
    0xa1,0xfe,0x61,0xfe,0x00,0xfe,0xc0,0xf5,0x00,0xe5,0xc0,0xc3,0x80,0xc3,0x00,0x4a,0x00,0x23,0xc5,0x7c,0x62,0x3b,0x80,0x22,
    0x02,0x5c,0xe0,0x22,0x84,0x3a,0x9c,0xf7,0x9c,0xf7,0x9c,0xf7,0x98,0xd6,0x23,0xa4,0x44,0xff,0xc1,0xfe,0x03,0xff,0x4b,0xff,
    0xb6,0xff,0xb6,0xff,0x92,0xff,0x4a,0xff,0x26,0xff,0x03,0xff,0xc2,0xfe,0xc2,0xfe,0xa1,0xfe,0x60,0xfe,0x00,0xfe,0x80,0xf5,
    0xe0,0xe4,0xc0,0xc3,0x80,0xc3,0x20,0x72,0xc0,0x19,0x62,0x5c,0x23,0x64,0xe1,0x2a,0xa0,0x2a,0xe0,0x22,0x82,0x32,0x9c,0xf7,
    0x9c,0xf7,0x9c,0xf7,0x4c,0x9c,0x84,0xfe,0xe2,0xfe,0xe2,0xfe,0x06,0xff,0x4c,0xff,0x93,0xff,0x91,0xff,0x6a,0xff,0x26,0xff,
    0x04,0xff,0xc2,0xfe,0xc2,0xfe,0xc2,0xfe,0x60,0xfe,0x40,0xfe,0xe0,0xf5,0x40,0xed,0xa0,0xdc,0xa0,0xc3,0x40,0xbb,0x00,0x9b,
    0x89,0x52,0xa1,0x3a,0x41,0x5c,0x82,0x43,0x40,0x1a,0xc0,0x22,0x62,0x32,0x9c,0xf7,0x9c,0xf7,0xf9,0xe6,0x24,0xa4,0x02,0xff,
    0xa1,0xfe,0x03,0xff,0x06,0xff,0x6d,0xff,0x6c,0xff,0x49,0xff,0x25,0xff,0xe2,0xfe,0xe2,0xfe,0xc2,0xfe,0xa2,0xfe,0xa1,0xfe,
    0x40,0xfe,0xe0,0xf5,0xa0,0xf5,0x20,0xed,0x80,0xdc,0x80,0xbb,0x60,0xbb,0x40,0xab,0x53,0xb5,0x74,0xb5,0xa3,0x42,0x01,0x5c,
    0xa1,0x2a,0x20,0x1a,0xc4,0x42,0x9c,0xf7,0x9c,0xf7,0xf1,0xac,0x42,0xd5,0xc1,0xfe,0xa1,0xfe,0xe3,0xfe,0x06,0xff,0x6b,0xff,
    0x27,0xff,0x25,0xff,0x03,0xff,0x03,0xff,0xe2,0xfe,0xc2,0xfe,0xa1,0xfe,0x40,0xfe,0x00,0xfe,0xc0,0xf5,0x80,0xf5,0xe0,0xe4,
    0x20,0xcc,0x60,0xb3,0x80,0xbb,0x60,0xab,0xd1,0xa4,0x9c,0xf7,0x78,0xd6,0x49,0x63,0xe1,0x32,0x40,0x1a,0x28,0x5b,0x9c,0xf7,
    0x9c,0xf7,0x09,0x9c,0x21,0xfe,0xa0,0xfe,0xc2,0xfe,0xe3,0xfe,0x26,0xff,0xe4,0xfe,0x26,0xff,0x03,0xff,0x03,0xff,0xe2,0xfe,
    0xc3,0xfe,0xa2,0xfe,0x60,0xfe,0x40,0xfe,0x00,0xfe,0x80,0xf5,0x20,0xed,0x80,0xdc,0xc0,0xc3,0x00,0xab,0xc0,0xc3,0x60,0xab,
    0x74,0xb5,0x7c,0xf7,0x9c,0xf7,0x9c,0xf7,0x8a,0x6b,0x60,0x22,0x6e,0x84,0x9c,0xf7,0x9c,0xf7,0xc5,0x9b,0x60,0xfe,0x60,0xfe,
    0xa1,0xfe,0xe3,0xfe,0x04,0xff,0x05,0xff,0x03,0xff,0x03,0xff,0xc2,0xfe,0xc1,0xfe,0xa1,0xfe,0x41,0xfe,0x40,0xfe,0x00,0xfe,
    0xc0,0xf5,0x40,0xed,0xc0,0xdc,0x20,0xcc,0x60,0xbb,0x00,0xab,0x20,0xd4,0xe0,0x8a,0x57,0xd6,0x9c,0xf7,0x5b,0xf7,0x9c,0xf7,
    0x5b,0xef,0xe3,0x31,0xf5,0xbd,0x9c,0xf7,0x9c,0xf7,0xa2,0x9b,0x40,0xfe,0x40,0xfe,0x81,0xfe,0xc1,0xfe,0xe3,0xfe,0xc2,0xfe,
    0xc2,0xfe,0xc1,0xfe,0xa1,0xfe,0x60,0xfe,0x60,0xfe,0x40,0xfe,0x00,0xfe,0xc0,0xf5,0x60,0xed,0xe0,0xe4,0x40,0xd4,0xa0,0xc3,
    0x00,0xb3,0x60,0xb3,0xa0,0xe4,0xc4,0x7a,0x5b,0xf7,0x9c,0xf7,0x9c,0xf7,0x9c,0xf7,0x9c,0xf7,0x37,0xce,0x5b,0xef,0x9c,0xf7,
    0x9c,0xf7,0x82,0x9b,0x20,0xfe,0x40,0xfe,0x80,0xfe,0xa1,0xfe,0xc2,0xfe,0x81,0xfe,0xa1,0xfe,0xa1,0xfe,0x40,0xfe,0x40,0xfe,
    0x20,0xfe,0xe0,0xfd,0xc0,0xf5,0x60,0xed,0xe0,0xe4,0x40,0xd4,0xc0,0xc3,0x20,0xb3,0x00,0xab,0x20,0xcc,0x40,0xcc,0x8b,0x83,
    0x9c,0xf7,0x7b,0xf7,0x9c,0xf7,0x9c,0xf7,0x9c,0xf7,0x9c,0xf7,0x9c,0xf7,0x9c,0xf7,0x9c,0xf7,0x63,0x93,0xe0,0xfd,0x20,0xfe,
    0x61,0xfe,0x81,0xfe,0xa1,0xfe,0x81,0xfe,0x81,0xfe,0x60,0xfe,0x40,0xfe,0x00,0xfe,0xe0,0xf5,0xa0,0xf5,0x40,0xed,0xc0,0xe4,
    0x60,0xd4,0xc0,0xc3,0x40,0xb3,0x20,0xab,0xa0,0xbb,0x00,0xed,0xc0,0x8a,0x37,0xce,0x9c,0xf7,0x7c,0xf7,0x9c,0xf7,0x9c,0xf7,
    0x9c,0xf7,0x7c,0xf7,0x9c,0xf7,0x9c,0xf7,0x9c,0xf7,0x88,0x8b,0x60,0xf5,0xc0,0xfd,0x20,0xfe,0x40,0xfe,0x40,0xfe,0x41,0xfe,
    0x40,0xfe,0x20,0xfe,0x00,0xf6,0xc0,0xf5,0xa0,0xf5,0x20,0xed,0xc0,0xe4,0x40,0xd4,0xc0,0xc3,0x40,0xbb,0x00,0xab,0x60,0xbb,
    0x80,0xdc,0x40,0xd4,0x2a,0x7b,0x9c,0xf7,0x7c,0xf7,0x9c,0xf7,0x9c,0xf7,0x9c,0xf7,0x9c,0xf7,0x9c,0xf7,0x9c,0xf7,0x9c,0xf7,
    0x9c,0xf7,0x6f,0x9c,0x40,0xcc,0x80,0xfd,0xa0,0xf5,0x00,0xfe,0x00,0xfe,0x00,0xfe,0xc0,0xf5,0xa0,0xf5,0x80,0xf5,0x40,0xed,
    0xe0,0xe4,0xc0,0xdc,0x20,0xd4,0xa0,0xc3,0x60,0xbb,0x20,0xb3,0x60,0xbb,0x40,0xcc,0xe0,0xe4,0x42,0x72,0xd9,0xde,0x9c,0xf7,
    0x7c,0xf7,0x9c,0xf7,0x9c,0xf7,0x9c,0xf7,0x9c,0xf7,0x9c,0xf7,0x9c,0xf7,0x9c,0xf7,0x9c,0xf7,0xb8,0xde,0x01,0x93,0xe0,0xfd,
    0xc0,0xf5,0x80,0xf5,0x80,0xf5,0x60,0xed,0x60,0xed,0x40,0xed,0xe0,0xe4,0xa0,0xdc,0x60,0xd4,0xe0,0xcb,0x60,0xbb,0x20,0xb3,
    0x20,0xb3,0x80,0xbb,0x20,0xcc,0x20,0xf5,0xa0,0x8a,0x33,0xad,0x9c,0xf7,0x7c,0xf7,0x9c,0xf7,0x9c,0xf7,0x9c,0xf7,0x9c,0xf7,
    0x9c,0xf7,0x9c,0xf7,0x9c,0xf7,0x9c,0xf7,0x9c,0xf7,0x9c,0xf7,0x65,0x93,0xe2,0xfe,0xc4,0xfe,0x80,0xf5,0xc0,0xe4,0xa0,0xdc,
    0xa0,0xdc,0x60,0xdc,0x40,0xd4,0xe0,0xcb,0x80,0xbb,0x40,0xb3,0x20,0xab,0x40,0xb3,0x80,0xbb,0x60,0xd4,0x00,0xed,0xe0,0x92,
    0x50,0x94,0x9c,0xf7,0x7b,0xf7,0x9c,0xf7,0x9c,0xf7,0x9c,0xf7,0x9c,0xf7,0x9c,0xf7,0x9c,0xf7,0x9c,0xf7,0x9c,0xf7,0x9c,0xf7,
    0x9c,0xf7,0x5b,0xef,0xe4,0xa3,0x46,0xff,0x83,0xfe,0x80,0xf5,0x20,0xd4,0x80,0xc3,0x80,0xc3,0x60,0xbb,0x60,0xbb,0x20,0xb3,
    0x00,0xab,0x00,0xab,0x40,0xb3,0xc0,0xc3,0xc0,0xe4,0xc0,0xe4,0x60,0x82,0x70,0x94,0x9c,0xf7,0x7b,0xf7,0x9c,0xf7,0x9c,0xf7,
    0x9c,0xf7,0x9c,0xf7,0x9c,0xf7,0x9c,0xf7,0x9c,0xf7,0x9c,0xf7,0x9c,0xf7,0x9c,0xf7,0x9c,0xf7,0x3b,0xef,0x82,0x9b,0xa1,0xfe,
    0x40,0xed,0xe0,0xcb,0x20,0xb3,0x00,0xab,0x20,0xb3,0x20,0xab,0x00,0xab,0x20,0xb3,0xa0,0xbb,0xe0,0xcb,0xa0,0xdc,0xe0,0xec,
    0xe0,0xbb,0x84,0x72,0x95,0xb5,0x9c,0xf7,0x7c,0xf7,0x9c,0xf7,0x9c,0xf7,0x9c,0xf7,0x9c,0xf7,0x9c,0xf7,0x9c,0xf7,0x9c,0xf7,
    0x9c,0xf7,0x9c,0xf7,0x9c,0xf7,0x9c,0xf7,0x9c,0xf7,0x9c,0xf7,0x0b,0x94,0x40,0xab,0x20,0xab,0xc0,0x9a,0xc0,0x9a,0x00,0xab,
    0x80,0xbb,0xe0,0xcb,0x20,0xd4,0x80,0xdc,0x80,0xdc,0x40,0xcc,0x80,0xab,0xc3,0x7a,0x2f,0x94,0x3b,0xef,0x9c,0xf7,0x7c,0xf7,
    0x9c,0xf7,0x9c,0xf7,0x9c,0xf7,0x9c,0xf7,0x9c,0xf7,0x9c,0xf7,0x9c,0xf7,0x9c,0xf7,0x9c,0xf7,0x9c,0xf7,0x9c,0xf7,0x9c,0xf7,
    0x9c,0xf7,0x9c,0xf7,0x5b,0xf7,0x4f,0x94,0xcb,0x8b,0x4e,0x94,0x6f,0x9c,0x8b,0x83,0xa6,0x72,0x83,0x7a,0x61,0x72,0x62,0x72,
    0xa5,0x72,0x6a,0x83,0xd2,0xa4,0x1a,0xef,0x9c,0xf7,0x9c,0xf7,0x7c,0xf7,0x9c,0xf7,0x9c,0xf7,0x9c,0xf7,0x9c,0xf7,0x9c,0xf7,
    0x9c,0xf7,0x9c,0xf7,0x9c,0xf7,0x9c,0xf7,0x9c,0xf7,0x9c,0xf7,0x9c,0xf7,0x9c,0xf7,0x9c,0xf7,0x9c,0xf7,0x9c,0xf7,0x9c,0xf7,
    0x9c,0xf7,0x9c,0xf7,0x9c,0xf7,0x9c,0xf7,0x9c,0xf7,0x9c,0xf7,0x9c,0xf7,0x9c,0xf7,0x9c,0xf7,0x9c,0xf7,0x9c,0xf7,0x9c,0xf7,
    0x9c,0xf7,0x9c,0xf7,0x9c,0xf7,0x9c,0xf7,0x9c,0xf7,0x9c,0xf7,0x9c,0xf7,0x9c,0xf7,0x9c,0xf7,0x9c,0xf7,0x9c,0xf7,0x9c,0xf7,
    0x9c,0xf7,0x9c,0xf7,0x9c,0xf7,0x9c,0xf7,0x9c,0xf7,0x9c,0xf7,0x9c,0xf7,0x9c,0xf7,0x9c,0xf7,0x9c,0xf7,0x9c,0xf7,0x9c,0xf7,
    0x9c,0xf7,0x9c,0xf7,0x9c,0xf7,0x9c,0xf7,0x9c,0xf7,0x9c,0xf7,0x9c,0xf7,0x9c,0xf7,0x9c,0xf7,0x9c,0xf7,0x9c,0xf7,0x9c,0xf7,
    0x9c,0xf7,0x9c,0xf7,0x9c,0xf7,0x9c,0xf7,0x9c,0xf7,0x9c,0xf7,0x9c,0xf7,0x9c,0xf7,0x9c,0xf7,0x9c,0xf7,0x9c,0xf7,0x9c,0xf7,
    0x9c,0xf7,0x9c,0xf7,0x9c,0xf7,0x9c,0xf7,0x9c,0xf7,0x9c,0xf7,0x9c,0xf7,0x9c,0xf7,0x9c,0xf7,0x9c,0xf7,0x9c,0xf7,0x9c,0xf7,
    0x9c,0xf7,0x9c,0xf7,0x9c,0xf7,0x9c,0xf7,0x9c,0xf7,0x9c,0xf7,0x9c,0xf7,0x9c,0xf7,0x9c,0xf7,0x9c,0xf7,0x9c,0xf7,0x9c,0xf7,
    0x9c,0xf7,0x9c,0xf7,0x9c,0xf7,0x9c,0xf7,0x9c,0xf7,0x9c,0xf7,0x9c,0xf7,0x9c,0xf7,0x9c,0xf7,0x9c,0xf7,0x9c,0xf7,0x9c,0xf7,
    0x9c,0xf7,0x9c,0xf7,0x9c,0xf7,0x9c,0xf7,0x9c,0xf7,0x9c,0xf7,0x9c,0xf7,0x9c,0xf7,0x9c,0xf7,0x9c,0xf7,0x9c,0xf7,0x9c,0xf7,
    0x9c,0xf7,0x9c,0xf7,0x9c,0xf7,0x9c,0xf7,0x9c,0xf7,0x9c,0xf7,0x9c,0xf7,0x9c,0xf7,0x9c,0xf7,0x9c,0xf7,0x9c,0xf7,0x9c,0xf7,
    0x9c,0xf7,0x9c,0xf7,0x9c,0xf7,0x9c,0xf7,0x9c,0xf7,0x9c,0xf7,0x9c,0xf7,0x9c,0xf7,0x9c,0xf7,0x9c,0xf7,0x9c,0xf7,0x9c,0xf7,
    0x9c,0xf7,0x9c,0xf7,0x9c,0xf7,0x9c,0xf7,0x9c,0xf7,0x9c,0xf7,0x9c,0xf7,0x9c,0xf7,0x9c,0xf7,0x9c,0xf7,0x9c,0xf7,0x9c,0xf7,
    0x9c,0xf7,0x9c,0xf7,0x9c,0xf7,0x9c,0xf7,0x9c,0xf7,0x9c,0xf7,0x9c,0xf7,0x9c,0xf7,0x9c,0xf7,0x9c,0xf7,0x9c,0xf7,0x9c,0xf7,
};

static const uint8_t slot_small_bar_pixels[2304] __attribute__((aligned(4))) = {
    0x9c,0xf7,0x9c,0xf7,0x9c,0xf7,0x9c,0xf7,0x9c,0xf7,0x9c,0xf7,0x9c,0xf7,0x9c,0xf7,0x9c,0xf7,0x9c,0xf7,0x9c,0xf7,0x9c,0xf7,
    0x9c,0xf7,0x9c,0xf7,0x9c,0xf7,0x9c,0xf7,0x9c,0xf7,0x9c,0xf7,0x9c,0xf7,0x9c,0xf7,0x9c,0xf7,0x9c,0xf7,0x9c,0xf7,0x9c,0xf7,
    0x9c,0xf7,0x9c,0xf7,0x9c,0xf7,0x9c,0xf7,0x9c,0xf7,0x9c,0xf7,0x9c,0xf7,0x9c,0xf7,0x9c,0xf7,0x9c,0xf7,0x9c,0xf7,0x9c,0xf7,
    0x9c,0xf7,0x9c,0xf7,0x9c,0xf7,0x9c,0xf7,0x9c,0xf7,0x9c,0xf7,0x9c,0xf7,0x9c,0xf7,0x9c,0xf7,0x9c,0xf7,0x9c,0xf7,0x9c,0xf7,
    0x9c,0xf7,0x9c,0xf7,0x9c,0xf7,0x9c,0xf7,0x9c,0xf7,0x9c,0xf7,0x9c,0xf7,0x9c,0xf7,0x9c,0xf7,0x9c,0xf7,0x9c,0xf7,0x9c,0xf7,
    0x9c,0xf7,0x9c,0xf7,0x9c,0xf7,0x9c,0xf7,0x9c,0xf7,0x9c,0xf7,0x9c,0xf7,0x9c,0xf7,0x9c,0xf7,0x9c,0xf7,0x9c,0xf7,0x9c,0xf7,
    0x9c,0xf7,0x9c,0xf7,0x9c,0xf7,0x9c,0xf7,0x9c,0xf7,0x9c,0xf7,0x9c,0xf7,0x9c,0xf7,0x9c,0xf7,0x9c,0xf7,0x9c,0xf7,0x9c,0xf7,
    0x9c,0xf7,0x9c,0xf7,0x9c,0xf7,0x9c,0xf7,0x9c,0xf7,0x9c,0xf7,0x9c,0xf7,0x9c,0xf7,0x9c,0xf7,0x9c,0xf7,0x9c,0xf7,0x9c,0xf7,
    0x9c,0xf7,0x9c,0xf7,0x9c,0xf7,0x9c,0xf7,0x9c,0xf7,0x9c,0xf7,0x9c,0xf7,0x9c,0xf7,0x9c,0xf7,0x9c,0xf7,0x9c,0xf7,0x9c,0xf7,
    0x9c,0xf7,0x9c,0xf7,0x9c,0xf7,0x9c,0xf7,0x9c,0xf7,0x9c,0xf7,0x9c,0xf7,0x9c,0xf7,0x9c,0xf7,0x9c,0xf7,0x9c,0xf7,0x9c,0xf7,
    0x9c,0xf7,0x9c,0xf7,0x9c,0xf7,0x9c,0xf7,0x9c,0xf7,0x9c,0xf7,0x9c,0xf7,0x9c,0xf7,0x9c,0xf7,0x9c,0xf7,0x9c,0xf7,0x9c,0xf7,
    0x9c,0xf7,0x9c,0xf7,0x9c,0xf7,0x9c,0xf7,0x9c,0xf7,0x9c,0xf7,0x9c,0xf7,0x9c,0xf7,0x9c,0xf7,0x9c,0xf7,0x9c,0xf7,0x9c,0xf7,
    0x9c,0xf7,0x9c,0xf7,0x9c,0xf7,0x9c,0xf7,0x9c,0xf7,0x9c,0xf7,0x9c,0xf7,0x9c,0xf7,0x9c,0xf7,0x9c,0xf7,0x9c,0xf7,0x9c,0xf7,
    0x9c,0xf7,0x9c,0xf7,0x9c,0xf7,0x9c,0xf7,0x9c,0xf7,0x9c,0xf7,0x9c,0xf7,0x9c,0xf7,0x9c,0xf7,0x9c,0xf7,0x9c,0xf7,0x9c,0xf7,
    0x9c,0xf7,0x9c,0xf7,0x9c,0xf7,0x9c,0xf7,0x9c,0xf7,0x9c,0xf7,0x9c,0xf7,0x9c,0xf7,0x9c,0xf7,0x9c,0xf7,0x9c,0xf7,0x9c,0xf7,
    0x9c,0xf7,0x9c,0xf7,0x9c,0xf7,0x9c,0xf7,0x9c,0xf7,0x9c,0xf7,0x9c,0xf7,0x9c,0xf7,0x9c,0xf7,0x9c,0xf7,0x9c,0xf7,0x9c,0xf7,
    0x9c,0xf7,0x9c,0xf7,0x9c,0xf7,0x9c,0xf7,0x9c,0xf7,0x9c,0xf7,0x9c,0xf7,0x9c,0xf7,0x9c,0xf7,0x9c,0xf7,0x9c,0xf7,0x9c,0xf7,
    0x9c,0xf7,0x9c,0xf7,0x9c,0xf7,0x9c,0xf7,0x9c,0xf7,0x9c,0xf7,0x9c,0xf7,0x9c,0xf7,0x9c,0xf7,0x9c,0xf7,0x9c,0xf7,0x9c,0xf7,
    0x9c,0xf7,0x9c,0xf7,0x9c,0xf7,0x9c,0xf7,0x9c,0xf7,0x9c,0xf7,0x9c,0xf7,0x9c,0xf7,0x9c,0xf7,0x9c,0xf7,0x9c,0xf7,0x9c,0xf7,
    0x9c,0xf7,0x9c,0xf7,0x9c,0xf7,0x9c,0xf7,0x9c,0xf7,0x9c,0xf7,0x9c,0xf7,0x9c,0xf7,0x9c,0xf7,0x9c,0xf7,0x9c,0xf7,0x9c,0xf7,
    0x9c,0xf7,0x9c,0xf7,0x9c,0xf7,0x9c,0xf7,0x9c,0xf7,0x9c,0xf7,0x9c,0xf7,0x9c,0xf7,0x9c,0xf7,0x9c,0xf7,0x9c,0xf7,0x9c,0xf7,
    0x9c,0xf7,0x9c,0xf7,0x9c,0xf7,0x9c,0xf7,0x9c,0xf7,0x9c,0xf7,0x9c,0xf7,0x9c,0xf7,0x9c,0xf7,0x9c,0xf7,0x9c,0xf7,0x9c,0xf7,
    0x9c,0xf7,0x9c,0xf7,0x9c,0xf7,0x9c,0xf7,0x9c,0xf7,0x9c,0xf7,0x9c,0xf7,0x9c,0xf7,0x9c,0xf7,0x9c,0xf7,0x9c,0xf7,0x9c,0xf7,
    0x9c,0xf7,0x9c,0xf7,0x9c,0xf7,0x9c,0xf7,0x9c,0xf7,0x9c,0xf7,0x9c,0xf7,0x9c,0xf7,0x9c,0xf7,0x9c,0xf7,0x9c,0xf7,0x9c,0xf7,
    0x9c,0xf7,0x9c,0xf7,0x9c,0xf7,0x9c,0xf7,0x9c,0xf7,0x9c,0xf7,0x9c,0xf7,0x9c,0xf7,0x9c,0xf7,0x9c,0xf7,0x9c,0xf7,0x9c,0xf7,
    0x9c,0xf7,0x9c,0xf7,0x9c,0xf7,0x9c,0xf7,0x9c,0xf7,0x9c,0xf7,0x9c,0xf7,0x9c,0xf7,0x9c,0xf7,0x9c,0xf7,0x9c,0xf7,0x9c,0xf7,
    0x9c,0xf7,0x9c,0xf7,0x9c,0xf7,0x9c,0xf7,0x9c,0xf7,0x9c,0xf7,0x9c,0xf7,0x9c,0xf7,0x9c,0xf7,0x9c,0xf7,0x9c,0xf7,0x9c,0xf7,
    0x9c,0xf7,0x9c,0xf7,0x9c,0xf7,0x9c,0xf7,0x9c,0xf7,0x9c,0xf7,0x9c,0xf7,0x9c,0xf7,0x9c,0xf7,0x9c,0xf7,0x9c,0xf7,0x9c,0xf7,
    0x9c,0xf7,0x9c,0xf7,0x9c,0xf7,0x9c,0xf7,0x9c,0xf7,0x9c,0xf7,0x9c,0xf7,0x9c,0xf7,0x9c,0xf7,0x9c,0xf7,0x9c,0xf7,0x9c,0xf7,
    0x9c,0xf7,0x9c,0xf7,0x9c,0xf7,0x9c,0xf7,0x9c,0xf7,0x37,0xce,0xee,0x83,0xed,0x8b,0xcc,0x83,0xec,0x83,0xed,0x83,0xed,0x8b,
    0xec,0x83,0xed,0x83,0xed,0x83,0xed,0x83,0xec,0x83,0xed,0x83,0xed,0x83,0xed,0x83,0xec,0x83,0xed,0x83,0xec,0x83,0xcc,0x83,
    0xec,0x83,0xec,0x83,0xec,0x8b,0xec,0x83,0xcc,0x83,0xcc,0x83,0xec,0x83,0xcc,0x83,0x0c,0x8c,0xac,0x7b,0x78,0xd6,0x9c,0xf7,
    0x9c,0xf7,0x8c,0x73,0xcf,0xac,0xcd,0x83,0x8c,0x7b,0x8c,0x73,0x8c,0x73,0x8c,0x73,0x8c,0x73,0x8c,0x73,0xac,0x7b,0x8c,0x7b,
    0x8c,0x7b,0x8c,0x73,0x6c,0x73,0x6c,0x73,0x6c,0x73,0x6c,0x73,0x8c,0x73,0x8c,0x73,0x6c,0x73,0x6b,0x73,0x4b,0x73,0x6b,0x73,
    0x6b,0x73,0x6b,0x73,0x8c,0x7b,0xac,0x7b,0x2b,0x6b,0x8d,0xa4,0x2a,0x6b,0x9c,0xf7,0x9c,0xf7,0x8b,0x7b,0x8c,0x7b,0x45,0x21,
    0xe3,0x18,0x04,0x21,0x04,0x21,0xe4,0x18,0xe4,0x18,0xc3,0x18,0x21,0x00,0x62,0x08,0x82,0x08,0x82,0x10,0xe3,0x18,0xc3,0x18,
    0xe3,0x18,0xa3,0x10,0x62,0x08,0x62,0x08,0xc3,0x10,0xe3,0x18,0xc3,0x18,0xc3,0x18,0xc3,0x18,0xa3,0x10,0x21,0x00,0x62,0x08,
    0x41,0x00,0xe9,0x62,0x49,0x73,0x9c,0xf7,0x9c,0xf7,0x8b,0x7b,0x4b,0x73,0x00,0x00,0xf0,0xa4,0x18,0xe7,0x96,0xde,0x18,0xef,
    0x18,0xef,0xb7,0xde,0x8f,0x9c,0x40,0x08,0x00,0x00,0x24,0x29,0xd7,0xe6,0xb6,0xde,0x18,0xe7,0xaf,0x9c,0x00,0x00,0x00,0x00,
    0x2e,0x8c,0x17,0xef,0x96,0xde,0xf7,0xee,0x17,0xef,0xb6,0xde,0x8f,0x9c,0x40,0x08,0x00,0x00,0x0a,0x63,0x29,0x73,0x9c,0xf7,
    0x9c,0xf7,0xac,0x7b,0x2b,0x6b,0x00,0x00,0x68,0x52,0xfa,0xff,0xfa,0xff,0x0a,0x63,0xec,0x83,0xfa,0xff,0xfc,0xff,0x88,0x5a,
    0x00,0x00,0xc3,0x18,0x38,0xf7,0xb9,0xff,0xd9,0xff,0x95,0xde,0x41,0x08,0x00,0x00,0xa5,0x39,0x99,0xff,0xfa,0xff,0xcc,0x83,
    0x8b,0x7b,0xd9,0xff,0xfb,0xff,0xe9,0x62,0x00,0x00,0x0a,0x6b,0x29,0x73,0x9c,0xf7,0x9c,0xf7,0xac,0x7b,0x0a,0x6b,0x00,0x00,
    0xa6,0x39,0x78,0xff,0x99,0xff,0xc9,0x5a,0xac,0x7b,0xd9,0xff,0x75,0xde,0x44,0x29,0x00,0x00,0x68,0x52,0x98,0xff,0xcf,0xa4,
    0x37,0xf7,0x99,0xff,0xe6,0x41,0x00,0x00,0x24,0x21,0x17,0xf7,0xd9,0xff,0xc9,0x62,0x68,0x52,0x98,0xff,0x77,0xff,0x47,0x52,
    0x00,0x00,0x0a,0x6b,0x4a,0x73,0x9c,0xf7,0x9c,0xf7,0xab,0x7b,0xe9,0x62,0x00,0x00,0xe6,0x41,0x78,0xff,0x37,0xff,0x17,0xf7,
    0x77,0xff,0x77,0xff,0x31,0xb5,0x61,0x10,0x00,0x00,0xcf,0xa4,0x16,0xf7,0x07,0x42,0xd5,0xee,0xd9,0xff,0x0d,0x8c,0x00,0x00,
    0x44,0x29,0x16,0xf7,0x16,0xff,0x37,0xff,0x98,0xff,0x77,0xff,0x8e,0x9c,0x00,0x00,0x00,0x00,0xe9,0x62,0x29,0x73,0x9c,0xf7,
    0x9c,0xf7,0x8b,0x7b,0xc9,0x62,0x00,0x00,0xa5,0x39,0x36,0xff,0x77,0xff,0x84,0x31,0x85,0x39,0x56,0xff,0xb8,0xff,0xab,0x83,
    0x00,0x00,0xb5,0xe6,0xd5,0xee,0x74,0xe6,0xb5,0xee,0x56,0xff,0xf2,0xcd,0x00,0x00,0xe3,0x20,0xd4,0xee,0x76,0xff,0xe9,0x62,
    0x8a,0x7b,0x56,0xff,0xd5,0xee,0x23,0x29,0x00,0x00,0xe9,0x62,0x29,0x73,0x9c,0xf7,0x9c,0xf7,0x8b,0x7b,0xc9,0x62,0x00,0x00,
    0xe9,0x62,0x77,0xff,0x77,0xff,0xcc,0x83,0x2d,0x8c,0x77,0xff,0xd8,0xff,0x4a,0x73,0xe9,0x6a,0xf8,0xff,0x6d,0x9c,0x03,0x21,
    0xef,0xac,0x76,0xff,0x56,0xff,0x06,0x4a,0xc6,0x41,0x35,0xff,0x96,0xff,0x09,0x6b,0x84,0x31,0x76,0xff,0x76,0xff,0x4a,0x73,
    0x00,0x00,0xe9,0x62,0x29,0x73,0x9c,0xf7,0x9c,0xf7,0x8a,0x7b,0xc8,0x62,0x00,0x00,0x8d,0x9c,0x12,0xd6,0xb1,0xcd,0x12,0xd6,
    0x12,0xd6,0xb1,0xc5,0xeb,0x8b,0xa2,0x10,0x70,0xbd,0xf2,0xd5,0x8d,0xa4,0x00,0x00,0x0f,0xb5,0xb1,0xcd,0x12,0xd6,0x0c,0x94,
    0xaa,0x83,0x11,0xd6,0xb0,0xcd,0xad,0xa4,0x03,0x21,0x70,0xc5,0xd1,0xcd,0xad,0xa4,0x00,0x00,0xc9,0x62,0x29,0x73,0x9c,0xf7,
    0x9c,0xf7,0x6a,0x7b,0xa8,0x62,0x00,0x00,0x21,0x00,0x21,0x00,0x21,0x00,0x00,0x00,0x00,0x00,0x00,0x00,0x00,0x00,0x00,0x00,
    0x00,0x00,0x21,0x00,0x21,0x00,0x21,0x00,0x21,0x00,0x21,0x00,0x21,0x00,0x00,0x00,0x21,0x00,0x21,0x00,0x21,0x00,0x21,0x00,
    0x00,0x00,0x00,0x00,0x21,0x00,0x21,0x00,0x21,0x00,0x2a,0x6b,0x08,0x6b,0x9c,0xf7,0x9c,0xf7,0x68,0x52,0x6c,0x9c,0xab,0x7b,
    0xac,0x7b,0xac,0x7b,0xab,0x7b,0xac,0x7b,0xab,0x7b,0xab,0x7b,0xcc,0x83,0xac,0x83,0x8b,0x7b,0x8b,0x7b,0x8b,0x7b,0xab,0x7b,
    0xab,0x7b,0xac,0x7b,0xab,0x7b,0xab,0x7b,0x8b,0x7b,0xab,0x7b,0xab,0x83,0xab,0x83,0xab,0x83,0x8b,0x7b,0x8b,0x7b,0x8b,0x7b,
    0xab,0x83,0x4c,0x9c,0x47,0x52,0x9c,0xf7,0x9c,0xf7,0xf6,0xc5,0x47,0x52,0x87,0x5a,0x87,0x5a,0x87,0x5a,0x87,0x5a,0x67,0x5a,
    0x67,0x5a,0x67,0x5a,0x67,0x5a,0x87,0x5a,0x67,0x5a,0x67,0x5a,0x67,0x5a,0x67,0x5a,0x67,0x5a,0x67,0x5a,0x67,0x5a,0x67,0x5a,
    0x66,0x5a,0x66,0x5a,0x66,0x5a,0x67,0x5a,0x67,0x5a,0x67,0x5a,0x67,0x5a,0x66,0x5a,0x66,0x5a,0x27,0x4a,0x37,0xce,0x9c,0xf7,
    0x9c,0xf7,0x9c,0xf7,0x9c,0xf7,0x9c,0xf7,0x9c,0xf7,0x9c,0xf7,0x9c,0xf7,0x9c,0xf7,0x9c,0xf7,0x9c,0xf7,0x9c,0xf7,0x9c,0xf7,
    0x9c,0xf7,0x9c,0xf7,0x9c,0xf7,0x9c,0xf7,0x9c,0xf7,0x9c,0xf7,0x9c,0xf7,0x9c,0xf7,0x9c,0xf7,0x9c,0xf7,0x9c,0xf7,0x9c,0xf7,
    0x9c,0xf7,0x9c,0xf7,0x9c,0xf7,0x9c,0xf7,0x9c,0xf7,0x9c,0xf7,0x9c,0xf7,0x9c,0xf7,0x9c,0xf7,0x9c,0xf7,0x9c,0xf7,0x9c,0xf7,
    0x9c,0xf7,0x9c,0xf7,0x9c,0xf7,0x9c,0xf7,0x9c,0xf7,0x9c,0xf7,0x9c,0xf7,0x9c,0xf7,0x9c,0xf7,0x9c,0xf7,0x9c,0xf7,0x9c,0xf7,
    0x9c,0xf7,0x9c,0xf7,0x9c,0xf7,0x9c,0xf7,0x9c,0xf7,0x9c,0xf7,0x9c,0xf7,0x9c,0xf7,0x9c,0xf7,0x9c,0xf7,0x9c,0xf7,0x9c,0xf7,
    0x9c,0xf7,0x9c,0xf7,0x9c,0xf7,0x9c,0xf7,0x9c,0xf7,0x9c,0xf7,0x9c,0xf7,0x9c,0xf7,0x9c,0xf7,0x9c,0xf7,0x9c,0xf7,0x9c,0xf7,
    0x9c,0xf7,0x9c,0xf7,0x9c,0xf7,0x9c,0xf7,0x9c,0xf7,0x9c,0xf7,0x9c,0xf7,0x9c,0xf7,0x9c,0xf7,0x9c,0xf7,0x9c,0xf7,0x9c,0xf7,
    0x9c,0xf7,0x9c,0xf7,0x9c,0xf7,0x9c,0xf7,0x9c,0xf7,0x9c,0xf7,0x9c,0xf7,0x9c,0xf7,0x9c,0xf7,0x9c,0xf7,0x9c,0xf7,0x9c,0xf7,
    0x9c,0xf7,0x9c,0xf7,0x9c,0xf7,0x9c,0xf7,0x9c,0xf7,0x9c,0xf7,0x9c,0xf7,0x9c,0xf7,0x9c,0xf7,0x9c,0xf7,0x9c,0xf7,0x9c,0xf7,
    0x9c,0xf7,0x9c,0xf7,0x9c,0xf7,0x9c,0xf7,0x9c,0xf7,0x9c,0xf7,0x9c,0xf7,0x9c,0xf7,0x9c,0xf7,0x9c,0xf7,0x9c,0xf7,0x9c,0xf7,
    0x9c,0xf7,0x9c,0xf7,0x9c,0xf7,0x9c,0xf7,0x9c,0xf7,0x9c,0xf7,0x9c,0xf7,0x9c,0xf7,0x9c,0xf7,0x9c,0xf7,0x9c,0xf7,0x9c,0xf7,
    0x9c,0xf7,0x9c,0xf7,0x9c,0xf7,0x9c,0xf7,0x9c,0xf7,0x9c,0xf7,0x9c,0xf7,0x9c,0xf7,0x9c,0xf7,0x9c,0xf7,0x9c,0xf7,0x9c,0xf7,
    0x9c,0xf7,0x9c,0xf7,0x9c,0xf7,0x9c,0xf7,0x9c,0xf7,0x9c,0xf7,0x9c,0xf7,0x9c,0xf7,0x9c,0xf7,0x9c,0xf7,0x9c,0xf7,0x9c,0xf7,
    0x9c,0xf7,0x9c,0xf7,0x9c,0xf7,0x9c,0xf7,0x9c,0xf7,0x9c,0xf7,0x9c,0xf7,0x9c,0xf7,0x9c,0xf7,0x9c,0xf7,0x9c,0xf7,0x9c,0xf7,
    0x9c,0xf7,0x9c,0xf7,0x9c,0xf7,0x9c,0xf7,0x9c,0xf7,0x9c,0xf7,0x9c,0xf7,0x9c,0xf7,0x9c,0xf7,0x9c,0xf7,0x9c,0xf7,0x9c,0xf7,
    0x9c,0xf7,0x9c,0xf7,0x9c,0xf7,0x9c,0xf7,0x9c,0xf7,0x9c,0xf7,0x9c,0xf7,0x9c,0xf7,0x9c,0xf7,0x9c,0xf7,0x9c,0xf7,0x9c,0xf7,
    0x9c,0xf7,0x9c,0xf7,0x9c,0xf7,0x9c,0xf7,0x9c,0xf7,0x9c,0xf7,0x9c,0xf7,0x9c,0xf7,0x9c,0xf7,0x9c,0xf7,0x9c,0xf7,0x9c,0xf7,
    0x9c,0xf7,0x9c,0xf7,0x9c,0xf7,0x9c,0xf7,0x9c,0xf7,0x9c,0xf7,0x9c,0xf7,0x9c,0xf7,0x9c,0xf7,0x9c,0xf7,0x9c,0xf7,0x9c,0xf7,
    0x9c,0xf7,0x9c,0xf7,0x9c,0xf7,0x9c,0xf7,0x9c,0xf7,0x9c,0xf7,0x9c,0xf7,0x9c,0xf7,0x9c,0xf7,0x9c,0xf7,0x9c,0xf7,0x9c,0xf7,
    0x9c,0xf7,0x9c,0xf7,0x9c,0xf7,0x9c,0xf7,0x9c,0xf7,0x9c,0xf7,0x9c,0xf7,0x9c,0xf7,0x9c,0xf7,0x9c,0xf7,0x9c,0xf7,0x9c,0xf7,
    0x9c,0xf7,0x9c,0xf7,0x9c,0xf7,0x9c,0xf7,0x9c,0xf7,0x9c,0xf7,0x9c,0xf7,0x9c,0xf7,0x9c,0xf7,0x9c,0xf7,0x9c,0xf7,0x9c,0xf7,
    0x9c,0xf7,0x9c,0xf7,0x9c,0xf7,0x9c,0xf7,0x9c,0xf7,0x9c,0xf7,0x9c,0xf7,0x9c,0xf7,0x9c,0xf7,0x9c,0xf7,0x9c,0xf7,0x9c,0xf7,
    0x9c,0xf7,0x9c,0xf7,0x9c,0xf7,0x9c,0xf7,0x9c,0xf7,0x9c,0xf7,0x9c,0xf7,0x9c,0xf7,0x9c,0xf7,0x9c,0xf7,0x9c,0xf7,0x9c,0xf7,
    0x9c,0xf7,0x9c,0xf7,0x9c,0xf7,0x9c,0xf7,0x9c,0xf7,0x9c,0xf7,0x9c,0xf7,0x9c,0xf7,0x9c,0xf7,0x9c,0xf7,0x9c,0xf7,0x9c,0xf7,
    0x9c,0xf7,0x9c,0xf7,0x9c,0xf7,0x9c,0xf7,0x9c,0xf7,0x9c,0xf7,0x9c,0xf7,0x9c,0xf7,0x9c,0xf7,0x9c,0xf7,0x9c,0xf7,0x9c,0xf7,
    0x9c,0xf7,0x9c,0xf7,0x9c,0xf7,0x9c,0xf7,0x9c,0xf7,0x9c,0xf7,0x9c,0xf7,0x9c,0xf7,0x9c,0xf7,0x9c,0xf7,0x9c,0xf7,0x9c,0xf7,
    0x9c,0xf7,0x9c,0xf7,0x9c,0xf7,0x9c,0xf7,0x9c,0xf7,0x9c,0xf7,0x9c,0xf7,0x9c,0xf7,0x9c,0xf7,0x9c,0xf7,0x9c,0xf7,0x9c,0xf7,
    0x9c,0xf7,0x9c,0xf7,0x9c,0xf7,0x9c,0xf7,0x9c,0xf7,0x9c,0xf7,0x9c,0xf7,0x9c,0xf7,0x9c,0xf7,0x9c,0xf7,0x9c,0xf7,0x9c,0xf7,
    0x9c,0xf7,0x9c,0xf7,0x9c,0xf7,0x9c,0xf7,0x9c,0xf7,0x9c,0xf7,0x9c,0xf7,0x9c,0xf7,0x9c,0xf7,0x9c,0xf7,0x9c,0xf7,0x9c,0xf7,
    0x9c,0xf7,0x9c,0xf7,0x9c,0xf7,0x9c,0xf7,0x9c,0xf7,0x9c,0xf7,0x9c,0xf7,0x9c,0xf7,0x9c,0xf7,0x9c,0xf7,0x9c,0xf7,0x9c,0xf7,
    0x9c,0xf7,0x9c,0xf7,0x9c,0xf7,0x9c,0xf7,0x9c,0xf7,0x9c,0xf7,0x9c,0xf7,0x9c,0xf7,0x9c,0xf7,0x9c,0xf7,0x9c,0xf7,0x9c,0xf7,
    0x9c,0xf7,0x9c,0xf7,0x9c,0xf7,0x9c,0xf7,0x9c,0xf7,0x9c,0xf7,0x9c,0xf7,0x9c,0xf7,0x9c,0xf7,0x9c,0xf7,0x9c,0xf7,0x9c,0xf7,
};

static const uint8_t slot_small_bell_pixels[2304] __attribute__((aligned(4))) = {
    0x9c,0xf7,0x9c,0xf7,0x9c,0xf7,0x9c,0xf7,0x9c,0xf7,0x9c,0xf7,0x9c,0xf7,0x9c,0xf7,0x9c,0xf7,0x9c,0xf7,0x9c,0xf7,0x9c,0xf7,
    0x9c,0xf7,0x9c,0xf7,0x9c,0xf7,0x9c,0xf7,0x9c,0xf7,0x9c,0xf7,0x9c,0xf7,0x9c,0xf7,0x9c,0xf7,0x9c,0xf7,0x9c,0xf7,0x9c,0xf7,
    0x9c,0xf7,0x9c,0xf7,0x9c,0xf7,0x9c,0xf7,0x9c,0xf7,0x9c,0xf7,0x9c,0xf7,0x9c,0xf7,0x9c,0xf7,0x9c,0xf7,0x9c,0xf7,0x9c,0xf7,
    0x9c,0xf7,0x9c,0xf7,0x9c,0xf7,0x9c,0xf7,0x9c,0xf7,0x9c,0xf7,0x9c,0xf7,0x9c,0xf7,0x9c,0xf7,0x9c,0xf7,0x9c,0xf7,0x9c,0xf7,
    0x9c,0xf7,0x9c,0xf7,0x9c,0xf7,0x9c,0xf7,0x9c,0xf7,0x9c,0xf7,0x9c,0xf7,0x9c,0xf7,0x9c,0xf7,0x9c,0xf7,0x9c,0xf7,0x9c,0xf7,
    0x9c,0xf7,0x9c,0xf7,0x9c,0xf7,0x9c,0xf7,0x9c,0xf7,0x9c,0xf7,0x9c,0xf7,0x9c,0xf7,0x9c,0xf7,0x9c,0xf7,0x9c,0xf7,0x9c,0xf7,
    0x9c,0xf7,0x9c,0xf7,0x9c,0xf7,0x9c,0xf7,0x9c,0xf7,0x9c,0xf7,0x16,0xc6,0xc8,0x93,0x23,0x93,0x4f,0x94,0x9c,0xf7,0x9c,0xf7,
    0x9c,0xf7,0x9c,0xf7,0x9c,0xf7,0x9c,0xf7,0x9c,0xf7,0x9c,0xf7,0x9c,0xf7,0x9c,0xf7,0x9c,0xf7,0x9c,0xf7,0x9c,0xf7,0x9c,0xf7,
    0x9c,0xf7,0x9c,0xf7,0x9c,0xf7,0x9c,0xf7,0x9c,0xf7,0x9c,0xf7,0x9c,0xf7,0x9c,0xf7,0x9c,0xf7,0x9c,0xf7,0x9c,0xf7,0x9c,0xf7,
    0xb9,0xde,0x52,0xb5,0x07,0x7b,0x0c,0xee,0x62,0xcc,0x62,0x49,0xcf,0xac,0xb5,0xbd,0x9c,0xf7,0x9c,0xf7,0x9c,0xf7,0x9c,0xf7,
    0x9c,0xf7,0x9c,0xf7,0x9c,0xf7,0x9c,0xf7,0x9c,0xf7,0x9c,0xf7,0x9c,0xf7,0x9c,0xf7,0x9c,0xf7,0x9c,0xf7,0x9c,0xf7,0x9c,0xf7,
    0x9c,0xf7,0x9c,0xf7,0x9c,0xf7,0x9c,0xf7,0x9c,0xf7,0x7c,0xf7,0x9c,0xf7,0x78,0xd6,0x09,0x9c,0xc6,0xcc,0x62,0x7a,0xe6,0xcc,
    0x40,0xab,0x40,0x51,0xa3,0xb3,0x01,0x93,0xb1,0xa4,0x9c,0xf7,0x7c,0xf7,0x9c,0xf7,0x9c,0xf7,0x9c,0xf7,0x9c,0xf7,0x9c,0xf7,
    0x9c,0xf7,0x9c,0xf7,0x9c,0xf7,0x9c,0xf7,0x9c,0xf7,0x9c,0xf7,0x9c,0xf7,0x9c,0xf7,0x9c,0xf7,0x9c,0xf7,0x9c,0xf7,0x9c,0xf7,
    0x9c,0xf7,0x7b,0xf7,0x7c,0xf7,0x12,0xad,0xc5,0xd4,0x41,0x72,0x24,0x29,0xa6,0xcc,0xa0,0x9a,0xe3,0x28,0x44,0x6a,0x01,0xa3,
    0xe9,0x6a,0x7c,0xf7,0x7b,0xf7,0x9c,0xf7,0x9c,0xf7,0x9c,0xf7,0x9c,0xf7,0x9c,0xf7,0x9c,0xf7,0x9c,0xf7,0x9c,0xf7,0x9c,0xf7,
    0x9c,0xf7,0x9c,0xf7,0x9c,0xf7,0x9c,0xf7,0x9c,0xf7,0x9c,0xf7,0x9c,0xf7,0x9c,0xf7,0x9c,0xf7,0x7c,0xf7,0x9c,0xf7,0x3a,0xef,
    0x83,0x7a,0x60,0x82,0xc3,0x51,0xc5,0xab,0x81,0x8a,0x62,0x49,0xa3,0x7a,0x80,0x59,0xd2,0x9c,0x9c,0xf7,0x9c,0xf7,0x9c,0xf7,
    0x9c,0xf7,0x9c,0xf7,0x9c,0xf7,0x9c,0xf7,0x9c,0xf7,0x9c,0xf7,0x9c,0xf7,0x9c,0xf7,0x9c,0xf7,0x9c,0xf7,0x9c,0xf7,0x9c,0xf7,
    0x9c,0xf7,0x9c,0xf7,0x9c,0xf7,0x9c,0xf7,0x7c,0xf7,0x9c,0xf7,0x94,0xb5,0xe9,0x93,0x45,0xb4,0x2f,0xe6,0xf0,0xfe,0xc5,0xed,
    0xa2,0xdc,0x82,0xdc,0x00,0xab,0xe0,0x71,0x83,0x72,0x8e,0xa4,0x5b,0xef,0x9c,0xf7,0x9c,0xf7,0x9c,0xf7,0x9c,0xf7,0x9c,0xf7,
    0x9c,0xf7,0x9c,0xf7,0x9c,0xf7,0x9c,0xf7,0x9c,0xf7,0x9c,0xf7,0x9c,0xf7,0x9c,0xf7,0x9c,0xf7,0x9c,0xf7,0x9c,0xf7,0x9c,0xf7,
    0x9c,0xf7,0x8e,0x9c,0x03,0x8b,0xe2,0xbb,0xe9,0xed,0xf7,0xf6,0x0c,0xe6,0x83,0xcc,0x42,0xab,0xe3,0xbb,0xe2,0x9a,0xa0,0x61,
    0x40,0x59,0xc0,0x9a,0x27,0x83,0x3b,0xef,0x9c,0xf7,0x9c,0xf7,0x9c,0xf7,0x9c,0xf7,0x9c,0xf7,0x9c,0xf7,0x9c,0xf7,0x9c,0xf7,
    0x9c,0xf7,0x9c,0xf7,0x9c,0xf7,0x9c,0xf7,0x9c,0xf7,0x9c,0xf7,0x7c,0xf7,0x9c,0xf7,0x36,0xce,0xc2,0x82,0x81,0x82,0xa2,0xab,
    0x8b,0xdd,0x74,0xe6,0xaa,0xdd,0x84,0xcc,0xa3,0xbb,0xe3,0xbb,0x42,0xa3,0xe0,0x71,0xe0,0x40,0x01,0x72,0x01,0x9b,0x70,0x9c,
    0x9c,0xf7,0x7b,0xf7,0x9c,0xf7,0x9c,0xf7,0x9c,0xf7,0x9c,0xf7,0x9c,0xf7,0x9c,0xf7,0x9c,0xf7,0x9c,0xf7,0x9c,0xf7,0x9c,0xf7,
    0x9c,0xf7,0x9c,0xf7,0x7b,0xf7,0x9c,0xf7,0xd1,0xa4,0xa1,0x8a,0x82,0x7a,0x23,0xbc,0x8c,0xd5,0x32,0xe6,0x68,0xdd,0x83,0xcc,
    0x82,0xb3,0xa2,0xbb,0xe2,0x92,0xe0,0x71,0x60,0x59,0xa0,0x61,0x21,0xa3,0x09,0x73,0x9c,0xf7,0x7c,0xf7,0x9c,0xf7,0x9c,0xf7,
    0x9c,0xf7,0x9c,0xf7,0x9c,0xf7,0x9c,0xf7,0x9c,0xf7,0x9c,0xf7,0x9c,0xf7,0x9c,0xf7,0x9c,0xf7,0x9c,0xf7,0x7b,0xf7,0x9c,0xf7,
    0xec,0x8b,0x82,0x82,0xa1,0x92,0xe1,0xdc,0x13,0xf7,0xdb,0xff,0xe9,0xfe,0x80,0xf5,0xa0,0xe4,0x60,0xf5,0x60,0xbb,0x60,0x61,
    0xc0,0x40,0x40,0x59,0xe1,0x9a,0xa6,0x6a,0x9c,0xf7,0x9c,0xf7,0x9c,0xf7,0x9c,0xf7,0x9c,0xf7,0x9c,0xf7,0x9c,0xf7,0x9c,0xf7,
    0x9c,0xf7,0x9c,0xf7,0x9c,0xf7,0x9c,0xf7,0x9c,0xf7,0x9c,0xf7,0x9c,0xf7,0x9c,0xf7,0x88,0x8b,0x80,0x8a,0xc0,0x9a,0xc1,0xf5,
    0x96,0xff,0xbb,0xff,0xa8,0xfe,0x81,0xf5,0xa0,0xdc,0x41,0xed,0xc0,0xc3,0xa0,0x71,0xe0,0x40,0xe0,0x48,0xa0,0xbb,0xa3,0x7a,
    0x5b,0xf7,0x9c,0xf7,0x9c,0xf7,0x9c,0xf7,0x9c,0xf7,0x9c,0xf7,0x9c,0xf7,0x9c,0xf7,0x9c,0xf7,0x9c,0xf7,0x9c,0xf7,0x9c,0xf7,
    0x9c,0xf7,0x9c,0xf7,0x9c,0xf7,0x7b,0xf7,0x66,0x93,0xc1,0x9a,0x20,0xab,0xe3,0xfd,0x98,0xff,0xba,0xff,0x87,0xfe,0x81,0xf5,
    0xa0,0xdc,0x41,0xed,0x00,0xcc,0x00,0x82,0xe0,0x40,0xe0,0x48,0x61,0xb3,0xe2,0x8a,0xd9,0xde,0x9c,0xf7,0x9c,0xf7,0x9c,0xf7,
    0x9c,0xf7,0x9c,0xf7,0x9c,0xf7,0x9c,0xf7,0x9c,0xf7,0x9c,0xf7,0x9c,0xf7,0x9c,0xf7,0x9c,0xf7,0x7c,0xf7,0x9c,0xf7,0x78,0xd6,
    0x63,0x9b,0x60,0x8a,0xa0,0xbb,0x45,0xfe,0xba,0xff,0x98,0xff,0x87,0xfe,0x81,0xf5,0xa0,0xdc,0x41,0xed,0x20,0xcc,0x00,0x82,
    0xe0,0x40,0xe0,0x48,0xe1,0x9a,0x82,0xab,0x95,0xb5,0x9c,0xf7,0x7c,0xf7,0x9c,0xf7,0x9c,0xf7,0x9c,0xf7,0x9c,0xf7,0x9c,0xf7,
    0x9c,0xf7,0x9c,0xf7,0x9c,0xf7,0x9c,0xf7,0x9c,0xf7,0x7b,0xf7,0x9c,0xf7,0x32,0xad,0xc3,0xb3,0x20,0x8a,0x60,0xd4,0x67,0xfe,
    0xdc,0xff,0x97,0xff,0x87,0xfe,0x81,0xf5,0xa0,0xdc,0x41,0xed,0x60,0xd4,0x20,0x8a,0x00,0x49,0xe0,0x48,0x41,0x8a,0x43,0xcc,
    0x0e,0x94,0x9c,0xf7,0x7b,0xf7,0x9c,0xf7,0x9c,0xf7,0x9c,0xf7,0x9c,0xf7,0x9c,0xf7,0x9c,0xf7,0x9c,0xf7,0x9c,0xf7,0x9c,0xf7,
    0x9c,0xf7,0x9c,0xf7,0x9c,0xf7,0x0b,0x94,0xa2,0xb3,0x40,0x8a,0xe0,0xe4,0xaa,0xfe,0xde,0xff,0x74,0xff,0x66,0xfe,0x81,0xf5,
    0xa0,0xdc,0x61,0xed,0xa0,0xdc,0x60,0x92,0x20,0x51,0x00,0x41,0xa0,0x71,0xa3,0xd4,0xe7,0x7a,0x9c,0xf7,0x9c,0xf7,0x9c,0xf7,
    0x9c,0xf7,0x9c,0xf7,0x9c,0xf7,0x9c,0xf7,0x9c,0xf7,0x9c,0xf7,0x9c,0xf7,0x9c,0xf7,0x9c,0xf7,0x9c,0xf7,0x3a,0xef,0x65,0x93,
    0x01,0xa3,0xc0,0x9a,0x60,0xed,0x0f,0xff,0xff,0xff,0x74,0xff,0x85,0xfe,0x60,0xf5,0x80,0xdc,0x61,0xed,0x00,0xed,0xc0,0xa2,
    0x80,0x61,0xe0,0x40,0x20,0x59,0x63,0xd4,0xe3,0x82,0xd9,0xe6,0x9c,0xf7,0x9c,0xf7,0x9c,0xf7,0x9c,0xf7,0x9c,0xf7,0x9c,0xf7,
    0x9c,0xf7,0x9c,0xf7,0x9c,0xf7,0x9c,0xf7,0x7b,0xf7,0x9c,0xf7,0x53,0xad,0xe4,0xb3,0x20,0x8a,0x80,0xbb,0xc2,0xf5,0x12,0xff,
    0x9c,0xff,0xf2,0xf6,0x06,0xf6,0x22,0xe5,0x42,0xcc,0x82,0xd4,0xa2,0xd4,0x21,0xab,0xa0,0x69,0xe0,0x40,0xe0,0x48,0x22,0xa3,
    0x23,0xc4,0x90,0x9c,0x9c,0xf7,0x7b,0xf7,0x9c,0xf7,0x9c,0xf7,0x9c,0xf7,0x9c,0xf7,0x9c,0xf7,0x9c,0xf7,0x9c,0xf7,0x9c,0xf7,
    0x9c,0xf7,0x9c,0xf7,0x88,0x8b,0xe2,0xbb,0x22,0x7a,0x23,0xc4,0x87,0xe5,0xd4,0xee,0xf6,0xee,0x2c,0xee,0x87,0xe5,0xa5,0xd4,
    0xe5,0xbb,0xe4,0xbb,0xc6,0xd4,0xc4,0xb3,0x82,0x8a,0xc1,0x61,0x41,0x49,0x21,0x7a,0x83,0xdc,0x25,0x62,0x9c,0xf7,0x7c,0xf7,
    0x9c,0xf7,0x9c,0xf7,0x9c,0xf7,0x9c,0xf7,0x9c,0xf7,0x9c,0xf7,0x9c,0xf7,0x7c,0xf7,0x9c,0xf7,0xb5,0xbd,0x03,0x8b,0x03,0x93,
    0x03,0x93,0x64,0xc4,0x0a,0xee,0xf6,0xee,0x17,0xf7,0x8d,0xf6,0xa5,0xed,0xa2,0xd4,0x02,0xc4,0x22,0xc4,0xe3,0xdc,0x42,0xcc,
    0xa0,0x9a,0xc0,0x69,0x80,0x59,0x81,0x61,0x63,0xa3,0xe3,0x8a,0xf2,0xa4,0x9c,0xf7,0x7b,0xf7,0x9c,0xf7,0x9c,0xf7,0x9c,0xf7,
    0x9c,0xf7,0x9c,0xf7,0x7c,0xf7,0x9c,0xf7,0x3b,0xef,0x06,0x7b,0xe3,0xb3,0x01,0x72,0x61,0xab,0x23,0xdd,0x8d,0xf6,0x39,0xf7,
    0xf4,0xf6,0x4b,0xee,0xc7,0xed,0x04,0xdd,0x44,0xcc,0x44,0xc4,0xc5,0xd4,0xa4,0xd4,0x43,0xab,0x42,0x82,0x81,0x59,0x20,0x51,
    0x60,0x8a,0x64,0xd4,0x02,0x62,0xd9,0xde,0x9c,0xf7,0x7c,0xf7,0x9c,0xf7,0x9c,0xf7,0x9c,0xf7,0x9c,0xf7,0x7b,0xf7,0x9c,0xf7,
    0xab,0x83,0x64,0xc4,0xc3,0x92,0x23,0x9b,0xc4,0xcc,0x0c,0xe6,0x39,0xef,0x5a,0xf7,0x12,0xff,0x89,0xf6,0xc3,0xf5,0x42,0xed,
    0x81,0xd4,0x21,0xcc,0xe2,0xdc,0xe4,0xf5,0xc3,0xdc,0xe2,0x9a,0x21,0x7a,0xa1,0x61,0x01,0x72,0x04,0xbc,0xc3,0xbb,0x47,0x62,
    0x9c,0xf7,0x9c,0xf7,0x9c,0xf7,0x9c,0xf7,0x9c,0xf7,0x7c,0xf7,0x9c,0xf7,0x70,0x94,0x84,0x9b,0x84,0xa3,0xa2,0x92,0x41,0xcc,
    0xe2,0xf5,0x31,0xff,0xff,0xff,0xfc,0xff,0x90,0xff,0xe7,0xfe,0x21,0xfe,0x60,0xf5,0x80,0xe4,0x20,0xd4,0xc0,0xe4,0x02,0xfe,
    0x20,0xed,0xc0,0xa2,0x80,0x71,0xc0,0x40,0x00,0x49,0x61,0x92,0x47,0xe5,0x62,0xa3,0x6b,0x7b,0x5b,0xf7,0x7c,0xf7,0x9c,0xf7,
    0x9c,0xf7,0x9c,0xf7,0xb1,0xa4,0x86,0xbc,0xc2,0xbb,0x40,0x61,0x20,0xab,0x21,0xed,0xa9,0xfe,0x75,0xff,0x9c,0xff,0xf6,0xee,
    0x2e,0xe6,0x89,0xdd,0xe5,0xcc,0x65,0xc4,0x04,0xbc,0xc4,0xb3,0x24,0xbc,0xe5,0xcc,0x05,0xd5,0xc3,0xbb,0xc1,0x9a,0xc1,0x69,
    0x20,0x49,0x80,0x71,0xe3,0xdc,0xa5,0xf5,0x60,0x92,0xed,0x8b,0x9c,0xf7,0x9c,0xf7,0x9c,0xf7,0x5b,0xf7,0x46,0x83,0x06,0xfe,
    0x60,0x8a,0xe3,0x92,0xc5,0xab,0x86,0x9b,0xe5,0x7a,0x25,0x62,0x82,0x51,0x01,0x41,0xc0,0x30,0xa0,0x28,0x80,0x28,0xc0,0x40,
    0x80,0x30,0x60,0x20,0x60,0x20,0x80,0x28,0xc1,0x30,0x21,0x41,0x61,0x49,0xa1,0x59,0x02,0x6a,0x22,0x72,0xa2,0xab,0x07,0xf6,
    0x81,0xbb,0x01,0x72,0xd9,0xde,0x9c,0xf7,0x9c,0xf7,0x12,0xad,0x66,0xbc,0x65,0xbc,0xe2,0x61,0x41,0x49,0xa0,0x28,0x20,0x18,
    0x00,0x10,0x00,0x10,0x20,0x10,0x20,0x18,0x40,0x18,0x40,0x18,0x60,0x20,0xa3,0xab,0x40,0x59,0x20,0x18,0x20,0x18,0x20,0x10,
    0x20,0x18,0x20,0x18,0x20,0x18,0x20,0x20,0x20,0x18,0x60,0x20,0xe1,0x38,0x03,0x62,0x44,0x9b,0x02,0x9b,0x4f,0x94,0x9c,0xf7,
    0x9c,0xf7,0x08,0x73,0xc4,0x82,0xa0,0x30,0x40,0x20,0x60,0x28,0x80,0x38,0xc0,0x40,0xa0,0x30,0x60,0x28,0x60,0x20,0x60,0x20,
    0x80,0x28,0x20,0x18,0x00,0x41,0x64,0xcc,0x60,0x61,0xa0,0x30,0x40,0x18,0x60,0x20,0x80,0x28,0xa0,0x30,0xe0,0x40,0x00,0x41,
    0xe0,0x40,0xe0,0x40,0x80,0x30,0x60,0x28,0x80,0x30,0x21,0x7a,0x85,0x6a,0x9c,0xf7,0x9c,0xf7,0xa1,0x59,0xc0,0x71,0x80,0x30,
    0xe0,0x48,0x60,0x61,0x60,0x92,0x60,0x8a,0x40,0x51,0xc0,0x38,0x80,0x28,0x80,0x28,0x80,0x28,0x40,0x51,0xc6,0xd4,0x05,0xdd,
    0x20,0x8a,0x00,0x49,0xc0,0x38,0x60,0x28,0xc0,0x38,0x00,0x49,0xc0,0x69,0xc0,0x9a,0x60,0x8a,0xc0,0x71,0x60,0x61,0x20,0x59,
    0xc0,0x38,0xa0,0x71,0x00,0x41,0x9c,0xf7,0x9c,0xf7,0x2f,0x94,0xa0,0x61,0x00,0x7a,0xe0,0x71,0x00,0xab,0x21,0xf5,0x40,0xb3,
    0x80,0x69,0x00,0x49,0xc0,0x38,0xc0,0x38,0xa0,0x30,0x82,0xcc,0xfc,0xff,0x51,0xff,0x00,0xcc,0x00,0x51,0x80,0x61,0xa0,0x30,
    0x00,0x49,0xe0,0x79,0x40,0xab,0x21,0xe5,0x60,0xd4,0x20,0xab,0x60,0x8a,0x01,0x7a,0x20,0x7a,0x80,0x59,0xee,0x8b,0x9c,0xf7,
    0x9c,0xf7,0x9c,0xf7,0x74,0xb5,0xc7,0x6a,0x01,0x6a,0x63,0xa3,0x05,0xdd,0x41,0xb3,0xe0,0x79,0x40,0x59,0xe0,0x40,0x00,0x49,
    0x40,0x51,0x01,0xc4,0x8b,0xfe,0xa4,0xf5,0x00,0xb3,0xa0,0x38,0x00,0x7a,0x00,0x49,0x40,0x59,0x40,0x8a,0xa0,0xc3,0xe5,0xfd,
    0xa6,0xed,0xc3,0xb3,0xa2,0x8a,0x02,0x6a,0xa8,0x6a,0x74,0xb5,0x9c,0xf7,0x9c,0xf7,0x9c,0xf7,0x7c,0xf7,0x9c,0xf7,0x9c,0xf7,
    0x78,0xd6,0x70,0x9c,0x2b,0x73,0x86,0x6a,0x02,0x62,0x80,0x51,0x60,0x51,0x40,0x59,0x20,0x49,0xa0,0x92,0x00,0xab,0x60,0x92,
    0xc0,0x40,0xe0,0x48,0xc1,0x92,0xc0,0x38,0x80,0x59,0xe0,0x69,0x62,0x72,0xc6,0x72,0xc8,0x6a,0x4b,0x7b,0x91,0x9c,0x78,0xd6,
    0x9c,0xf7,0x9c,0xf7,0x7c,0xf7,0x9c,0xf7,0x9c,0xf7,0x9c,0xf7,0x7c,0xf7,0x9c,0xf7,0x9c,0xf7,0x9c,0xf7,0x9c,0xf7,0x9c,0xf7,
    0x3a,0xef,0x98,0xd6,0xd6,0xc5,0x53,0xb5,0xd1,0x9c,0x84,0x6a,0x60,0x8a,0x40,0x59,0x80,0x59,0xe2,0x9a,0x46,0x62,0xd2,0xa4,
    0x74,0xb5,0xd6,0xc5,0x98,0xd6,0x3b,0xef,0x9c,0xf7,0x9c,0xf7,0x9c,0xf7,0x9c,0xf7,0x9c,0xf7,0x7c,0xf7,0x9c,0xf7,0x9c,0xf7,
    0x9c,0xf7,0x9c,0xf7,0x9c,0xf7,0x9c,0xf7,0x7c,0xf7,0x7b,0xf7,0x7b,0xf7,0x9c,0xf7,0x9c,0xf7,0x9c,0xf7,0x9c,0xf7,0x9c,0xf7,
    0x9c,0xf7,0xb8,0xde,0x29,0x73,0x22,0x6a,0x22,0x6a,0x2a,0x73,0xd9,0xde,0x9c,0xf7,0x9c,0xf7,0x9c,0xf7,0x9c,0xf7,0x9c,0xf7,
    0x9c,0xf7,0x7b,0xf7,0x7b,0xf7,0x7c,0xf7,0x9c,0xf7,0x9c,0xf7,0x9c,0xf7,0x9c,0xf7,0x9c,0xf7,0x9c,0xf7,0x9c,0xf7,0x9c,0xf7,
    0x9c,0xf7,0x9c,0xf7,0x9c,0xf7,0x9c,0xf7,0x9c,0xf7,0x9c,0xf7,0x9c,0xf7,0x9c,0xf7,0x9c,0xf7,0x9c,0xf7,0x9c,0xf7,0x9c,0xf7,
    0x9c,0xf7,0x9c,0xf7,0x9c,0xf7,0x9c,0xf7,0x9c,0xf7,0x9c,0xf7,0x9c,0xf7,0x9c,0xf7,0x9c,0xf7,0x9c,0xf7,0x9c,0xf7,0x9c,0xf7,
    0x9c,0xf7,0x9c,0xf7,0x9c,0xf7,0x9c,0xf7,0x9c,0xf7,0x9c,0xf7,0x9c,0xf7,0x9c,0xf7,0x9c,0xf7,0x9c,0xf7,0x9c,0xf7,0x9c,0xf7,
    0x9c,0xf7,0x9c,0xf7,0x9c,0xf7,0x9c,0xf7,0x9c,0xf7,0x9c,0xf7,0x9c,0xf7,0x9c,0xf7,0x9c,0xf7,0x9c,0xf7,0x9c,0xf7,0x9c,0xf7,
    0x9c,0xf7,0x9c,0xf7,0x9c,0xf7,0x9c,0xf7,0x9c,0xf7,0x9c,0xf7,0x9c,0xf7,0x9c,0xf7,0x9c,0xf7,0x9c,0xf7,0x9c,0xf7,0x9c,0xf7,
};

static const uint8_t slot_small_plum_pixels[2304] __attribute__((aligned(4))) = {
    0x9c,0xf7,0x9c,0xf7,0x9c,0xf7,0x9c,0xf7,0x9c,0xf7,0x9c,0xf7,0x9c,0xf7,0x9c,0xf7,0x9c,0xf7,0x9c,0xf7,0x9c,0xf7,0x9c,0xf7,
    0x9c,0xf7,0x9c,0xf7,0x9c,0xf7,0x9c,0xf7,0x9c,0xf7,0x9c,0xf7,0x9c,0xf7,0x9c,0xf7,0x9c,0xf7,0x9c,0xf7,0x9c,0xf7,0x9c,0xf7,
    0x9c,0xf7,0x9c,0xf7,0x9c,0xf7,0x9c,0xf7,0x9c,0xf7,0x9c,0xf7,0x9c,0xf7,0x9c,0xf7,0x9c,0xf7,0x9c,0xf7,0x9c,0xf7,0x9c,0xf7,
    0x9c,0xf7,0x9c,0xf7,0x9c,0xf7,0x9c,0xf7,0x9c,0xf7,0x9c,0xf7,0x9c,0xf7,0x9c,0xf7,0x9c,0xf7,0x9c,0xf7,0x9c,0xf7,0x9c,0xf7,
    0x9c,0xf7,0x9c,0xf7,0x9c,0xf7,0x9c,0xf7,0x9c,0xf7,0x9c,0xf7,0x9c,0xf7,0x9c,0xf7,0x9c,0xf7,0x9c,0xf7,0x9c,0xf7,0x9c,0xf7,
    0x9c,0xf7,0x9c,0xf7,0x9c,0xf7,0x9c,0xf7,0x9c,0xf7,0x9c,0xf7,0x9c,0xf7,0x9c,0xf7,0x9c,0xf7,0x9c,0xf7,0x9c,0xf7,0x9c,0xf7,
    0x9c,0xf7,0x9c,0xf7,0x9c,0xf7,0x9c,0xf7,0x9c,0xf7,0x7c,0xf7,0x9c,0xf7,0xb9,0xde,0x25,0x62,0x87,0x6a,0x5b,0xf7,0x9c,0xf7,
    0x5b,0xf7,0x5b,0xf7,0x9c,0xf7,0x9c,0xf7,0x9c,0xf7,0x9c,0xf7,0x7c,0xf7,0x9c,0xf7,0x9c,0xf7,0x9c,0xf7,0x9c,0xf7,0x9c,0xf7,
    0x9c,0xf7,0x9c,0xf7,0x9c,0xf7,0x9c,0xf7,0x9c,0xf7,0x9c,0xf7,0x9c,0xf7,0x9c,0xf7,0x9c,0xf7,0x9c,0xf7,0x9c,0xf7,0x9c,0xf7,
    0x9c,0xf7,0x5b,0xf7,0x9c,0xf7,0x6f,0x9c,0xa3,0x8a,0x20,0x49,0x09,0x5b,0xc9,0x63,0x45,0x4b,0x86,0x5b,0x66,0x5b,0x0c,0x7c,
    0x93,0xb5,0x5b,0xf7,0x9c,0xf7,0x7c,0xf7,0x9c,0xf7,0x9c,0xf7,0x9c,0xf7,0x9c,0xf7,0x9c,0xf7,0x9c,0xf7,0x9c,0xf7,0x9c,0xf7,
    0x9c,0xf7,0x9c,0xf7,0x9c,0xf7,0x9c,0xf7,0x9c,0xf7,0x7c,0xf7,0x7c,0xf7,0x9c,0xf7,0x9c,0xf7,0x9c,0xf7,0x7b,0xf7,0x07,0x83,
    0xe3,0x69,0xe0,0x10,0x01,0x3b,0xc0,0x2a,0x41,0x33,0xa5,0x6c,0x26,0x85,0x61,0x64,0x20,0x3b,0xe5,0x4a,0x94,0xb5,0x9c,0xf7,
    0x7c,0xf7,0x9c,0xf7,0x9c,0xf7,0x9c,0xf7,0x9c,0xf7,0x9c,0xf7,0x9c,0xf7,0x9c,0xf7,0x9c,0xf7,0x9c,0xf7,0x9c,0xf7,0x7c,0xf7,
    0x9c,0xf7,0x9c,0xf7,0x9c,0xf7,0x9c,0xf7,0xd9,0xe6,0xb9,0xde,0xb1,0x9c,0x85,0x82,0xa4,0x49,0xd1,0x9c,0x82,0x32,0x60,0x1a,
    0x81,0x2a,0x61,0x4b,0x07,0x7d,0x68,0x95,0xa4,0x74,0xe0,0x43,0x80,0x2a,0x8f,0x94,0x9c,0xf7,0x7b,0xf7,0x9c,0xf7,0x9c,0xf7,
    0x9c,0xf7,0x9c,0xf7,0x9c,0xf7,0x9c,0xf7,0x9c,0xf7,0x9c,0xf7,0x7c,0xf7,0x9c,0xf7,0x9c,0xf7,0xf6,0xc5,0xcf,0x83,0x8d,0x62,
    0x4e,0x5a,0x8c,0x41,0xe7,0x59,0x03,0x72,0x47,0x31,0x6f,0x73,0xc4,0x31,0xa1,0x3b,0x00,0x23,0x40,0x1a,0xa1,0x32,0x84,0x6c,
    0x46,0x8d,0x62,0x6c,0x80,0x33,0xa0,0x2a,0x90,0x94,0x9c,0xf7,0x7c,0xf7,0x9c,0xf7,0x9c,0xf7,0x9c,0xf7,0x9c,0xf7,0x9c,0xf7,
    0x9c,0xf7,0x7c,0xf7,0x9c,0xf7,0x37,0xce,0x2e,0x73,0x0e,0x6a,0x32,0x72,0x8f,0x61,0x4d,0x51,0xaa,0x20,0x03,0x72,0xe1,0x38,
    0xc9,0x20,0xea,0x30,0x46,0x10,0x03,0x4b,0xe2,0x53,0x02,0x54,0xe0,0x22,0x20,0x1a,0xc2,0x5b,0xc4,0x74,0x01,0x5c,0x20,0x2b,
    0x61,0x2a,0x37,0xce,0x9c,0xf7,0x9c,0xf7,0x9c,0xf7,0x9c,0xf7,0x9c,0xf7,0x9c,0xf7,0x7c,0xf7,0x9c,0xf7,0xb2,0x9c,0x2e,0x6a,
    0x11,0x7a,0x0c,0x69,0x68,0x58,0x26,0x28,0xa8,0x20,0xe5,0x20,0x27,0x62,0x26,0x31,0xe8,0x20,0x31,0x5a,0xeb,0x38,0x04,0x21,
    0x63,0x64,0xe5,0x8c,0x84,0x74,0x80,0x12,0x20,0x1a,0x40,0x43,0xe1,0x4b,0x01,0x33,0xa0,0x1a,0x28,0x5b,0x9c,0xf7,0x9c,0xf7,
    0x9c,0xf7,0x9c,0xf7,0x9c,0xf7,0x7c,0xf7,0x9c,0xf7,0x30,0x8c,0x50,0x72,0xb0,0x79,0xab,0x68,0xcc,0x78,0xaa,0x60,0x10,0x62,
    0xb5,0x8b,0x76,0x93,0xb4,0x82,0xb0,0x69,0x2d,0x51,0xd3,0x72,0xd8,0x93,0x69,0x28,0x24,0x32,0xc4,0x7c,0xc5,0x84,0x64,0x6c,
    0xa0,0x1a,0x40,0x22,0x21,0x43,0x80,0x3b,0xc0,0x1a,0x41,0x22,0x57,0xce,0x9c,0xf7,0x9c,0xf7,0x9c,0xf7,0x7c,0xf7,0x9c,0xf7,
    0x91,0x9c,0x30,0x7a,0x6f,0x71,0xcd,0x70,0x13,0x9a,0xf2,0x91,0x74,0x92,0x57,0xa3,0x74,0x92,0x4f,0x81,0xab,0x78,0x68,0x68,
    0x05,0x40,0x25,0x30,0x71,0x6a,0x73,0x72,0x05,0x18,0xe5,0x4a,0xa3,0x6c,0x64,0x74,0xc2,0x4b,0xc1,0x22,0xe0,0x19,0xe0,0x2a,
    0x80,0x12,0x60,0x1a,0x6f,0x8c,0x9c,0xf7,0x9c,0xf7,0x7c,0xf7,0x9c,0xf7,0xf6,0xc5,0xcd,0x61,0x90,0x79,0xac,0x68,0x54,0xa2,
    0x77,0xb3,0xfa,0xcc,0xdc,0xdd,0xf7,0xbb,0x93,0xb2,0x8d,0xa9,0xa9,0x98,0x47,0x78,0x25,0x50,0x03,0x30,0x25,0x28,0x73,0x6a,
    0x0c,0x41,0x03,0x10,0xc4,0x4a,0x83,0x6c,0xc2,0x53,0xa2,0x4b,0x40,0x0a,0x40,0x2a,0xc0,0x22,0x40,0x1a,0x48,0x5b,0x9c,0xf7,
    0x9c,0xf7,0x9c,0xf7,0x7b,0xf7,0x6c,0x62,0xd1,0x79,0x8b,0x58,0xf2,0x89,0x77,0xab,0xfc,0xdd,0xdf,0xff,0x9f,0xff,0xd9,0xdc,
    0x51,0xca,0x2b,0xb9,0x88,0xa0,0x26,0x80,0x05,0x58,0x24,0x40,0x03,0x28,0x2c,0x39,0xb1,0x51,0x46,0x20,0x01,0x08,0x24,0x3a,
    0x03,0x64,0xe0,0x53,0xe0,0x2a,0xe0,0x11,0x20,0x22,0x60,0x1a,0x44,0x3a,0x9c,0xf7,0x9c,0xf7,0x9c,0xf7,0x13,0xad,0xcf,0x69,
    0xcc,0x58,0x2f,0x71,0x95,0x9a,0xb9,0xc4,0x7e,0xf7,0xff,0xff,0x3e,0xf7,0xd5,0xd3,0xce,0xc9,0xea,0xb0,0x68,0x98,0x47,0x78,
    0x05,0x58,0x04,0x38,0x03,0x28,0x66,0x28,0xb0,0x49,0x68,0x28,0x43,0x18,0x01,0x00,0xe4,0x20,0x02,0x4b,0x81,0x4b,0x60,0x1a,
    0xc0,0x19,0x20,0x1a,0x42,0x2a,0x9c,0xf7,0x9c,0xf7,0x9c,0xf7,0xad,0x6a,0x6f,0x61,0xab,0x50,0xb1,0x79,0x16,0x9b,0x7b,0xcd,
    0x5e,0xf7,0x3e,0xf7,0x7a,0xdd,0xd2,0xca,0x6d,0xc1,0xa9,0xa8,0x48,0x90,0x48,0x78,0x05,0x50,0x25,0x40,0x24,0x30,0x24,0x20,
    0x8e,0x41,0xca,0x30,0x24,0x18,0x42,0x10,0x24,0x08,0x64,0x10,0x44,0x42,0x01,0x33,0x40,0x1a,0xe0,0x19,0x21,0x22,0x9c,0xf7,
    0x9c,0xf7,0x37,0xce,0x8c,0x59,0xcb,0x50,0x0d,0x59,0xf3,0x71,0x37,0x9b,0x7b,0xcd,0x3d,0xe6,0x5b,0xd5,0x75,0xc3,0x31,0xba,
    0x6d,0xb9,0xaa,0xa0,0x69,0x88,0x48,0x68,0x26,0x50,0x26,0x38,0x24,0x28,0x03,0x20,0x2c,0x31,0xec,0x30,0x24,0x18,0x23,0x18,
    0x86,0x18,0xa6,0x18,0x94,0xb5,0xed,0x7b,0xa1,0x32,0x00,0x1a,0xc2,0x29,0x9c,0xf7,0x9c,0xf7,0x50,0x94,0x6e,0x61,0x8a,0x48,
    0x0e,0x61,0x13,0x72,0xf6,0x92,0xfb,0xc4,0x9a,0xbc,0x36,0xb3,0x73,0xaa,0xcf,0xa9,0x2c,0xa1,0xaa,0x90,0x8a,0x78,0x49,0x60,
    0x26,0x48,0x26,0x38,0x25,0x28,0x03,0x18,0xea,0x28,0xec,0x38,0x04,0x18,0x02,0x10,0xa8,0x28,0x87,0x18,0x90,0x94,0x9c,0xf7,
    0xac,0x73,0x40,0x2a,0x65,0x3a,0x9c,0xf7,0x9c,0xf7,0xed,0x6a,0x2d,0x61,0x68,0x48,0x2f,0x59,0x13,0x6a,0x95,0x82,0xb8,0xab,
    0x37,0xab,0x33,0xa2,0xd0,0x99,0x6e,0x99,0x0c,0x89,0x0c,0x81,0xab,0x70,0x28,0x58,0x26,0x40,0x26,0x30,0x25,0x28,0x02,0x18,
    0xa9,0x28,0xcb,0x38,0x24,0x20,0x02,0x18,0xc8,0x38,0xc9,0x28,0x6d,0x6b,0x9c,0xf7,0x7c,0xf7,0x64,0x3a,0xc6,0x4a,0x9c,0xf7,
    0x9c,0xf7,0x0c,0x52,0xec,0x48,0x48,0x40,0x0d,0x51,0xb1,0x61,0x95,0x82,0x57,0x9b,0x13,0x8a,0xb1,0x91,0x90,0x91,0x0d,0x81,
    0xcc,0x80,0xaa,0x78,0x48,0x68,0x26,0x50,0x26,0x38,0x47,0x30,0x24,0x28,0x02,0x18,0xa9,0x28,0xcb,0x38,0x24,0x18,0x02,0x18,
    0xe9,0x40,0x0b,0x31,0x2c,0x63,0x9c,0xf7,0x9c,0xf7,0x90,0x94,0xed,0x7b,0x9c,0xf7,0x9c,0xf7,0xab,0x49,0xcc,0x48,0x48,0x40,
    0xcc,0x50,0x2f,0x59,0x34,0x72,0x95,0x82,0xd2,0x89,0x70,0x89,0x2e,0x81,0xec,0x80,0x8a,0x70,0x27,0x60,0x26,0x50,0x26,0x48,
    0x27,0x38,0x26,0x30,0x23,0x20,0x02,0x18,0xc9,0x28,0xca,0x30,0x04,0x18,0x03,0x18,0x0b,0x49,0x2b,0x39,0x2c,0x6b,0x9c,0xf7,
    0x7c,0xf7,0x5b,0xef,0x3b,0xef,0x9c,0xf7,0x9c,0xf7,0x6a,0x49,0xaa,0x40,0x48,0x40,0xab,0x50,0x0e,0x59,0xf2,0x69,0x34,0x7a,
    0x70,0x79,0xed,0x78,0xcc,0x80,0xaa,0x78,0x69,0x70,0x27,0x60,0x26,0x50,0x27,0x40,0x05,0x30,0x04,0x28,0x23,0x18,0x23,0x18,
    0xea,0x28,0xca,0x28,0x03,0x18,0x24,0x20,0x6d,0x59,0x2b,0x39,0xae,0x7b,0x9c,0xf7,0x7b,0xf7,0x9c,0xf7,0x9c,0xf7,0x9c,0xf7,
    0x9c,0xf7,0x6a,0x49,0xaa,0x40,0x47,0x38,0x8a,0x48,0xcc,0x58,0x91,0x61,0x91,0x71,0x2e,0x71,0x6a,0x70,0x48,0x68,0x69,0x70,
    0x6a,0x68,0x49,0x60,0x27,0x48,0x26,0x38,0x04,0x28,0x03,0x20,0x03,0x18,0x24,0x18,0xeb,0x28,0x88,0x20,0x23,0x18,0x46,0x28,
    0xae,0x61,0xe9,0x28,0xd2,0x9c,0x9c,0xf7,0x7b,0xf7,0x9c,0xf7,0x9c,0xf7,0x9c,0xf7,0x9c,0xf7,0xeb,0x51,0xcb,0x48,0x47,0x30,
    0x69,0x40,0x8a,0x58,0x0e,0x61,0xec,0x60,0xcc,0x70,0x49,0x68,0x27,0x60,0x48,0x60,0x28,0x60,0x48,0x50,0x26,0x40,0x04,0x30,
    0x24,0x28,0x24,0x20,0x02,0x18,0x66,0x20,0x0b,0x29,0x87,0x18,0x23,0x18,0x87,0x38,0x8d,0x69,0xa7,0x20,0x57,0xce,0x9c,0xf7,
    0x7c,0xf7,0x9c,0xf7,0x9c,0xf7,0x9c,0xf7,0x9c,0xf7,0x0d,0x6b,0x0c,0x49,0x47,0x30,0x69,0x40,0x48,0x50,0x8a,0x58,0x48,0x60,
    0x69,0x60,0x69,0x60,0x49,0x60,0x06,0x50,0x26,0x48,0x05,0x40,0x25,0x38,0x04,0x28,0x25,0x20,0x23,0x18,0x02,0x18,0xa9,0x28,
    0xeb,0x20,0x45,0x18,0x03,0x18,0xe9,0x60,0x4c,0x69,0x88,0x31,0x7c,0xf7,0x9c,0xf7,0x9c,0xf7,0x9c,0xf7,0x9c,0xf7,0x9c,0xf7,
    0x9c,0xf7,0x71,0x94,0xeb,0x40,0x67,0x30,0x47,0x38,0x26,0x40,0x48,0x50,0x48,0x60,0x8a,0x58,0xab,0x58,0x27,0x50,0x05,0x48,
    0x25,0x40,0x05,0x38,0x26,0x30,0x25,0x20,0x24,0x20,0x03,0x18,0x45,0x18,0xea,0x28,0xa8,0x18,0x24,0x18,0x25,0x30,0xac,0x89,
    0xe9,0x38,0xce,0x7b,0x9c,0xf7,0x7b,0xf7,0x9c,0xf7,0x9c,0xf7,0x9c,0xf7,0x9c,0xf7,0x9c,0xf7,0xb9,0xde,0x2a,0x41,0xaa,0x30,
    0x25,0x28,0x47,0x40,0x27,0x48,0x27,0x58,0x69,0x50,0xaa,0x48,0x27,0x48,0x25,0x40,0x26,0x38,0x47,0x30,0x26,0x28,0x24,0x20,
    0x03,0x18,0x23,0x10,0xa8,0x28,0xea,0x28,0x66,0x18,0x03,0x18,0xe8,0x60,0x8c,0x81,0xa6,0x18,0xb8,0xde,0x9c,0xf7,0x7c,0xf7,
    0x9c,0xf7,0x9c,0xf7,0x9c,0xf7,0x9c,0xf7,0x9c,0xf7,0x9c,0xf7,0x0d,0x6b,0x0c,0x39,0x66,0x20,0x46,0x30,0x69,0x38,0x26,0x40,
    0x27,0x48,0x48,0x38,0x47,0x38,0x26,0x30,0x47,0x30,0x47,0x28,0x25,0x20,0x23,0x18,0x02,0x10,0x65,0x18,0x0b,0x41,0xa8,0x18,
    0x24,0x10,0x25,0x30,0x6b,0x89,0xc8,0x40,0x4d,0x6b,0x9c,0xf7,0x7c,0xf7,0x9c,0xf7,0x9c,0xf7,0x9c,0xf7,0x9c,0xf7,0x9c,0xf7,
    0x9c,0xf7,0x9c,0xf7,0x16,0xc6,0xc9,0x30,0xca,0x28,0x24,0x20,0x67,0x30,0x47,0x38,0x26,0x38,0x47,0x38,0x47,0x30,0x47,0x28,
    0x67,0x28,0x45,0x20,0x24,0x18,0x23,0x18,0x23,0x10,0x0b,0x41,0xc9,0x28,0x44,0x10,0x04,0x18,0xe9,0x68,0x2b,0x61,0x06,0x21,
    0x1a,0xe7,0x7c,0xf7,0x9c,0xf7,0x9c,0xf7,0x9c,0xf7,0x9c,0xf7,0x9c,0xf7,0x9c,0xf7,0x9c,0xf7,0x7c,0xf7,0x9c,0xf7,0x4d,0x73,
    0x0c,0x31,0x67,0x20,0x25,0x28,0x46,0x28,0x46,0x28,0x46,0x28,0x47,0x28,0x46,0x20,0x45,0x18,0x45,0x18,0x23,0x18,0x03,0x10,
    0xc8,0x30,0x2b,0x41,0x45,0x08,0x03,0x10,0xa7,0x48,0x8d,0x71,0x85,0x10,0xb5,0xbd,0x9c,0xf7,0x7c,0xf7,0x9c,0xf7,0x9c,0xf7,
    0x9c,0xf7,0x9c,0xf7,0x9c,0xf7,0x9c,0xf7,0x9c,0xf7,0x9c,0xf7,0x7c,0xf7,0x5b,0xef,0xc9,0x41,0x0b,0x31,0x66,0x20,0x24,0x18,
    0x45,0x20,0x46,0x20,0x46,0x20,0x25,0x20,0x44,0x18,0x23,0x18,0x02,0x10,0x87,0x28,0x2a,0x51,0x66,0x18,0x02,0x10,0xa7,0x30,
    0x6c,0x61,0xa6,0x20,0x70,0x94,0x9c,0xf7,0x7b,0xf7,0x9c,0xf7,0x9c,0xf7,0x9c,0xf7,0x9c,0xf7,0x9c,0xf7,0x9c,0xf7,0x9c,0xf7,
    0x9c,0xf7,0x9c,0xf7,0x7c,0xf7,0x9c,0xf7,0xb9,0xde,0x88,0x39,0x0b,0x29,0x87,0x20,0x23,0x18,0x24,0x18,0x24,0x18,0x23,0x18,
    0x22,0x10,0x03,0x10,0xa8,0x30,0x2a,0x49,0x65,0x10,0x23,0x08,0xe9,0x38,0x2c,0x49,0x86,0x10,0x70,0x8c,0x9c,0xf7,0x7b,0xf7,
    0x9c,0xf7,0x9c,0xf7,0x9c,0xf7,0x9c,0xf7,0x9c,0xf7,0x9c,0xf7,0x9c,0xf7,0x9c,0xf7,0x9c,0xf7,0x9c,0xf7,0x9c,0xf7,0x7c,0xf7,
    0x9c,0xf7,0xd9,0xde,0x29,0x4a,0xc9,0x20,0xa9,0x20,0x66,0x20,0x65,0x18,0x44,0x18,0x65,0x30,0xc9,0x48,0x09,0x49,0x65,0x10,
    0x65,0x18,0xca,0x38,0x0a,0x31,0x26,0x21,0x53,0xad,0x9c,0xf7,0x7b,0xf7,0x9c,0xf7,0x9c,0xf7,0x9c,0xf7,0x9c,0xf7,0x9c,0xf7,
    0x9c,0xf7,0x9c,0xf7,0x9c,0xf7,0x9c,0xf7,0x9c,0xf7,0x9c,0xf7,0x9c,0xf7,0x9c,0xf7,0x7c,0xf7,0x9c,0xf7,0x9c,0xf7,0x70,0x94,
    0x88,0x39,0x86,0x28,0x87,0x38,0xa8,0x40,0xc8,0x40,0xc7,0x28,0xa7,0x10,0xa8,0x20,0xa8,0x20,0x07,0x29,0x8d,0x73,0xfa,0xe6,
    0x9c,0xf7,0x7c,0xf7,0x9c,0xf7,0x9c,0xf7,0x9c,0xf7,0x9c,0xf7,0x9c,0xf7,0x9c,0xf7,0x9c,0xf7,0x9c,0xf7,0x9c,0xf7,0x9c,0xf7,
    0x9c,0xf7,0x9c,0xf7,0x9c,0xf7,0x9c,0xf7,0x9c,0xf7,0x7c,0xf7,0x9c,0xf7,0x9c,0xf7,0x5b,0xef,0x12,0xa5,0xca,0x5a,0x66,0x31,
    0xc5,0x10,0xc5,0x18,0x67,0x31,0x6a,0x52,0x70,0x8c,0xd9,0xde,0x9c,0xf7,0x9c,0xf7,0x7c,0xf7,0x9c,0xf7,0x9c,0xf7,0x9c,0xf7,
    0x9c,0xf7,0x9c,0xf7,0x9c,0xf7,0x9c,0xf7,0x9c,0xf7,0x9c,0xf7,0x9c,0xf7,0x9c,0xf7,0x9c,0xf7,0x9c,0xf7,0x9c,0xf7,0x9c,0xf7,
    0x9c,0xf7,0x9c,0xf7,0x9c,0xf7,0x9c,0xf7,0x9c,0xf7,0x9c,0xf7,0x9c,0xf7,0x9c,0xf7,0x9c,0xf7,0x9c,0xf7,0x9c,0xf7,0x9c,0xf7,
    0x9c,0xf7,0x9c,0xf7,0x9c,0xf7,0x9c,0xf7,0x9c,0xf7,0x9c,0xf7,0x9c,0xf7,0x9c,0xf7,0x9c,0xf7,0x9c,0xf7,0x9c,0xf7,0x9c,0xf7,
    0x9c,0xf7,0x9c,0xf7,0x9c,0xf7,0x9c,0xf7,0x9c,0xf7,0x9c,0xf7,0x9c,0xf7,0x9c,0xf7,0x9c,0xf7,0x9c,0xf7,0x9c,0xf7,0x9c,0xf7,
    0x9c,0xf7,0x9c,0xf7,0x9c,0xf7,0x9c,0xf7,0x9c,0xf7,0x9c,0xf7,0x9c,0xf7,0x9c,0xf7,0x9c,0xf7,0x9c,0xf7,0x9c,0xf7,0x9c,0xf7,
    0x9c,0xf7,0x9c,0xf7,0x9c,0xf7,0x9c,0xf7,0x9c,0xf7,0x9c,0xf7,0x9c,0xf7,0x9c,0xf7,0x9c,0xf7,0x9c,0xf7,0x9c,0xf7,0x9c,0xf7,
};

static const uint8_t slot_small_seven_pixels[2304] __attribute__((aligned(4))) = {
    0x9c,0xf7,0x9c,0xf7,0x9c,0xf7,0x9c,0xf7,0x9c,0xf7,0x9c,0xf7,0x9c,0xf7,0x9c,0xf7,0x9c,0xf7,0x9c,0xf7,0x9c,0xf7,0x9c,0xf7,
    0x9c,0xf7,0x9c,0xf7,0x9c,0xf7,0x9c,0xf7,0x9c,0xf7,0x9c,0xf7,0x9c,0xf7,0x9c,0xf7,0x9c,0xf7,0x9c,0xf7,0x9c,0xf7,0x9c,0xf7,
    0x9c,0xf7,0x9c,0xf7,0x9c,0xf7,0x9c,0xf7,0x9c,0xf7,0x9c,0xf7,0x9c,0xf7,0x9c,0xf7,0x9c,0xf7,0x9c,0xf7,0x9c,0xf7,0x9c,0xf7,
    0x9c,0xf7,0x9c,0xf7,0x9c,0xf7,0x9c,0xf7,0x9c,0xf7,0x9c,0xf7,0x9c,0xf7,0x9c,0xf7,0x9c,0xf7,0x9c,0xf7,0x9c,0xf7,0x9c,0xf7,
    0x9c,0xf7,0x9c,0xf7,0x9c,0xf7,0x9c,0xf7,0x9c,0xf7,0x9c,0xf7,0x9c,0xf7,0x9c,0xf7,0x9c,0xf7,0x9c,0xf7,0x9c,0xf7,0x9c,0xf7,
    0x9c,0xf7,0x9c,0xf7,0x9c,0xf7,0x9c,0xf7,0x9c,0xf7,0x9c,0xf7,0x9c,0xf7,0x9c,0xf7,0x9c,0xf7,0x9c,0xf7,0x9c,0xf7,0x9c,0xf7,
    0x9c,0xf7,0x9c,0xf7,0x9c,0xf7,0x9c,0xf7,0x9c,0xf7,0x9c,0xf7,0x9c,0xf7,0x9c,0xf7,0x9c,0xf7,0x9c,0xf7,0x9c,0xf7,0x9c,0xf7,
    0x9c,0xf7,0x9c,0xf7,0x9c,0xf7,0x9c,0xf7,0x9c,0xf7,0x9c,0xf7,0x9c,0xf7,0x9c,0xf7,0x9c,0xf7,0x9c,0xf7,0x9c,0xf7,0x9c,0xf7,
    0x9c,0xf7,0x50,0xac,0x0b,0xa3,0x2b,0xa3,0x2b,0xa3,0x2b,0xa3,0x0b,0x9b,0xf6,0xc5,0x9c,0xf7,0xb5,0xc5,0x30,0xac,0x6a,0xab,
    0x28,0xab,0x06,0xab,0xe6,0xa2,0xc6,0xa2,0xc9,0x9a,0x6d,0xa3,0x53,0xb5,0xd9,0xe6,0x9c,0xf7,0x9c,0xf7,0x9c,0xf7,0x9c,0xf7,
    0x9c,0xf7,0x3b,0xef,0xf2,0xb4,0x47,0x9a,0x4c,0x83,0x9c,0xf7,0x7b,0xf7,0x9c,0xf7,0x9c,0xf7,0xa3,0x91,0xe6,0xfc,0x24,0xe4,
    0x24,0xe4,0xc5,0xec,0x82,0xb2,0xa3,0x48,0x49,0xa3,0x24,0xc3,0xc4,0xdb,0x04,0xe4,0xc4,0xe3,0x84,0xe3,0x83,0xe3,0x03,0xec,
    0x64,0xe4,0x24,0xdc,0x43,0xbb,0x84,0x9a,0xc8,0x92,0x6d,0xa3,0xef,0xa3,0xce,0xa3,0x2b,0x9b,0x08,0xa3,0xa6,0xc3,0xe4,0xec,
    0x21,0xaa,0x8d,0x93,0x9c,0xf7,0x9c,0xf7,0x9c,0xf7,0x64,0x9a,0xe4,0xe3,0x89,0xe2,0xc2,0xe8,0xe2,0xd9,0x64,0xbc,0x44,0xcb,
    0x25,0xec,0x6b,0xe4,0xd0,0xec,0xef,0xf3,0x4a,0xf2,0x05,0xf1,0x21,0xf0,0x00,0xf0,0x20,0xe8,0x00,0xe1,0x61,0xe2,0xc3,0xeb,
    0x64,0xec,0x64,0xe4,0x24,0xdc,0x45,0xe4,0x44,0xe4,0xe3,0xeb,0xa1,0xd1,0x84,0xc3,0x41,0x9a,0x00,0x80,0x8d,0x93,0x9c,0xf7,
    0x9c,0xf7,0x23,0x92,0x84,0xe3,0xe5,0xf0,0x00,0xf8,0x20,0xd8,0x02,0xd3,0x0a,0xe4,0xd3,0xf4,0x52,0xfc,0x6a,0xfa,0xc3,0xf8,
    0x20,0xf0,0x00,0xf0,0x20,0xf0,0x20,0xf0,0x00,0xf8,0x00,0xf0,0x00,0xf0,0x00,0xe8,0x20,0xe0,0xa0,0xe0,0xe1,0xe0,0xc0,0xe0,
    0x61,0xe0,0x20,0xe0,0xe3,0xd0,0xe4,0xbb,0x20,0x40,0x20,0x68,0x41,0x58,0x9c,0xf7,0x9c,0xf7,0x63,0x92,0x63,0xe3,0x01,0xf0,
    0x20,0xf0,0x20,0xe8,0x4a,0xf2,0x4d,0xfb,0x24,0xf9,0x00,0xf0,0x00,0xf0,0x00,0xf0,0x00,0xf0,0x20,0xf0,0x20,0xf0,0x20,0xf0,
    0x20,0xf0,0x20,0xf0,0x20,0xf0,0x20,0xf0,0x00,0xf0,0x00,0xf0,0x00,0xf0,0x00,0xe8,0x00,0xf0,0x00,0xd8,0xc4,0xd3,0x60,0x71,
    0x20,0x30,0x00,0x40,0x50,0x94,0x9c,0xf7,0x9c,0xf7,0x43,0x92,0x42,0xe3,0x01,0xf0,0x00,0xf0,0xe3,0xf0,0x44,0xf9,0x00,0xf0,
    0x00,0xf0,0x20,0xe8,0x20,0xf0,0x00,0xf0,0x00,0xf0,0x00,0xf0,0x00,0xf0,0x00,0xf0,0x00,0xf0,0x00,0xe8,0x00,0xe8,0x00,0xe8,
    0x00,0xe8,0x00,0xe8,0x00,0xe8,0x20,0xe8,0x00,0xe0,0xa3,0xd1,0x82,0xb3,0x20,0x30,0x00,0x38,0x85,0x59,0x7c,0xf7,0x9c,0xf7,
    0x9c,0xf7,0x43,0x8a,0x22,0xe3,0x00,0xe8,0x20,0xf0,0x41,0xf0,0x00,0xf0,0x00,0xe0,0x00,0xe0,0x00,0xd8,0x00,0xe0,0x00,0xe8,
    0x20,0xe8,0x20,0xe8,0x20,0xe8,0x20,0xe8,0x20,0xe8,0x20,0xe8,0x00,0xe8,0x00,0xe0,0x00,0xe0,0x00,0xe8,0x00,0xe0,0x20,0xe8,
    0x21,0xd0,0x25,0xd4,0xe0,0x60,0x20,0x30,0x00,0x38,0x94,0xbd,0x9c,0xf7,0x9c,0xf7,0x9c,0xf7,0x44,0x92,0x22,0xe3,0x00,0xe8,
    0x20,0xe8,0x00,0xe8,0x00,0xd0,0x63,0xc9,0x64,0xd2,0x63,0xd2,0xa2,0xd1,0x61,0xc8,0x00,0xd0,0x00,0xd8,0x00,0xd8,0x00,0xd8,
    0x00,0xd8,0x00,0xd8,0x01,0xc8,0x61,0xc0,0x20,0xe8,0x00,0xe8,0x20,0xe0,0x00,0xe0,0x44,0xd2,0x42,0xa3,0x20,0x38,0x00,0x40,
    0x48,0x62,0x9c,0xf7,0x7c,0xf7,0x9c,0xf7,0x9c,0xf7,0x44,0x92,0x22,0xe3,0x20,0xe8,0x20,0xe0,0x61,0xc0,0xc6,0xcb,0xe4,0xbb,
    0xc2,0xaa,0xa2,0x9a,0xa3,0xb3,0x43,0xcc,0xa3,0xd3,0x83,0xd2,0xc3,0xc9,0x83,0xc9,0xa3,0xc1,0x84,0xc2,0x45,0xc4,0x63,0xc9,
    0x21,0xf0,0x00,0xe0,0x20,0xe0,0x61,0xc8,0x44,0xcc,0xa0,0x60,0x20,0x38,0x40,0x40,0x37,0xce,0x9c,0xf7,0x7c,0xf7,0x9c,0xf7,
    0x9c,0xf7,0x64,0x92,0xc1,0xda,0x00,0xd8,0x00,0xc0,0xe5,0xcb,0x21,0x82,0x00,0x30,0x20,0x58,0x00,0x90,0x00,0x78,0x20,0x60,
    0x81,0x81,0xa2,0x9a,0x43,0xab,0x22,0x9b,0x04,0xa3,0x63,0xd5,0x82,0xd2,0x42,0xf0,0x00,0xe8,0x20,0xe0,0x00,0xd0,0xa4,0xca,
    0xc1,0x9a,0x20,0x40,0x00,0x50,0xca,0x72,0x9c,0xf7,0x7c,0xf7,0x9c,0xf7,0x9c,0xf7,0x9c,0xf7,0x64,0x92,0x23,0xe4,0x03,0xc2,
    0x44,0xd3,0x42,0xa3,0x00,0x30,0x40,0x28,0x00,0x30,0x03,0x59,0xa6,0x71,0xc3,0x58,0x00,0x38,0x00,0x38,0x00,0x18,0x62,0x58,
    0xc4,0xcb,0x84,0xca,0x26,0xf1,0x20,0xf0,0x20,0xe0,0x00,0xe0,0x61,0xc8,0x24,0xc4,0x60,0x60,0x00,0x48,0x41,0x48,0x78,0xd6,
    0x9c,0xf7,0x7c,0xf7,0x9c,0xf7,0x9c,0xf7,0x9c,0xf7,0xc1,0x60,0xa1,0x9a,0xc2,0x92,0xc2,0x9a,0xa0,0x80,0x40,0x58,0x00,0x38,
    0xce,0x83,0x5b,0xef,0x9c,0xf7,0x3a,0xef,0x57,0xce,0x89,0x5a,0xa4,0x81,0xa5,0xe4,0x05,0xdb,0x6a,0xfa,0x81,0xf0,0x00,0xe0,
    0x20,0xd8,0x00,0xd8,0x84,0xca,0xe2,0xa2,0x20,0x50,0x00,0x60,0xeb,0x7a,0x9c,0xf7,0x7c,0xf7,0x9c,0xf7,0x9c,0xf7,0x9c,0xf7,
    0x9c,0xf7,0x2f,0x8c,0x00,0x28,0x00,0x38,0x00,0x40,0x00,0x80,0x20,0xa0,0xa6,0x59,0x9c,0xf7,0x9c,0xf7,0x5b,0xf7,0x9c,0xf7,
    0xb5,0xbd,0x28,0xb3,0x64,0xec,0x08,0xd3,0x6f,0xfb,0xa2,0xf0,0x00,0xe8,0x20,0xe0,0x00,0xd8,0x21,0xc8,0x24,0xc4,0xa0,0x78,
    0x00,0x68,0x40,0x50,0x57,0xd6,0x9c,0xf7,0x7c,0xf7,0x9c,0xf7,0x9c,0xf7,0x9c,0xf7,0x9c,0xf7,0x9c,0xf7,0x70,0x9c,0xa5,0x51,
    0xc6,0x61,0xc6,0x61,0xa6,0x71,0xb5,0xc5,0x9c,0xf7,0x5b,0xf7,0x9c,0xf7,0xf2,0xac,0xe6,0xaa,0x02,0xe4,0x4b,0xdb,0xd3,0xfc,
    0xc3,0xf0,0x00,0xe8,0x20,0xe0,0x20,0xd8,0x00,0xd0,0xc3,0xc1,0x63,0xab,0x20,0x80,0x00,0x80,0x69,0x72,0x9c,0xf7,0x7c,0xf7,
    0x9c,0xf7,0x9c,0xf7,0x9c,0xf7,0x9c,0xf7,0x9c,0xf7,0x7c,0xf7,0x9c,0xf7,0x9c,0xf7,0x9c,0xf7,0x9c,0xf7,0x9c,0xf7,0x9c,0xf7,
    0x7b,0xf7,0x9c,0xf7,0x12,0xad,0x06,0xb3,0x03,0xe4,0x6c,0xdb,0xb7,0xfd,0x45,0xf1,0x00,0xf0,0x20,0xe8,0x00,0xd8,0x20,0xd8,
    0x00,0xc8,0x85,0xc3,0x80,0x99,0x20,0xa0,0x00,0x70,0x95,0xbd,0x9c,0xf7,0x7c,0xf7,0x9c,0xf7,0x9c,0xf7,0x9c,0xf7,0x9c,0xf7,
    0x9c,0xf7,0x9c,0xf7,0x7c,0xf7,0x9c,0xf7,0x9c,0xf7,0x9c,0xf7,0x9c,0xf7,0x7b,0xf7,0x9c,0xf7,0x95,0xbd,0xc6,0xb2,0x43,0xe4,
    0xca,0xda,0xb6,0xfd,0xa6,0xf9,0x00,0xf0,0x20,0xe8,0x00,0xe0,0x00,0xd8,0x00,0xd8,0x82,0xc8,0x04,0xbc,0x40,0x88,0x00,0xc0,
    0x44,0x69,0x7b,0xf7,0x9c,0xf7,0x9c,0xf7,0x9c,0xf7,0x9c,0xf7,0x9c,0xf7,0x9c,0xf7,0x9c,0xf7,0x9c,0xf7,0x9c,0xf7,0x9c,0xf7,
    0x9c,0xf7,0x9c,0xf7,0x7c,0xf7,0x9c,0xf7,0x98,0xde,0x46,0x9a,0x84,0xec,0x27,0xda,0x34,0xfd,0xa6,0xf9,0x21,0xf0,0x20,0xe8,
    0x00,0xd8,0x00,0xd8,0x20,0xd8,0x00,0xc8,0x03,0xca,0x42,0xab,0x20,0x78,0x00,0x90,0xad,0x93,0x9c,0xf7,0x7b,0xf7,0x9c,0xf7,
    0x9c,0xf7,0x9c,0xf7,0x9c,0xf7,0x9c,0xf7,0x9c,0xf7,0x9c,0xf7,0x9c,0xf7,0x9c,0xf7,0x9c,0xf7,0x9c,0xf7,0x7c,0xf7,0x9c,0xf7,
    0x69,0x8a,0xa5,0xec,0xe3,0xd1,0x31,0xfc,0xe7,0xf9,0x41,0xf0,0x20,0xe8,0x00,0xe0,0x00,0xd8,0x00,0xd0,0x20,0xd0,0x00,0xc0,
    0x24,0xc3,0xe1,0x89,0x00,0x70,0x20,0x68,0xf6,0xc5,0x9c,0xf7,0x7c,0xf7,0x9c,0xf7,0x9c,0xf7,0x9c,0xf7,0x9c,0xf7,0x9c,0xf7,
    0x9c,0xf7,0x9c,0xf7,0x9c,0xf7,0x9c,0xf7,0x9c,0xf7,0x7c,0xf7,0x9c,0xf7,0x70,0xa4,0xc6,0xd3,0xa1,0xd2,0x4b,0xf2,0x49,0xfa,
    0x41,0xe8,0x20,0xe0,0x20,0xe0,0x20,0xd8,0x00,0xd0,0x00,0xc8,0x20,0xc8,0x21,0xc0,0xc4,0xcb,0xc0,0x68,0x00,0x60,0xe3,0x58,
    0x5b,0xef,0x9c,0xf7,0x9c,0xf7,0x9c,0xf7,0x9c,0xf7,0x9c,0xf7,0x9c,0xf7,0x9c,0xf7,0x9c,0xf7,0x9c,0xf7,0x9c,0xf7,0x9c,0xf7,
    0x9c,0xf7,0x9c,0xf7,0xfa,0xe6,0x45,0x9a,0x23,0xdc,0xc4,0xd8,0x08,0xfa,0x42,0xe8,0x20,0xe0,0x00,0xd8,0x00,0xd0,0x00,0xd0,
    0x00,0xc8,0x00,0xc8,0x00,0xc8,0x81,0xb0,0xc3,0xbb,0x20,0x50,0x00,0x58,0x68,0x72,0x9c,0xf7,0x7c,0xf7,0x9c,0xf7,0x9c,0xf7,
    0x9c,0xf7,0x9c,0xf7,0x9c,0xf7,0x9c,0xf7,0x9c,0xf7,0x9c,0xf7,0x9c,0xf7,0x9c,0xf7,0x7b,0xf7,0x9c,0xf7,0x8e,0x93,0x45,0xdc,
    0xa1,0xd1,0x46,0xf9,0x62,0xe8,0x00,0xe0,0x00,0xd8,0x00,0xd0,0x00,0xc8,0x20,0xc8,0x00,0xc8,0x20,0xc0,0x00,0xb8,0x62,0xb9,
    0x82,0xb3,0x20,0x48,0x00,0x50,0xee,0x93,0x9c,0xf7,0x7b,0xf7,0x9c,0xf7,0x9c,0xf7,0x9c,0xf7,0x9c,0xf7,0x9c,0xf7,0x9c,0xf7,
    0x9c,0xf7,0x9c,0xf7,0x9c,0xf7,0x9c,0xf7,0x9c,0xf7,0x1a,0xef,0x45,0x92,0xc2,0xdb,0x62,0xe0,0xa3,0xf0,0x00,0xd8,0x00,0xd0,
    0x00,0xc8,0x00,0xc8,0x00,0xc8,0x00,0xc0,0x00,0xc0,0x20,0xb8,0x00,0xb0,0x23,0xc2,0xe2,0xa2,0x20,0x40,0x00,0x40,0x53,0xb5,
    0x9c,0xf7,0x7c,0xf7,0x9c,0xf7,0x9c,0xf7,0x9c,0xf7,0x9c,0xf7,0x9c,0xf7,0x9c,0xf7,0x9c,0xf7,0x9c,0xf7,0x9c,0xf7,0x7b,0xf7,
    0x9c,0xf7,0xd2,0xac,0xa4,0xcb,0xe1,0xd1,0x43,0xe8,0x20,0xd8,0x00,0xd0,0x00,0xc8,0x00,0xc0,0x20,0xc0,0x00,0xc0,0x00,0xc0,
    0x00,0xb8,0x20,0xb8,0x00,0xb0,0x83,0xc2,0x41,0x8a,0x00,0x38,0x20,0x38,0x37,0xce,0x9c,0xf7,0x7c,0xf7,0x9c,0xf7,0x9c,0xf7,
    0x9c,0xf7,0x9c,0xf7,0x9c,0xf7,0x9c,0xf7,0x9c,0xf7,0x9c,0xf7,0x9c,0xf7,0x7c,0xf7,0x9c,0xf7,0xca,0x8a,0x03,0xd4,0x81,0xc8,
    0x21,0xe0,0x00,0xc8,0x00,0xc8,0x00,0xc0,0x00,0xb8,0x00,0xb8,0x00,0xb8,0x20,0xb8,0x00,0xb8,0x20,0xb0,0x00,0xa8,0xe3,0xc2,
    0x01,0x8a,0x00,0x40,0x81,0x40,0xd9,0xe6,0x9c,0xf7,0x9c,0xf7,0x9c,0xf7,0x9c,0xf7,0x9c,0xf7,0x9c,0xf7,0x9c,0xf7,0x9c,0xf7,
    0x9c,0xf7,0x9c,0xf7,0x9c,0xf7,0x9c,0xf7,0x3a,0xef,0x64,0x92,0x41,0xcb,0x21,0xd0,0x40,0xd0,0x20,0xc0,0x20,0xb8,0x20,0xb8,
    0x20,0xb8,0x20,0xb8,0x20,0xb8,0x20,0xb8,0x20,0xb0,0x40,0xb0,0x20,0xa8,0x03,0xbb,0xa0,0x81,0x00,0x50,0xe3,0x50,0x3b,0xef,
    0x9c,0xf7,0x9c,0xf7,0x9c,0xf7,0x9c,0xf7,0x9c,0xf7,0x9c,0xf7,0x9c,0xf7,0x9c,0xf7,0x9c,0xf7,0x9c,0xf7,0x7c,0xf7,0x9c,0xf7,
    0x16,0xc6,0xe3,0x9a,0x01,0xc2,0x00,0xc0,0x00,0xb0,0x00,0xb0,0x00,0xa8,0x00,0xa8,0x00,0xa8,0x00,0xa8,0x00,0xa8,0x00,0xa8,
    0x00,0xa0,0x00,0xa0,0x00,0x98,0x03,0xb3,0x80,0x81,0x00,0x60,0x24,0x59,0x7b,0xf7,0x9c,0xf7,0x9c,0xf7,0x9c,0xf7,0x9c,0xf7,
    0x9c,0xf7,0x9c,0xf7,0x9c,0xf7,0x9c,0xf7,0x9c,0xf7,0x9c,0xf7,0x7b,0xf7,0x9c,0xf7,0xf2,0xac,0xa4,0xcb,0xc4,0xcb,0xa4,0xc2,
    0xa3,0xba,0xa3,0xba,0xa3,0xba,0x83,0xba,0x83,0xba,0x83,0xba,0x83,0xba,0x83,0xba,0xa3,0xba,0xa3,0xba,0x83,0xb2,0x84,0xd4,
    0x60,0x81,0x00,0x68,0x65,0x61,0x9c,0xf7,0x9c,0xf7,0x9c,0xf7,0x9c,0xf7,0x9c,0xf7,0x9c,0xf7,0x9c,0xf7,0x9c,0xf7,0x9c,0xf7,
    0x9c,0xf7,0x9c,0xf7,0x7b,0xf7,0x9c,0xf7,0x91,0xa4,0x21,0x81,0x41,0x8a,0x21,0x92,0x21,0x8a,0x21,0x82,0x21,0x82,0x21,0x82,
    0x21,0x82,0x21,0x7a,0x21,0x82,0x21,0x82,0x41,0x82,0x21,0x82,0x21,0x7a,0xe1,0x79,0xc1,0x88,0x20,0x90,0x85,0x61,0x9c,0xf7,
    0x9c,0xf7,0x9c,0xf7,0x9c,0xf7,0x9c,0xf7,0x9c,0xf7,0x9c,0xf7,0x9c,0xf7,0x9c,0xf7,0x9c,0xf7,0x9c,0xf7,0x9c,0xf7,0x7c,0xf7,
    0x3a,0xef,0xe7,0x49,0x00,0x48,0x00,0x80,0x00,0x78,0x00,0x50,0x00,0x38,0x00,0x38,0x00,0x30,0x00,0x30,0x00,0x30,0x00,0x30,
    0x00,0x28,0x00,0x28,0x00,0x28,0x00,0x20,0x20,0x48,0x61,0xb0,0x85,0x69,0x9c,0xf7,0x9c,0xf7,0x9c,0xf7,0x9c,0xf7,0x9c,0xf7,
    0x9c,0xf7,0x9c,0xf7,0x9c,0xf7,0x9c,0xf7,0x9c,0xf7,0x9c,0xf7,0x9c,0xf7,0x7c,0xf7,0x9c,0xf7,0xf9,0xe6,0x64,0x49,0x82,0x40,
    0xa2,0x58,0xa2,0x48,0xa2,0x40,0xa2,0x38,0xa2,0x38,0xa2,0x38,0xa2,0x38,0xa2,0x38,0xa2,0x38,0xa2,0x30,0xa2,0x30,0xa2,0x38,
    0xa2,0x30,0x81,0x40,0xeb,0x7a,0x9c,0xf7,0x7c,0xf7,0x9c,0xf7,0x9c,0xf7,0x9c,0xf7,0x9c,0xf7,0x9c,0xf7,0x9c,0xf7,0x9c,0xf7,
    0x9c,0xf7,0x9c,0xf7,0x9c,0xf7,0x9c,0xf7,0x9c,0xf7,0x9c,0xf7,0x9c,0xf7,0x9c,0xf7,0x9c,0xf7,0x9c,0xf7,0x9c,0xf7,0x9c,0xf7,
    0x9c,0xf7,0x9c,0xf7,0x9c,0xf7,0x9c,0xf7,0x9c,0xf7,0x9c,0xf7,0x9c,0xf7,0x9c,0xf7,0x9c,0xf7,0x9c,0xf7,0x9c,0xf7,0x9c,0xf7,
    0x9c,0xf7,0x9c,0xf7,0x9c,0xf7,0x9c,0xf7,0x9c,0xf7,0x9c,0xf7,0x9c,0xf7,0x9c,0xf7,0x9c,0xf7,0x9c,0xf7,0x9c,0xf7,0x9c,0xf7,
    0x9c,0xf7,0x9c,0xf7,0x9c,0xf7,0x9c,0xf7,0x9c,0xf7,0x9c,0xf7,0x9c,0xf7,0x9c,0xf7,0x9c,0xf7,0x9c,0xf7,0x9c,0xf7,0x9c,0xf7,
    0x9c,0xf7,0x9c,0xf7,0x9c,0xf7,0x9c,0xf7,0x9c,0xf7,0x9c,0xf7,0x9c,0xf7,0x9c,0xf7,0x9c,0xf7,0x9c,0xf7,0x9c,0xf7,0x9c,0xf7,
    0x9c,0xf7,0x9c,0xf7,0x9c,0xf7,0x9c,0xf7,0x9c,0xf7,0x9c,0xf7,0x9c,0xf7,0x9c,0xf7,0x9c,0xf7,0x9c,0xf7,0x9c,0xf7,0x9c,0xf7,
    0x9c,0xf7,0x9c,0xf7,0x9c,0xf7,0x9c,0xf7,0x9c,0xf7,0x9c,0xf7,0x9c,0xf7,0x9c,0xf7,0x9c,0xf7,0x9c,0xf7,0x9c,0xf7,0x9c,0xf7,
    0x9c,0xf7,0x9c,0xf7,0x9c,0xf7,0x9c,0xf7,0x9c,0xf7,0x9c,0xf7,0x9c,0xf7,0x9c,0xf7,0x9c,0xf7,0x9c,0xf7,0x9c,0xf7,0x9c,0xf7,
};

const lv_image_dsc_t ARCADE_SLOT_SMALL_SYMBOLS[SLOT_SYMBOL_COUNT] = {
    {.header={.magic=LV_IMAGE_HEADER_MAGIC, .cf=LV_COLOR_FORMAT_RGB565, .w=32, .h=36, .stride=64}, .data_size=2304, .data=slot_small_cherry_pixels},
    {.header={.magic=LV_IMAGE_HEADER_MAGIC, .cf=LV_COLOR_FORMAT_RGB565, .w=32, .h=36, .stride=64}, .data_size=2304, .data=slot_small_lemon_pixels},
    {.header={.magic=LV_IMAGE_HEADER_MAGIC, .cf=LV_COLOR_FORMAT_RGB565, .w=32, .h=36, .stride=64}, .data_size=2304, .data=slot_small_bar_pixels},
    {.header={.magic=LV_IMAGE_HEADER_MAGIC, .cf=LV_COLOR_FORMAT_RGB565, .w=32, .h=36, .stride=64}, .data_size=2304, .data=slot_small_bell_pixels},
    {.header={.magic=LV_IMAGE_HEADER_MAGIC, .cf=LV_COLOR_FORMAT_RGB565, .w=32, .h=36, .stride=64}, .data_size=2304, .data=slot_small_plum_pixels},
    {.header={.magic=LV_IMAGE_HEADER_MAGIC, .cf=LV_COLOR_FORMAT_RGB565, .w=32, .h=36, .stride=64}, .data_size=2304, .data=slot_small_seven_pixels},
};
